<?xml version="1.0" encoding="UTF-8" ?>
<metadatadoc version="2.0">
	<object type="Entity" id="0B861A88-5C7A-63AB-0D11-2974D0B61415" rep_oid="null" rep_ovid="null" is_checkedout="false" checkedout_by="" visible_in_main_view="true" entitytype="" allow_type_substitution="true" strategy="Single Table" minVolumes="0" expectedVolumes="0" maxVolumes="9999999" growthPercent="0" growthType="Year" normalForm="Third" adequatelyNormalized="NO" use_default_color="false" background_color="-5971457" foreground_color="-16776961">
		<name>Order Item</name>
		<comment></comment>
		<notes></notes>
		<alter type="created">
			<user>meyoung</user>
			<timestamp>2010-02-22 14:05:04</timestamp>
		</alter>
		<alter type="changed">
			<user>meyoung</user>
			<timestamp>2010-02-22 14:11:06</timestamp>
		</alter>
		<properties>
			<parameter name="design.owner" value="demo10-1" />
			<parameter name="object.existsinrepository" value="true" />
			<parameter name="property.comment.rdbms" value="" />
		</properties>
		<parent inherits="false" />
		<engineering>
			<relational_design id="C2B3DE0D-5AD3-2865-6756-AE2ACA65C789" should="true" />
		</engineering>
		<des_obj_version version="1.0" />
		<fonts>
			<font_object>
				<parameter name="fo_type" value="Title" />
				<parameter name="font_color" value="-16776961" />
				<parameter name="font_name" value="Dialog" />
				<parameter name="font_size" value="10" />
				<parameter name="font_style" value="1" />
			</font_object>
			<font_object>
				<parameter name="fo_type" value="Attribute" />
				<parameter name="font_color" value="-16777216" />
				<parameter name="font_name" value="Dialog" />
				<parameter name="font_size" value="10" />
				<parameter name="font_style" value="0" />
			</font_object>
			<font_object>
				<parameter name="fo_type" value="Datatype" />
				<parameter name="font_color" value="-16744448" />
				<parameter name="font_name" value="Dialog" />
				<parameter name="font_size" value="10" />
				<parameter name="font_style" value="0" />
			</font_object>
			<font_object>
				<parameter name="fo_type" value="PK Element" />
				<parameter name="font_color" value="-16776961" />
				<parameter name="font_name" value="Dialog" />
				<parameter name="font_size" value="10" />
				<parameter name="font_style" value="0" />
			</font_object>
			<font_object>
				<parameter name="fo_type" value="FK Element" />
				<parameter name="font_color" value="-16777216" />
				<parameter name="font_name" value="Dialog" />
				<parameter name="font_size" value="10" />
				<parameter name="font_style" value="0" />
			</font_object>
			<font_object>
				<parameter name="fo_type" value="UK Element" />
				<parameter name="font_color" value="-16776961" />
				<parameter name="font_name" value="Dialog" />
				<parameter name="font_size" value="10" />
				<parameter name="font_style" value="0" />
			</font_object>
			<font_object>
				<parameter name="fo_type" value="Not Null" />
				<parameter name="font_color" value="-65536" />
				<parameter name="font_name" value="Dialog" />
				<parameter name="font_size" value="10" />
				<parameter name="font_style" value="0" />
			</font_object>
			<font_object>
				<parameter name="fo_type" value="Key" />
				<parameter name="font_color" value="-16777216" />
				<parameter name="font_name" value="Dialog" />
				<parameter name="font_size" value="10" />
				<parameter name="font_style" value="0" />
			</font_object>
		</fonts>
		<documents />
		<parties />
		<changerequests />
		<measurements />
		<contained>
			<object type="Attribute" id="7EB966EE-3A89-C7EB-8434-48085AE4B8D3" rep_oid="null" rep_ovid="null" is_checkedout="false" checkedout_by="" visible_in_main_view="false" use_default_color="true" background_color="null" foreground_color="null" unique="false" allownull="true" usedomainconstraints="true" is_oid="false" structured_attribute_id="" fk="false">
				<name>Quantity</name>
				<comment></comment>
				<notes></notes>
				<alter type="created">
					<user>meyoung</user>
					<timestamp>2010-02-22 14:05:14</timestamp>
				</alter>
				<alter type="changed">
					<user>meyoung</user>
					<timestamp>2010-02-22 14:08:05</timestamp>
				</alter>
				<properties>
					<parameter name="design.owner" value="demo10-1" />
					<parameter name="object.existsinrepository" value="true" />
					<parameter name="property.comment.rdbms" value="" />
				</properties>
				<engineering>
					<relational_design id="C2B3DE0D-5AD3-2865-6756-AE2ACA65C789" should="true" />
				</engineering>
				<des_obj_version version="1.0" />
				<domain oid="DOM3000004" file="defaultdomains" />
				<datatype dttype="builtin" typename="UNKNOWN" />
				<reference value="false" />
				<logicaltype dttype="unknown" oid="LOGDT017" />
				<use value="domain" />
				<sourcetype sort="" />
				<formula desc="" />
				<subtypeSubstitution value="true" />
				<restricted_substitution value="false" />
				<source value="" />
				<documents />
				<parties />
				<changerequests />
				<measurements />
			</object>
			<object type="Attribute" id="26697202-5AB0-ECD0-8768-A9465CF93220" rep_oid="null" rep_ovid="null" is_checkedout="false" checkedout_by="" visible_in_main_view="false" use_default_color="true" background_color="null" foreground_color="null" unique="false" allownull="false" usedomainconstraints="true" is_oid="false" structured_attribute_id="" fk="true" references="8D2D640B-DA3B-294A-8967-1E1F3289B5A8">
				<name>Order ID</name>
				<comment></comment>
				<notes></notes>
				<alter type="created">
					<user>meyoung</user>
					<timestamp>2010-02-22 14:08:18</timestamp>
				</alter>
				<alter type="changed">
					<user>meyoung</user>
					<timestamp>2010-02-22 14:11:06</timestamp>
				</alter>
				<generator>029B9546-ADDC-F532-CC9C-D03599D00416</generator>
				<properties>
					<parameter name="design.owner" value="demo10-1" />
					<parameter name="object.existsinrepository" value="true" />
					<parameter name="property.comment.rdbms" value="" />
					<parameter name="refers.attribute" value="8D2D640B-DA3B-294A-8967-1E1F3289B5A8" />
				</properties>
				<engineering>
					<relational_design id="C2B3DE0D-5AD3-2865-6756-AE2ACA65C789" should="true" />
				</engineering>
				<des_obj_version version="1.0" />
				<domain oid="DOM3000004" file="defaultdomains" />
				<datatype dttype="builtin" typename="UNKNOWN" />
				<reference value="false" />
				<logicaltype dttype="unknown" oid="LOGDT017" />
				<use value="domain" />
				<sourcetype sort="" />
				<formula desc="" />
				<subtypeSubstitution value="true" />
				<restricted_substitution value="false" />
				<source value="" />
				<documents />
				<parties />
				<changerequests />
				<measurements />
			</object>
			<object type="Attribute" id="63EAA64B-CBFC-194C-8C52-77913DC646DE" rep_oid="null" rep_ovid="null" is_checkedout="false" checkedout_by="" visible_in_main_view="false" use_default_color="true" background_color="null" foreground_color="null" unique="false" allownull="false" usedomainconstraints="true" is_oid="false" structured_attribute_id="" fk="true" references="F5A50FCA-7EE3-DD6E-7445-9A65CA5D09F1">
				<name>Product_ID</name>
				<comment></comment>
				<notes></notes>
				<alter type="created">
					<user>meyoung</user>
					<timestamp>2010-02-22 14:10:40</timestamp>
				</alter>
				<alter type="changed">
					<user>meyoung</user>
					<timestamp>2010-02-22 14:10:40</timestamp>
				</alter>
				<generator>82E3BCF8-3BB8-A6A3-566E-BF73C6505F22</generator>
				<properties>
					<parameter name="design.owner" value="demo10-1" />
					<parameter name="object.existsinrepository" value="true" />
					<parameter name="refers.attribute" value="F5A50FCA-7EE3-DD6E-7445-9A65CA5D09F1" />
				</properties>
				<engineering>
					<relational_design id="C2B3DE0D-5AD3-2865-6756-AE2ACA65C789" should="true" />
				</engineering>
				<des_obj_version version="1.0" />
				<domain oid="DOM3000004" file="defaultdomains" />
				<datatype dttype="builtin" typename="UNKNOWN" />
				<reference value="false" />
				<logicaltype dttype="unknown" oid="LOGDT017" />
				<use value="domain" />
				<sourcetype sort="" />
				<formula desc="" />
				<subtypeSubstitution value="true" />
				<restricted_substitution value="false" />
				<source value="" />
				<documents />
				<parties />
				<changerequests />
				<measurements />
			</object>
		</contained>
		<key>
			<object type="Candidate Key" id="CF51D146-89C1-5AE2-9551-3EA232EAABBF" rep_oid="null" rep_ovid="null" is_checkedout="false" checkedout_by="" visible_in_main_view="false" use_default_color="true" background_color="null" foreground_color="null" pk="true" keystate="Primary Key" synonym="">
				<name>PK_Order Item</name>
				<comment></comment>
				<notes></notes>
				<alter type="created">
					<user>meyoung</user>
					<timestamp>2010-02-22 14:08:47</timestamp>
				</alter>
				<alter type="changed">
					<user>meyoung</user>
					<timestamp>2010-02-22 14:10:40</timestamp>
				</alter>
				<properties>
					<parameter name="design.owner" value="demo10-1" />
					<parameter name="object.existsinrepository" value="true" />
				</properties>
				<engineering>
					<relational_design id="C2B3DE0D-5AD3-2865-6756-AE2ACA65C789" should="true" />
				</engineering>
				<des_obj_version version="1.0" />
				<contains type="Attribute">26697202-5AB0-ECD0-8768-A9465CF93220</contains>
				<contains type="Attribute">63EAA64B-CBFC-194C-8C52-77913DC646DE</contains>
				<documents />
				<parties />
				<changerequests />
				<measurements />
			</object>
		</key>
	</object>
</metadatadoc>