<?xml version="1.0" encoding="UTF-8" ?>
<metadatadoc version="2.0">
	<object type="Relation" id="24433A89-1005-330D-7920-F9F296C91A8C" rep_oid="null" rep_ovid="null" is_checkedout="false" checkedout_by="" visible_in_main_view="true" use_default_color="true" background_color="null" foreground_color="null">
		<name>EMP_JOB_FK</name>
		<comment></comment>
		<notes></notes>
		<alter type="created">
			<user>oracle</user>
			<timestamp>2009-12-18 15:31:11</timestamp>
		</alter>
		<alter type="changed">
			<user>oracle</user>
			<timestamp>2009-12-18 15:31:11</timestamp>
		</alter>
		<generator>10BD333C-B9A9-44A4-481B-F7E2234C81BA</generator>
		<properties>
			<parameter name="design.owner" value="hr_schema" />
			<parameter name="object.existsinrepository" value="true" />
			<parameter name="property.comment.rdbms" value="" />
		</properties>
		<connection endpoint="source" card="1" entity="22236565-866C-05A7-1E30-78E0B221ADD4" allownull="true" />
		<connection endpoint="target" card="*" entity="A7C014D6-E675-410D-EC5C-47914127EC31" allownull="false" />
		<dominant_role>null</dominant_role>
		<identifying>false</identifying>
		<engineering>
			<relational_design id="8EAAFC55-0F0A-AEE1-F0F5-D8C0FCCDCAFF" should="true" />
		</engineering>
		<des_obj_version version="1.0" />
		<documents />
		<parties />
		<changerequests />
		<measurements />
	</object>
</metadatadoc>