<?xml version="1.0" encoding="UTF-8" ?>
<metadatadoc version="2.0">
	<object type="Relation" id="63E051E8-20E0-90D2-DA7D-B76EA0221343" rep_oid="null" rep_ovid="null" is_checkedout="false" checkedout_by="" visible_in_main_view="true" use_default_color="true" background_color="null" foreground_color="null">
		<name>LOC_C_ID_FK</name>
		<comment></comment>
		<notes></notes>
		<alter type="created">
			<user>oracle</user>
			<timestamp>2009-12-18 15:31:11</timestamp>
		</alter>
		<alter type="changed">
			<user>oracle</user>
			<timestamp>2009-12-18 15:31:11</timestamp>
		</alter>
		<generator>910112C4-8177-66BB-C8E0-115E8BCBB3A2</generator>
		<properties>
			<parameter name="design.owner" value="hr_schema" />
			<parameter name="object.existsinrepository" value="true" />
			<parameter name="property.comment.rdbms" value="" />
		</properties>
		<connection endpoint="source" card="1" entity="F81DBBF0-BF8F-CCA6-0DCA-EF3F93E7ABF8" allownull="true" />
		<connection endpoint="target" card="*" entity="C7519E83-906B-AF83-C245-C154947942DA" allownull="true" />
		<dominant_role>null</dominant_role>
		<identifying>false</identifying>
		<engineering>
			<relational_design id="8EAAFC55-0F0A-AEE1-F0F5-D8C0FCCDCAFF" should="true" />
		</engineering>
		<des_obj_version version="1.0" />
		<documents />
		<parties />
		<changerequests />
		<measurements />
	</object>
</metadatadoc>