<?xml version="1.0" encoding="UTF-8" ?>
<metadatadoc version="2.0">
	<object type="Relation" id="9C69C71D-2C03-A3D7-6072-4071A4F3449B" rep_oid="null" rep_ovid="null" is_checkedout="false" checkedout_by="" visible_in_main_view="true" use_default_color="true" background_color="null" foreground_color="null">
		<name>DEPT_LOC_FK</name>
		<comment></comment>
		<notes></notes>
		<alter type="created">
			<user>oracle</user>
			<timestamp>2009-12-18 15:31:11</timestamp>
		</alter>
		<alter type="changed">
			<user>oracle</user>
			<timestamp>2009-12-18 15:31:11</timestamp>
		</alter>
		<generator>940CD603-AE77-DC89-F33B-44CCF3FCC2F2</generator>
		<properties>
			<parameter name="design.owner" value="hr_schema" />
			<parameter name="object.existsinrepository" value="true" />
			<parameter name="property.comment.rdbms" value="" />
		</properties>
		<connection endpoint="source" card="1" entity="C7519E83-906B-AF83-C245-C154947942DA" allownull="true" />
		<connection endpoint="target" card="*" entity="733F0DD8-A4C7-9531-03B0-27ABC743C8F7" allownull="true" />
		<dominant_role>null</dominant_role>
		<identifying>false</identifying>
		<engineering>
			<relational_design id="8EAAFC55-0F0A-AEE1-F0F5-D8C0FCCDCAFF" should="true" />
		</engineering>
		<des_obj_version version="1.0" />
		<documents />
		<parties />
		<changerequests />
		<measurements />
	</object>
</metadatadoc>