<?xml version="1.0" encoding="UTF-8" ?>
<metadatadoc version="2.0">
	<sub_view subview_name="" id="5BCDFD6F-E033-4B10-EBF3-9FD1D3928AE0" generator="null" visible="false" comment="" notes="" sv_type="main_view" rep_oid="null" rep_ovid="null" is_checkedout="false" checkedout_by="">
		<alter type="created">
			<user>oracle</user>
			<timestamp>2009-12-18 15:29:36</timestamp>
		</alter>
		<alter type="changed">
			<user>oracle</user>
			<timestamp>2009-12-18 15:32:36</timestamp>
		</alter>
		<main_display name="" objectid="5BCDFD6F-E033-4B10-EBF3-9FD1D3928AE0" notation="1" show_all_details="true" show_names_only="false" show_elements="false" show_datatype="false" show_keys="false" auto_route="false" box_in_box="true" comment="" notes="">
			<objectid role="represents" type="StructuredType" oid="47E390DE-0671-C4B1-8428-0F45CBEE18F8" viewid="816FA687-DC0F-CB5D-C21A-5095DCDAE8A4" tv_generator_id="null" viewnumber="0">
				<graphical>
					<parameter name="background_color" value="NULL" />
					<parameter name="foreground_color" value="NULL" />
					<parameter name="h" value="39.0" />
					<parameter name="use_default_color" value="true" />
					<parameter name="w" value="108.0" />
					<parameter name="x" value="20.0" />
					<parameter name="y" value="20.0" />
				</graphical>
			</objectid>
			<alter type="created">
				<user>oracle</user>
				<timestamp>2010-01-05 17:11:29</timestamp>
			</alter>
			<alter type="changed">
				<user>oracle</user>
				<timestamp>2010-01-13 14:23:39</timestamp>
			</alter>
		</main_display>
		<subordinate_displays />
	</sub_view>
</metadatadoc>