<?xml version="1.0" encoding="UTF-8" ?>
<metadatadoc version="2.0">
	<object type="Partition" id="4334DA7F-5151-214E-EDD3-307558F44D2F">
		<name>Before 2001</name>
		<comment></comment>
		<notes></notes>
		<alter type="created">
			<user>meyoung</user>
			<timestamp>2010-02-25 14:18:47</timestamp>
		</alter>
		<alter type="changed">
			<user>meyoung</user>
			<timestamp>2010-02-25 14:19:15</timestamp>
		</alter>
		<properties>
			<parameter name="object.property.auto.DataSegmentCompresion" value="NO" />
			<parameter name="object.property.auto.GeneratedInRDBMS" value="false" />
			<parameter name="object.property.auto.HashSubPartitionsTableSpaces" value="" />
			<parameter name="object.property.auto.IOTCompress" value="0" />
			<parameter name="object.property.auto.IOTOverflowSegment" value="NO_OBJECT" />
			<parameter name="object.property.auto.Logging" value="NO" />
			<parameter name="object.property.auto.LongName" value="Before 2001" />
			<parameter name="object.property.auto.MarkedGenerate" value="true" />
			<parameter name="object.property.auto.Name" value="Before 2001" />
			<parameter name="object.property.auto.NameHasQuotes" value="false" />
			<parameter name="object.property.auto.PartitionList" value="B1033C8E-AC5D-C481-CAFF-2EC1C47D0597" />
			<parameter name="object.property.auto.Position" value="1" />
			<parameter name="object.property.auto.RawObject" value="false" />
			<parameter name="object.property.auto.Segment" value="NO_OBJECT" />
			<parameter name="object.property.auto.SubPartitionsQuantity" value="0" />
			<parameter name="object.property.auto.SubPartitionsTableSpaces" value="" />
			<parameter name="object.property.auto.TableSpace" value="NO_OBJECT" />
			<parameter name="object.property.auto.ValueList" value="TO_DATE(&apos;2001-01-01 00:00:00&apos;,&apos;SYYYY-MM-DD HH:MM:SS&apos;)" />
			<parameter name="design.owner" value="demo19-1" />
			<parameter name="object.existsinrepository" value="true" />
		</properties>
	</object>
</metadatadoc>