<?xml version="1.0" encoding="UTF-8" ?>
<metadatadoc version="2.0">
	<object type="Entity" id="58F663BA-81F5-F2B0-BCB5-1FAA287321E7" rep_oid="null" rep_ovid="null" is_checkedout="false" checkedout_by="" visible_in_main_view="true" entitytype="" allow_type_substitution="true" strategy="Single Table" minVolumes="0" expectedVolumes="0" maxVolumes="9999999" growthPercent="0" growthType="Year" normalForm="Third" adequatelyNormalized="NO" use_default_color="true" background_color="null" foreground_color="null">
		<name>COMPANY</name>
		<comment></comment>
		<notes></notes>
		<alter type="created">
			<user>oracle</user>
			<timestamp>2009-11-17 05:38:43</timestamp>
		</alter>
		<alter type="changed">
			<user>oracle</user>
			<timestamp>2010-02-09 15:55:55</timestamp>
		</alter>
		<properties>
			<parameter name="design.owner" value="demo13-1" />
			<parameter name="object.existsinrepository" value="true" />
			<parameter name="property.comment.rdbms" value="" />
		</properties>
		<parent inherits="false" />
		<engineering>
			<relational_design id="068E7F20-8A53-95A4-C88E-8B6DD8CB693C" should="true" />
		</engineering>
		<des_obj_version version="1.0" />
		<fonts>
			<font_object>
				<parameter name="fo_type" value="Title" />
				<parameter name="font_color" value="-16776961" />
				<parameter name="font_name" value="Dialog" />
				<parameter name="font_size" value="10" />
				<parameter name="font_style" value="1" />
			</font_object>
			<font_object>
				<parameter name="fo_type" value="Attribute" />
				<parameter name="font_color" value="-16777216" />
				<parameter name="font_name" value="Dialog" />
				<parameter name="font_size" value="10" />
				<parameter name="font_style" value="0" />
			</font_object>
			<font_object>
				<parameter name="fo_type" value="Datatype" />
				<parameter name="font_color" value="-16744448" />
				<parameter name="font_name" value="Dialog" />
				<parameter name="font_size" value="10" />
				<parameter name="font_style" value="0" />
			</font_object>
			<font_object>
				<parameter name="fo_type" value="PK Element" />
				<parameter name="font_color" value="-16776961" />
				<parameter name="font_name" value="Dialog" />
				<parameter name="font_size" value="10" />
				<parameter name="font_style" value="0" />
			</font_object>
			<font_object>
				<parameter name="fo_type" value="FK Element" />
				<parameter name="font_color" value="-16777216" />
				<parameter name="font_name" value="Dialog" />
				<parameter name="font_size" value="10" />
				<parameter name="font_style" value="0" />
			</font_object>
			<font_object>
				<parameter name="fo_type" value="UK Element" />
				<parameter name="font_color" value="-16776961" />
				<parameter name="font_name" value="Dialog" />
				<parameter name="font_size" value="10" />
				<parameter name="font_style" value="0" />
			</font_object>
			<font_object>
				<parameter name="fo_type" value="Not Null" />
				<parameter name="font_color" value="-65536" />
				<parameter name="font_name" value="Dialog" />
				<parameter name="font_size" value="10" />
				<parameter name="font_style" value="0" />
			</font_object>
			<font_object>
				<parameter name="fo_type" value="Key" />
				<parameter name="font_color" value="-16777216" />
				<parameter name="font_name" value="Dialog" />
				<parameter name="font_size" value="10" />
				<parameter name="font_style" value="0" />
			</font_object>
		</fonts>
		<documents />
		<parties />
		<changerequests />
		<measurements />
		<contained>
			<object type="Attribute" id="C2BBF0B9-1A11-95F0-9F3E-0394C41418AC" rep_oid="null" rep_ovid="null" is_checkedout="false" checkedout_by="" visible_in_main_view="false" use_default_color="true" background_color="null" foreground_color="null" unique="false" allownull="false" usedomainconstraints="true" is_oid="false" structured_attribute_id="" fk="false">
				<name>ID</name>
				<comment></comment>
				<notes></notes>
				<alter type="created">
					<user>meyoung</user>
					<timestamp>2010-02-09 15:55:46</timestamp>
				</alter>
				<alter type="changed">
					<user>meyoung</user>
					<timestamp>2010-02-09 15:55:54</timestamp>
				</alter>
				<properties>
					<parameter name="design.owner" value="demo13-1" />
					<parameter name="object.existsinrepository" value="true" />
					<parameter name="property.comment.rdbms" value="" />
				</properties>
				<engineering>
					<relational_design id="068E7F20-8A53-95A4-C88E-8B6DD8CB693C" should="true" />
				</engineering>
				<des_obj_version version="1.0" />
				<domain oid="DOM3000004" file="defaultdomains" />
				<datatype dttype="builtin" typename="UNKNOWN" />
				<reference value="false" />
				<logicaltype dttype="unknown" oid="LOGDT017" />
				<use value="domain" />
				<sourcetype sort="" />
				<formula desc="" />
				<subtypeSubstitution value="true" />
				<restricted_substitution value="false" />
				<source value="" />
				<documents />
				<parties />
				<changerequests />
				<measurements />
			</object>
			<object type="Attribute" id="EDFD52AC-F37F-5000-0E08-D50A9C14B61F" rep_oid="null" rep_ovid="null" is_checkedout="false" checkedout_by="" visible_in_main_view="false" use_default_color="true" background_color="null" foreground_color="null" unique="false" allownull="false" usedomainconstraints="true" is_oid="false" structured_attribute_id="" fk="false">
				<name>Name</name>
				<comment></comment>
				<notes></notes>
				<alter type="created">
					<user>oracle</user>
					<timestamp>2009-11-17 05:38:49</timestamp>
				</alter>
				<alter type="changed">
					<user>oracle</user>
					<timestamp>2009-11-17 05:38:55</timestamp>
				</alter>
				<properties>
					<parameter name="design.owner" value="demo13-1" />
					<parameter name="object.existsinrepository" value="true" />
					<parameter name="property.comment.rdbms" value="" />
				</properties>
				<engineering>
					<relational_design id="068E7F20-8A53-95A4-C88E-8B6DD8CB693C" should="true" />
				</engineering>
				<des_obj_version version="1.0" />
				<domain oid="DOM3000004" file="defaultdomains" />
				<datatype dttype="builtin" typename="UNKNOWN" />
				<reference value="false" />
				<logicaltype dttype="unknown" oid="LOGDT017" />
				<use value="domain" />
				<sourcetype sort="" />
				<formula desc="" />
				<subtypeSubstitution value="true" />
				<restricted_substitution value="false" />
				<source value="" />
				<documents />
				<parties />
				<changerequests />
				<measurements />
			</object>
			<object type="Attribute" id="C96A153E-CFCD-CA2E-A472-E0858B10E6EC" rep_oid="null" rep_ovid="null" is_checkedout="false" checkedout_by="" visible_in_main_view="false" use_default_color="true" background_color="null" foreground_color="null" unique="false" allownull="false" usedomainconstraints="true" is_oid="false" structured_attribute_id="" fk="false">
				<name>Address</name>
				<comment></comment>
				<notes></notes>
				<alter type="created">
					<user>oracle</user>
					<timestamp>2009-11-17 05:38:55</timestamp>
				</alter>
				<alter type="changed">
					<user>oracle</user>
					<timestamp>2009-11-17 05:39:00</timestamp>
				</alter>
				<properties>
					<parameter name="design.owner" value="demo13-1" />
					<parameter name="object.existsinrepository" value="true" />
					<parameter name="property.comment.rdbms" value="" />
				</properties>
				<engineering>
					<relational_design id="068E7F20-8A53-95A4-C88E-8B6DD8CB693C" should="true" />
				</engineering>
				<des_obj_version version="1.0" />
				<domain oid="DOM3000004" file="defaultdomains" />
				<datatype dttype="builtin" typename="UNKNOWN" />
				<reference value="false" />
				<logicaltype dttype="unknown" oid="LOGDT017" />
				<use value="domain" />
				<sourcetype sort="" />
				<formula desc="" />
				<subtypeSubstitution value="true" />
				<restricted_substitution value="false" />
				<source value="" />
				<documents />
				<parties />
				<changerequests />
				<measurements />
			</object>
			<object type="Attribute" id="19F3D367-671C-1E0F-680E-1919BF44E471" rep_oid="null" rep_ovid="null" is_checkedout="false" checkedout_by="" visible_in_main_view="false" use_default_color="true" background_color="null" foreground_color="null" unique="false" allownull="false" usedomainconstraints="true" is_oid="false" structured_attribute_id="" fk="false">
				<name>Business Type</name>
				<comment></comment>
				<notes></notes>
				<alter type="created">
					<user>oracle</user>
					<timestamp>2009-11-17 05:39:00</timestamp>
				</alter>
				<alter type="changed">
					<user>oracle</user>
					<timestamp>2009-11-17 05:39:18</timestamp>
				</alter>
				<properties>
					<parameter name="design.owner" value="demo13-1" />
					<parameter name="object.existsinrepository" value="true" />
					<parameter name="property.comment.rdbms" value="" />
				</properties>
				<engineering>
					<relational_design id="068E7F20-8A53-95A4-C88E-8B6DD8CB693C" should="true" />
				</engineering>
				<des_obj_version version="1.0" />
				<domain oid="DOM3000004" file="defaultdomains" />
				<datatype dttype="builtin" typename="UNKNOWN" />
				<reference value="false" />
				<logicaltype dttype="unknown" oid="LOGDT017" />
				<use value="domain" />
				<sourcetype sort="" />
				<formula desc="" />
				<subtypeSubstitution value="true" />
				<restricted_substitution value="false" />
				<source value="" />
				<documents />
				<parties />
				<changerequests />
				<measurements />
			</object>
		</contained>
		<key>
			<object type="Candidate Key" id="EE2A4554-C5C9-C754-B0E1-2A00BA7C4BD8" rep_oid="null" rep_ovid="null" is_checkedout="false" checkedout_by="" visible_in_main_view="false" use_default_color="true" background_color="null" foreground_color="null" pk="true" keystate="Primary Key" synonym="">
				<name>COMPANY_PK</name>
				<comment></comment>
				<notes></notes>
				<alter type="created">
					<user>meyoung</user>
					<timestamp>2010-02-09 15:55:49</timestamp>
				</alter>
				<alter type="changed">
					<user>meyoung</user>
					<timestamp>2010-02-09 15:55:54</timestamp>
				</alter>
				<properties>
					<parameter name="design.owner" value="demo13-1" />
					<parameter name="object.existsinrepository" value="true" />
				</properties>
				<engineering>
					<relational_design id="068E7F20-8A53-95A4-C88E-8B6DD8CB693C" should="true" />
				</engineering>
				<des_obj_version version="1.0" />
				<contains type="Attribute">C2BBF0B9-1A11-95F0-9F3E-0394C41418AC</contains>
				<documents />
				<parties />
				<changerequests />
				<measurements />
			</object>
		</key>
	</object>
</metadatadoc>