<?xml version="1.0" encoding="UTF-8" ?>
<metadatadoc version="2.0">
	<object type="DataFile" id="231688FB-72ED-8AFF-0E89-3A85D9FEF53B">
		<name>DataFile1</name>
		<comment></comment>
		<notes></notes>
		<alter type="created">
			<user>meyoung</user>
			<timestamp>2010-02-26 07:53:14</timestamp>
		</alter>
		<alter type="changed">
			<user>meyoung</user>
			<timestamp>2010-02-26 07:55:04</timestamp>
		</alter>
		<properties>
			<parameter name="object.property.auto.Autoextend" value="UNDEFINED" />
			<parameter name="object.property.auto.DataBase" value="NO_OBJECT" />
			<parameter name="object.property.auto.DbForSysAuxFiles" value="NO_OBJECT" />
			<parameter name="object.property.auto.FileName" value="/home/oracle/datafile1" />
			<parameter name="object.property.auto.GeneratedInRDBMS" value="false" />
			<parameter name="object.property.auto.LongName" value="DataFile1" />
			<parameter name="object.property.auto.MarkedGenerate" value="true" />
			<parameter name="object.property.auto.MaxSize" value="UNLIMITED" />
			<parameter name="object.property.auto.MeasureUnit" value="K" />
			<parameter name="object.property.auto.Name" value="DataFile1" />
			<parameter name="object.property.auto.NameHasQuotes" value="false" />
			<parameter name="object.property.auto.NextBlockSize" value="1" />
			<parameter name="object.property.auto.RawObject" value="false" />
			<parameter name="object.property.auto.Reuse" value="YES" />
			<parameter name="object.property.auto.Size" value="0" />
			<parameter name="object.property.auto.TableSpace" value="6A260092-03B2-49F7-0031-288A951FB842" />
			<parameter name="object.property.auto.TemporaryTablespace" value="NO_OBJECT" />
			<parameter name="object.property.auto.UndoTablespace" value="NO_OBJECT" />
			<parameter name="design.owner" value="demo19-1a" />
			<parameter name="object.existsinrepository" value="true" />
		</properties>
	</object>
</metadatadoc>