<?xml version="1.0" encoding="UTF-8" ?>
<metadatadoc version="2.0">
	<sub_view subview_name="Logical" id="8A2E833A-BAB5-234F-DABA-351A52DEB745" generator="null" visible="true" comment="" notes="" sv_type="main_view" rep_oid="null" rep_ovid="null" is_checkedout="false" checkedout_by="">
		<alter type="created">
			<user>oracle</user>
			<timestamp>2009-11-17 05:44:53</timestamp>
		</alter>
		<alter type="changed">
			<user>oracle</user>
			<timestamp>2009-11-17 05:44:53</timestamp>
		</alter>
		<main_display name="Logical" objectid="8A2E833A-BAB5-234F-DABA-351A52DEB745" notation="1" show_all_details="true" show_names_only="false" show_elements="false" show_datatype="false" show_keys="false" auto_route="false" box_in_box="false" comment="" notes="">
			<objectid role="represents" type="Entity" oid="4B57AB9A-C019-E110-08EC-B1221A115AFE" viewid="D91E646E-1E14-E96F-46A0-A7ECAC9F69CD" tv_generator_id="null" viewnumber="0">
				<graphical>
					<parameter name="background_color" value="NULL" />
					<parameter name="foreground_color" value="NULL" />
					<parameter name="h" value="46.0" />
					<parameter name="use_default_color" value="true" />
					<parameter name="w" value="150.0" />
					<parameter name="x" value="561.0" />
					<parameter name="y" value="125.0" />
				</graphical>
			</objectid>
			<objectid role="represents" type="Entity" oid="31674FD1-1DEE-353C-5D29-CD4BB4A7C0AA" viewid="896B9323-6D30-8D97-D3F0-46DF996DE825" tv_generator_id="null" viewnumber="0">
				<graphical>
					<parameter name="background_color" value="NULL" />
					<parameter name="foreground_color" value="NULL" />
					<parameter name="h" value="78.0" />
					<parameter name="use_default_color" value="true" />
					<parameter name="w" value="127.0" />
					<parameter name="x" value="54.0" />
					<parameter name="y" value="233.0" />
				</graphical>
			</objectid>
			<objectid role="represents" type="Entity" oid="D4DC6D1B-5EDB-136B-86AD-75D791CB0321" viewid="224989FF-24BA-79D5-3143-55E577B031BC" tv_generator_id="null" viewnumber="0">
				<graphical>
					<parameter name="background_color" value="NULL" />
					<parameter name="foreground_color" value="NULL" />
					<parameter name="h" value="55.0" />
					<parameter name="use_default_color" value="true" />
					<parameter name="w" value="117.0" />
					<parameter name="x" value="304.0" />
					<parameter name="y" value="406.0" />
				</graphical>
			</objectid>
			<objectid role="represents" type="Entity" oid="58F663BA-81F5-F2B0-BCB5-1FAA287321E7" viewid="F1299696-A303-A555-0DAA-5BDD6C73C910" tv_generator_id="null" viewnumber="0">
				<graphical>
					<parameter name="background_color" value="NULL" />
					<parameter name="foreground_color" value="NULL" />
					<parameter name="h" value="76.0" />
					<parameter name="use_default_color" value="true" />
					<parameter name="w" value="130.0" />
					<parameter name="x" value="561.0" />
					<parameter name="y" value="275.0" />
				</graphical>
			</objectid>
			<objectid role="represents" type="Entity" oid="B6CFD192-9206-8BFC-DAD9-0D718E50D8E1" viewid="9EB3DAE2-B1FA-4E9A-F53F-7CC6C8A29340" tv_generator_id="null" viewnumber="0">
				<graphical>
					<parameter name="background_color" value="NULL" />
					<parameter name="foreground_color" value="NULL" />
					<parameter name="h" value="61.0" />
					<parameter name="use_default_color" value="true" />
					<parameter name="w" value="164.0" />
					<parameter name="x" value="561.0" />
					<parameter name="y" value="190.0" />
				</graphical>
			</objectid>
			<objectid role="represents" type="Entity" oid="48FFBD7F-F3C1-8257-9773-2DE2B96B8BB2" viewid="9B2CBF1C-97E7-D5A2-BEEB-CA254876CC39" tv_generator_id="null" viewnumber="0">
				<graphical>
					<parameter name="background_color" value="NULL" />
					<parameter name="foreground_color" value="NULL" />
					<parameter name="h" value="126.0" />
					<parameter name="use_default_color" value="true" />
					<parameter name="w" value="160.0" />
					<parameter name="x" value="61.0" />
					<parameter name="y" value="375.0" />
				</graphical>
			</objectid>
			<objectid role="represents" type="Entity" oid="FF7CA7C8-92E5-F6C2-8B31-51D3AA62E6C8" viewid="6E225B76-932D-F0EF-9A6B-ADAF86DA294E" tv_generator_id="null" viewnumber="0">
				<graphical>
					<parameter name="background_color" value="NULL" />
					<parameter name="foreground_color" value="NULL" />
					<parameter name="h" value="140.0" />
					<parameter name="use_default_color" value="true" />
					<parameter name="w" value="170.0" />
					<parameter name="x" value="289.0" />
					<parameter name="y" value="201.0" />
				</graphical>
			</objectid>
			<objectid role="represents" type="Relation" oid="8CB59423-F382-C73A-BD0E-8E4147428DE0" source="4B57AB9A-C019-E110-08EC-B1221A115AFE" target="FF7CA7C8-92E5-F6C2-8B31-51D3AA62E6C8" viewid_source="D91E646E-1E14-E96F-46A0-A7ECAC9F69CD" viewid_target="6E225B76-932D-F0EF-9A6B-ADAF86DA294E">
				<points>
					<point x_coordinate="561.0" y_coordinate="150.0" />
					<point x_coordinate="369.0" y_coordinate="151.0" />
					<point x_coordinate="370.0" y_coordinate="201.0" />
				</points>
				<labels>
					<source x_coordinate="491.0" y_coordinate="123.0" width="70.0" height="20.0" use_default_color="true" background_color="null" foreground_color="null">
						<fonts>
							<font_object>
								<parameter name="fo_type" value="Text" />
								<parameter name="font_color" value="-16777216" />
								<parameter name="font_name" value="Dialog" />
								<parameter name="font_size" value="10" />
								<parameter name="font_style" value="0" />
							</font_object>
						</fonts>
					</source>
					<target x_coordinate="303.0" y_coordinate="171.0" width="68.0" height="20.0" use_default_color="true" background_color="null" foreground_color="null">
						<fonts>
							<font_object>
								<parameter name="fo_type" value="Text" />
								<parameter name="font_color" value="-16777216" />
								<parameter name="font_name" value="Dialog" />
								<parameter name="font_size" value="10" />
								<parameter name="font_style" value="0" />
							</font_object>
						</fonts>
					</target>
					<main_label x_coordinate="-1.0" y_coordinate="-1.0" width="-1.0" height="-1.0" />
				</labels>
				<graphical>
					<parameter name="use_default_color" value="true" />
				</graphical>
			</objectid>
			<objectid role="represents" type="Relation" oid="B85E299A-D20B-95C9-0C53-256FC13F09D2" source="B6CFD192-9206-8BFC-DAD9-0D718E50D8E1" target="FF7CA7C8-92E5-F6C2-8B31-51D3AA62E6C8" viewid_source="9EB3DAE2-B1FA-4E9A-F53F-7CC6C8A29340" viewid_target="6E225B76-932D-F0EF-9A6B-ADAF86DA294E">
				<points>
					<point x_coordinate="561.0" y_coordinate="226.0" />
					<point x_coordinate="459.0" y_coordinate="226.0" />
				</points>
				<labels>
					<source x_coordinate="511.0" y_coordinate="238.0" width="46.0" height="20.0" use_default_color="true" background_color="null" foreground_color="null">
						<fonts>
							<font_object>
								<parameter name="fo_type" value="Text" />
								<parameter name="font_color" value="-16777216" />
								<parameter name="font_name" value="Dialog" />
								<parameter name="font_size" value="10" />
								<parameter name="font_style" value="0" />
							</font_object>
						</fonts>
					</source>
					<target x_coordinate="461.0" y_coordinate="198.0" width="26.0" height="20.0" use_default_color="true" background_color="null" foreground_color="null">
						<fonts>
							<font_object>
								<parameter name="fo_type" value="Text" />
								<parameter name="font_color" value="-16777216" />
								<parameter name="font_name" value="Dialog" />
								<parameter name="font_size" value="10" />
								<parameter name="font_style" value="0" />
							</font_object>
						</fonts>
					</target>
					<main_label x_coordinate="-1.0" y_coordinate="-1.0" width="-1.0" height="-1.0" />
				</labels>
				<graphical>
					<parameter name="use_default_color" value="true" />
				</graphical>
			</objectid>
			<objectid role="represents" type="Relation" oid="E0721113-4860-E26E-5348-DC19E4576862" source="58F663BA-81F5-F2B0-BCB5-1FAA287321E7" target="FF7CA7C8-92E5-F6C2-8B31-51D3AA62E6C8" viewid_source="F1299696-A303-A555-0DAA-5BDD6C73C910" viewid_target="6E225B76-932D-F0EF-9A6B-ADAF86DA294E">
				<points>
					<point x_coordinate="561.0" y_coordinate="303.0" />
					<point x_coordinate="459.0" y_coordinate="303.0" />
				</points>
				<labels>
					<source x_coordinate="511.0" y_coordinate="305.0" width="45.0" height="20.0" use_default_color="true" background_color="null" foreground_color="null">
						<fonts>
							<font_object>
								<parameter name="fo_type" value="Text" />
								<parameter name="font_color" value="-16777216" />
								<parameter name="font_name" value="Dialog" />
								<parameter name="font_size" value="10" />
								<parameter name="font_style" value="0" />
							</font_object>
						</fonts>
					</source>
					<target x_coordinate="461.0" y_coordinate="275.0" width="71.0" height="20.0" use_default_color="true" background_color="null" foreground_color="null">
						<fonts>
							<font_object>
								<parameter name="fo_type" value="Text" />
								<parameter name="font_color" value="-16777216" />
								<parameter name="font_name" value="Dialog" />
								<parameter name="font_size" value="10" />
								<parameter name="font_style" value="0" />
							</font_object>
						</fonts>
					</target>
					<main_label x_coordinate="-1.0" y_coordinate="-1.0" width="-1.0" height="-1.0" />
				</labels>
				<graphical>
					<parameter name="use_default_color" value="true" />
				</graphical>
			</objectid>
			<objectid role="represents" type="Relation" oid="A62D49ED-34B1-6220-4FBC-739B217FC47C" source="48FFBD7F-F3C1-8257-9773-2DE2B96B8BB2" target="D4DC6D1B-5EDB-136B-86AD-75D791CB0321" viewid_source="9B2CBF1C-97E7-D5A2-BEEB-CA254876CC39" viewid_target="224989FF-24BA-79D5-3143-55E577B031BC">
				<points>
					<point x_coordinate="221.0" y_coordinate="433.5" />
					<point x_coordinate="304.0" y_coordinate="433.5" />
				</points>
				<labels>
					<source x_coordinate="221.0" y_coordinate="405.0" width="40.0" height="20.0" use_default_color="true" background_color="null" foreground_color="null">
						<fonts>
							<font_object>
								<parameter name="fo_type" value="Text" />
								<parameter name="font_color" value="-16777216" />
								<parameter name="font_name" value="Dialog" />
								<parameter name="font_size" value="10" />
								<parameter name="font_style" value="0" />
							</font_object>
						</fonts>
					</source>
					<target x_coordinate="233.0" y_coordinate="445.0" width="68.0" height="20.0" use_default_color="true" background_color="null" foreground_color="null">
						<fonts>
							<font_object>
								<parameter name="fo_type" value="Text" />
								<parameter name="font_color" value="-16777216" />
								<parameter name="font_name" value="Dialog" />
								<parameter name="font_size" value="10" />
								<parameter name="font_style" value="0" />
							</font_object>
						</fonts>
					</target>
					<main_label x_coordinate="-1.0" y_coordinate="-1.0" width="-1.0" height="-1.0" />
				</labels>
				<graphical>
					<parameter name="use_default_color" value="true" />
				</graphical>
			</objectid>
			<objectid role="represents" type="Relation" oid="EDDC1909-7B53-1744-714E-01BA537BD7DA" source="48FFBD7F-F3C1-8257-9773-2DE2B96B8BB2" target="31674FD1-1DEE-353C-5D29-CD4BB4A7C0AA" viewid_source="9B2CBF1C-97E7-D5A2-BEEB-CA254876CC39" viewid_target="896B9323-6D30-8D97-D3F0-46DF996DE825">
				<points>
					<point x_coordinate="121.0" y_coordinate="375.0" />
					<point x_coordinate="121.0" y_coordinate="311.0" />
				</points>
				<labels>
					<source x_coordinate="136.0" y_coordinate="355.0" width="31.0" height="20.0" use_default_color="true" background_color="null" foreground_color="null">
						<fonts>
							<font_object>
								<parameter name="fo_type" value="Text" />
								<parameter name="font_color" value="-16777216" />
								<parameter name="font_name" value="Dialog" />
								<parameter name="font_size" value="10" />
								<parameter name="font_style" value="0" />
							</font_object>
						</fonts>
					</source>
					<target x_coordinate="36.0" y_coordinate="313.0" width="73.0" height="20.0" use_default_color="true" background_color="null" foreground_color="null">
						<fonts>
							<font_object>
								<parameter name="fo_type" value="Text" />
								<parameter name="font_color" value="-16777216" />
								<parameter name="font_name" value="Dialog" />
								<parameter name="font_size" value="10" />
								<parameter name="font_style" value="0" />
							</font_object>
						</fonts>
					</target>
					<main_label x_coordinate="-1.0" y_coordinate="-1.0" width="-1.0" height="-1.0" />
				</labels>
				<graphical>
					<parameter name="use_default_color" value="true" />
				</graphical>
			</objectid>
			<objectid role="represents" type="Relation" oid="E6E1D5D1-E457-335F-4221-1E9085478855" source="FF7CA7C8-92E5-F6C2-8B31-51D3AA62E6C8" target="31674FD1-1DEE-353C-5D29-CD4BB4A7C0AA" viewid_source="6E225B76-932D-F0EF-9A6B-ADAF86DA294E" viewid_target="896B9323-6D30-8D97-D3F0-46DF996DE825">
				<points>
					<point x_coordinate="289.0" y_coordinate="272.0" />
					<point x_coordinate="181.0" y_coordinate="272.0" />
				</points>
				<labels>
					<source x_coordinate="229.0" y_coordinate="284.0" width="57.0" height="20.0" use_default_color="true" background_color="null" foreground_color="null">
						<fonts>
							<font_object>
								<parameter name="fo_type" value="Text" />
								<parameter name="font_color" value="-16777216" />
								<parameter name="font_name" value="Dialog" />
								<parameter name="font_size" value="10" />
								<parameter name="font_style" value="0" />
							</font_object>
						</fonts>
					</source>
					<target x_coordinate="183.0" y_coordinate="244.0" width="73.0" height="20.0" use_default_color="true" background_color="null" foreground_color="null">
						<fonts>
							<font_object>
								<parameter name="fo_type" value="Text" />
								<parameter name="font_color" value="-16777216" />
								<parameter name="font_name" value="Dialog" />
								<parameter name="font_size" value="10" />
								<parameter name="font_style" value="0" />
							</font_object>
						</fonts>
					</target>
					<main_label x_coordinate="-1.0" y_coordinate="-1.0" width="-1.0" height="-1.0" />
				</labels>
				<graphical>
					<parameter name="use_default_color" value="true" />
				</graphical>
			</objectid>
			<alter type="created">
				<user>meyoung</user>
				<timestamp>2010-02-23 08:44:46</timestamp>
			</alter>
			<alter type="changed">
				<user>meyoung</user>
				<timestamp>2010-02-23 10:28:38</timestamp>
			</alter>
		</main_display>
		<subordinate_displays />
	</sub_view>
</metadatadoc>