<?xml version="1.0" encoding="UTF-8" ?>
<metadatadoc version="2.0">
	<object type="Arc" id="0488B6A7-1FBE-AEEC-D96A-340A5E4CBEE8" rep_oid="null" rep_ovid="null" is_checkedout="false" checkedout_by="" visible_in_main_view="true" entity="65117BA7-C4E2-FEF3-E391-E1C612C9BCF3" use_default_color="true" background_color="null" foreground_color="null">
		<name>Arc_1</name>
		<comment></comment>
		<notes></notes>
		<alter type="created">
			<user>meyoung</user>
			<timestamp>2010-02-25 11:07:11</timestamp>
		</alter>
		<alter type="changed">
			<user>meyoung</user>
			<timestamp>2010-02-25 11:07:11</timestamp>
		</alter>
		<properties>
			<parameter name="design.owner" value="demo15-2" />
			<parameter name="object.existsinrepository" value="true" />
		</properties>
		<relations>
			<parameter name="relation_1" value="19526F58-B186-8CBD-A543-715231797DB9" />
			<parameter name="relation_2" value="B46D9368-B5DD-135D-9925-391271EE6901" />
			<parameter name="relation_3" value="DFBAB855-F723-3C61-656E-4AB47AEF8A3D" />
		</relations>
		<des_obj_version version="1.0" />
		<documents />
		<parties />
		<changerequests />
		<measurements />
		<contained />
	</object>
</metadatadoc>