<?xml version="1.0" encoding="UTF-8" ?>
<metadatadoc version="2.0" stdes_version="2.2">
	<!-- Specific properties for physical objects of type: Structured Types -->

	<object oid="47E390DE-0671-C4B1-8428-0F45CBEE18F8" type="SType" role="contains" marked_generate="true" />
	<!-- Specific properties for physical objects of type: TypeElements -->

	<!-- Specific properties for physical objects of type: Methods -->

	<!-- Specific properties for physical objects of type: Method Parameters -->

	<!-- Specific properties for physical objects of type: Collection Types -->

		<!-- RDBMS objects of type: Databases -->

		<!-- RDBMS objects of type: Tablespaces -->

	<object oid="6A260092-03B2-49F7-0031-288A951FB842" type="TSpace" role="contains" marked_generate="true" />
		<!-- RDBMS objects of type: Temp Tablespaces -->

		<!-- RDBMS objects of type: Undo Tablespaces -->

		<!-- RDBMS objects of type: DataFile -->

		<!-- RDBMS objects of type: RLG -->

		<!-- RDBMS objects of type: Users -->

	<object oid="FF596676-D2E7-C094-7D7F-642433B92555" type="User" role="contains" marked_generate="true" />
		<!-- RDBMS objects of type: QuotaItem -->

	<!-- Specific properties for physical objects of type: Tables -->

	<object oid="2CFA16A9-6179-37AF-1EBE-1EB2E5D0C2A0" type="Table" role="contains" marked_generate="true" />
	<object oid="6EBA2617-B3E0-DF0B-D8CF-EA69A368FA1A" type="Table" role="contains" marked_generate="true" />
		<!-- RDBMS objects of type: External Tables -->

		<!-- RDBMS objects of type: ExternCol -->

		<!-- RDBMS objects of type: ListTemplatePart -->

		<!-- RDBMS objects of type: Clusters -->

		<!-- RDBMS objects of type: CI -->

		<!-- RDBMS objects of type: Segment Templates -->

	<object oid="5FDED5C2-0F93-5826-7042-6105E897D3BF" type="Segment" role="contains" marked_generate="true" />
		<!-- RDBMS objects of type: Rollback Segments -->

		<!-- RDBMS objects of type: Snapshots -->

		<!-- RDBMS objects of type: PL -->

	<object oid="B1033C8E-AC5D-C481-CAFF-2EC1C47D0597" type="PartList" role="contains" marked_generate="true" />
		<!-- RDBMS objects of type: Partition -->

	<object oid="4334DA7F-5151-214E-EDD3-307558F44D2F" type="Partition" role="contains" marked_generate="true" />
		<!-- RDBMS objects of type: LP -->

		<!-- RDBMS objects of type: LS -->

		<!-- RDBMS objects of type: HP -->

		<!-- RDBMS objects of type: LobStorage -->

		<!-- RDBMS objects of type: IHP -->

		<!-- RDBMS objects of type: LobStorage -->

		<!-- RDBMS objects of type: Roles -->

	<!-- Specific properties for physical objects of type: Views -->

	<object oid="B910CF83-F680-0679-08D3-EEDCA44C424E" type="View" role="contains" marked_generate="true" />
		<!-- RDBMS objects of type: Sequences -->

		<!-- RDBMS objects of type: Permissions -->

		<!-- RDBMS objects of type: IGPL -->

		<!-- RDBMS objects of type: IGP -->

		<!-- RDBMS objects of type: CC -->

		<!-- RDBMS objects of type: Synonyms -->

		<!-- RDBMS objects of type: NNC -->

		<!-- RDBMS objects of type: Directories -->

		<!-- RDBMS objects of type: Trg -->

		<!-- RDBMS objects of type: Stored Procedures -->

		<!-- RDBMS objects of type: Level -->

		<!-- RDBMS objects of type: Hierarchy -->

		<!-- RDBMS objects of type: Attr -->

		<!-- RDBMS objects of type: Dimensions -->

		<!-- RDBMS objects of type: BJI -->

		<!-- RDBMS objects of type: Contexts -->

		<!-- RDBMS objects of type: Disk Groups -->

		<!-- RDBMS objects of type: FG -->

		<!-- RDBMS objects of type: ASM -->

		<!-- RDBMS objects of type: LIP -->

</metadatadoc>