<?xml version="1.0" encoding="UTF-8" ?>
<metadatadoc version="2.0">
	<sub_view subview_name="DataTypes" id="56303B2E-55C9-EAED-6DF6-4F78F03A0337" generator="null" visible="true" comment="" notes="" sv_type="main_view" rep_oid="null" rep_ovid="null" is_checkedout="false" checkedout_by="">
		<alter type="created">
			<user>meyoung</user>
			<timestamp>2010-02-09 15:43:10</timestamp>
		</alter>
		<alter type="changed">
			<user>meyoung</user>
			<timestamp>2010-02-09 15:43:16</timestamp>
		</alter>
		<main_display name="DataTypes" objectid="56303B2E-55C9-EAED-6DF6-4F78F03A0337" notation="1" show_all_details="true" show_names_only="false" show_elements="false" show_datatype="false" show_keys="false" auto_route="true" box_in_box="false" comment="" notes="">
			<objectid role="represents" type="StructuredType" oid="47E390DE-0671-C4B1-8428-0F45CBEE18F8" viewid="C73F16D3-1F9F-341B-C485-76B5B0622A72" tv_generator_id="null" viewnumber="0">
				<graphical>
					<parameter name="background_color" value="NULL" />
					<parameter name="foreground_color" value="NULL" />
					<parameter name="h" value="100.0" />
					<parameter name="use_default_color" value="true" />
					<parameter name="w" value="100.0" />
					<parameter name="x" value="20.0" />
					<parameter name="y" value="20.0" />
				</graphical>
			</objectid>
			<objectid role="represents" type="StructuredType" oid="A27BD200-6524-EB19-41A9-BFA2D78AFC6A" viewid="5441FFAF-19C3-C789-731E-372A8C4C5FBC" tv_generator_id="null" viewnumber="0">
				<graphical>
					<parameter name="background_color" value="NULL" />
					<parameter name="foreground_color" value="NULL" />
					<parameter name="h" value="110.0" />
					<parameter name="use_default_color" value="true" />
					<parameter name="w" value="170.0" />
					<parameter name="x" value="312.0" />
					<parameter name="y" value="190.0" />
				</graphical>
			</objectid>
			<alter type="created">
				<user>meyoung</user>
				<timestamp>2010-02-23 08:44:47</timestamp>
			</alter>
			<alter type="changed">
				<user>meyoung</user>
				<timestamp>2010-02-23 10:28:38</timestamp>
			</alter>
		</main_display>
		<subordinate_displays />
	</sub_view>
</metadatadoc>