<?xml version="1.0" encoding="UTF-8" ?>
<metadatadoc version="2.0">
	<object type="Relation" id="029B9546-ADDC-F532-CC9C-D03599D00416" rep_oid="null" rep_ovid="null" is_checkedout="false" checkedout_by="" visible_in_main_view="true" use_default_color="false" background_color="-16777216" foreground_color="null">
		<name>Relation_2</name>
		<comment></comment>
		<notes></notes>
		<alter type="created">
			<user>meyoung</user>
			<timestamp>2010-02-22 14:08:18</timestamp>
		</alter>
		<alter type="changed">
			<user>meyoung</user>
			<timestamp>2010-02-22 14:08:47</timestamp>
		</alter>
		<properties>
			<parameter name="design.owner" value="demo10-1" />
			<parameter name="object.existsinrepository" value="true" />
			<parameter name="object.property.relation.connection.src.name" value="" />
			<parameter name="object.property.relation.connection.tgt.name" value="" />
			<parameter name="property.comment.rdbms" value="" />
		</properties>
		<connection endpoint="source" card="1" entity="859E01B1-EEF7-8FB3-451E-71CED0E6FFF4" allownull="true" />
		<connection endpoint="target" card="*" entity="0B861A88-5C7A-63AB-0D11-2974D0B61415" allownull="false" />
		<dominant_role>null</dominant_role>
		<identifying>true</identifying>
		<engineering>
			<relational_design id="C2B3DE0D-5AD3-2865-6756-AE2ACA65C789" should="true" />
		</engineering>
		<des_obj_version version="1.0" />
		<documents />
		<parties />
		<changerequests />
		<measurements />
	</object>
</metadatadoc>