<?xml version="1.0" encoding="UTF-8" ?>
<metadatadoc version="2.0">
	<object type="Relation" id="20BBE38A-32D9-AF78-6F6C-960AF5C58B07" rep_oid="null" rep_ovid="null" is_checkedout="false" checkedout_by="" visible_in_main_view="true" use_default_color="false" background_color="-16777216" foreground_color="null">
		<name>Relation_1</name>
		<comment></comment>
		<notes></notes>
		<alter type="created">
			<user>meyoung</user>
			<timestamp>2010-02-22 14:03:25</timestamp>
		</alter>
		<alter type="changed">
			<user>meyoung</user>
			<timestamp>2010-02-22 14:03:49</timestamp>
		</alter>
		<properties>
			<parameter name="design.owner" value="demo10-1" />
			<parameter name="object.existsinrepository" value="true" />
			<parameter name="object.property.relation.connection.src.name" value="place" />
			<parameter name="object.property.relation.connection.tgt.name" value="be placed by" />
			<parameter name="property.comment.rdbms" value="" />
		</properties>
		<connection endpoint="source" card="1" entity="6872B822-EC3C-B415-5B5E-65FCB372DDE5" allownull="true" />
		<connection endpoint="target" card="*" entity="859E01B1-EEF7-8FB3-451E-71CED0E6FFF4" allownull="true" />
		<dominant_role>null</dominant_role>
		<identifying>false</identifying>
		<engineering>
			<relational_design id="C2B3DE0D-5AD3-2865-6756-AE2ACA65C789" should="true" />
		</engineering>
		<des_obj_version version="1.0" />
		<documents />
		<parties />
		<changerequests />
		<measurements />
	</object>
</metadatadoc>