<?xml version="1.0" encoding="UTF-8" ?>
<metadatadoc version="2.0">
	<object type="Table" id="10A86985-48EC-C6B3-8CD5-71A664C51682" rep_oid="null" rep_ovid="null" is_checkedout="false" checkedout_by="" visible_in_main_view="true" entitytype="" splittedTableID="" allow_type_substitution="true" minVolumes="0" expectedVolumes="0" maxVolumes="9999999" growthPercent="0" growthType="Year" normalForm="Third" adequatelyNormalized="NO" abbreviation="" oid_is_pk="false" use_default_color="true" background_color="null" foreground_color="null">
		<name>COUNTRIES</name>
		<comment></comment>
		<notes></notes>
		<alter type="created">
			<user>oracle</user>
			<timestamp>2009-12-18 15:30:38</timestamp>
		</alter>
		<alter type="changed">
			<user>oracle</user>
			<timestamp>2009-12-18 15:30:39</timestamp>
		</alter>
		<properties>
			<parameter name="design.owner" value="hr_schema" />
			<parameter name="object.existsinrepository" value="true" />
			<parameter name="property.comment.rdbms" value="country table. Contains 25 rows. References with locations table." />
			<parameter name="schema" value="HR" />
		</properties>
		<include_in_ddl value="false" />
		<beforeDrop value="" />
		<beforeCreate value="" />
		<beforeAlter value="" />
		<afterCreate value="" />
		<afterAlter value="" />
		<endOfScript value="" />
		<spatial_table value="false" />
		<oid_pk_columns />
		<engineering should="true" />
		<des_obj_version version="1.0" />
		<fonts>
			<font_object>
				<parameter name="fo_type" value="Title" />
				<parameter name="font_color" value="-16776961" />
				<parameter name="font_name" value="Dialog" />
				<parameter name="font_size" value="10" />
				<parameter name="font_style" value="1" />
			</font_object>
			<font_object>
				<parameter name="fo_type" value="Column" />
				<parameter name="font_color" value="-16777216" />
				<parameter name="font_name" value="Dialog" />
				<parameter name="font_size" value="10" />
				<parameter name="font_style" value="0" />
			</font_object>
			<font_object>
				<parameter name="fo_type" value="Datatype" />
				<parameter name="font_color" value="-16744448" />
				<parameter name="font_name" value="Dialog" />
				<parameter name="font_size" value="10" />
				<parameter name="font_style" value="0" />
			</font_object>
			<font_object>
				<parameter name="fo_type" value="PK Element" />
				<parameter name="font_color" value="-16776961" />
				<parameter name="font_name" value="Dialog" />
				<parameter name="font_size" value="10" />
				<parameter name="font_style" value="0" />
			</font_object>
			<font_object>
				<parameter name="fo_type" value="FK Element" />
				<parameter name="font_color" value="-16777216" />
				<parameter name="font_name" value="Dialog" />
				<parameter name="font_size" value="10" />
				<parameter name="font_style" value="0" />
			</font_object>
			<font_object>
				<parameter name="fo_type" value="UK Element" />
				<parameter name="font_color" value="-16776961" />
				<parameter name="font_name" value="Dialog" />
				<parameter name="font_size" value="10" />
				<parameter name="font_style" value="0" />
			</font_object>
			<font_object>
				<parameter name="fo_type" value="Not Null" />
				<parameter name="font_color" value="-65536" />
				<parameter name="font_name" value="Dialog" />
				<parameter name="font_size" value="10" />
				<parameter name="font_style" value="0" />
			</font_object>
			<font_object>
				<parameter name="fo_type" value="Key" />
				<parameter name="font_color" value="-16777216" />
				<parameter name="font_name" value="Dialog" />
				<parameter name="font_size" value="10" />
				<parameter name="font_style" value="0" />
			</font_object>
		</fonts>
		<documents />
		<parties />
		<changerequests />
		<measurements />
		<contained>
			<object type="Column" id="015CB459-C878-2004-C3BE-34EDFE0504A4" rep_oid="null" rep_ovid="null" is_checkedout="false" checkedout_by="" visible_in_main_view="false" use_default_color="true" background_color="null" foreground_color="null" unique="false" allownull="false" usedomainconstraints="true" is_oid="false" structured_attribute_id="" fk="false">
				<name>COUNTRY_ID</name>
				<comment></comment>
				<notes></notes>
				<alter type="created">
					<user>oracle</user>
					<timestamp>2009-12-18 15:30:38</timestamp>
				</alter>
				<alter type="changed">
					<user>oracle</user>
					<timestamp>2009-12-18 15:30:38</timestamp>
				</alter>
				<properties>
					<parameter name="design.owner" value="hr_schema" />
					<parameter name="object.existsinrepository" value="true" />
					<parameter name="property.comment.rdbms" value="Primary key of countries table." />
				</properties>
				<engineering should="true" />
				<des_obj_version version="1.0" />
				<domain oid="DOM3000004" file="defaultdomains" />
				<datatype dttype="fixed" size="2 BYTE" typename="CHAR" />
				<abbreviation />
				<reference value="false" />
				<logicaltype dttype="CHAR" oid="LOGDT025" />
				<use value="logical type" />
				<sourcetype sort="" />
				<computed value="false" />
				<formula desc="" />
				<subtypeSubstitution value="true" />
				<restricted_substitution value="false" />
				<security />
				<ui_defaults readOnly="false" displayedOnReports="true" displayedOnForms="true" displayAs="Text" />
				<eng_attribute_id eng_id="8E88E743-023B-A7F3-A343-5BF88106603F" />
				<documents />
				<parties />
				<changerequests />
				<measurements />
			</object>
			<object type="Column" id="D7083DBB-12E8-F9F9-067E-B080C2D67B56" rep_oid="null" rep_ovid="null" is_checkedout="false" checkedout_by="" visible_in_main_view="false" use_default_color="true" background_color="null" foreground_color="null" unique="false" allownull="true" usedomainconstraints="true" is_oid="false" structured_attribute_id="" fk="false">
				<name>COUNTRY_NAME</name>
				<comment></comment>
				<notes></notes>
				<alter type="created">
					<user>oracle</user>
					<timestamp>2009-12-18 15:30:38</timestamp>
				</alter>
				<alter type="changed">
					<user>oracle</user>
					<timestamp>2009-12-18 15:30:38</timestamp>
				</alter>
				<properties>
					<parameter name="design.owner" value="hr_schema" />
					<parameter name="object.existsinrepository" value="true" />
					<parameter name="property.comment.rdbms" value="Country name" />
				</properties>
				<engineering should="true" />
				<des_obj_version version="1.0" />
				<domain oid="DOM3000004" file="defaultdomains" />
				<datatype dttype="var" size="40 BYTE" typename="VARCHAR2" />
				<abbreviation />
				<reference value="false" />
				<logicaltype dttype="VARCHAR" oid="LOGDT024" />
				<use value="logical type" />
				<sourcetype sort="" />
				<computed value="false" />
				<formula desc="" />
				<subtypeSubstitution value="true" />
				<restricted_substitution value="false" />
				<security />
				<ui_defaults readOnly="false" displayedOnReports="true" displayedOnForms="true" displayAs="Text" />
				<eng_attribute_id eng_id="B9686F54-28BB-9E7B-EE34-AC973BF62B1B" />
				<documents />
				<parties />
				<changerequests />
				<measurements />
			</object>
			<object type="Column" id="F1D7DAFC-BDA5-1E88-1CA7-FDCE429FD92C" rep_oid="null" rep_ovid="null" is_checkedout="false" checkedout_by="" visible_in_main_view="false" use_default_color="true" background_color="null" foreground_color="null" unique="false" allownull="true" usedomainconstraints="true" is_oid="false" structured_attribute_id="" fk="true" beforeDrop="">
				<name>REGION_ID</name>
				<comment></comment>
				<notes></notes>
				<alter type="created">
					<user>oracle</user>
					<timestamp>2009-12-18 15:30:38</timestamp>
				</alter>
				<alter type="changed">
					<user>oracle</user>
					<timestamp>2009-12-18 15:30:38</timestamp>
				</alter>
				<properties>
					<parameter name="design.owner" value="hr_schema" />
					<parameter name="object.existsinrepository" value="true" />
					<parameter name="property.comment.rdbms" value="Region ID for the country. Foreign key to region_id column in the departments table." />
					<parameter name="refers.attribute" value="" />
				</properties>
				<engineering should="true" />
				<des_obj_version version="1.0" />
				<domain oid="DOM3000004" file="defaultdomains" />
				<datatype dttype="packed" precision="" scale="" typename="NUMBER" />
				<abbreviation />
				<reference value="false" />
				<logicaltype dttype="NUMERIC" oid="LOGDT019" />
				<use value="logical type" />
				<sourcetype sort="" />
				<computed value="false" />
				<formula desc="" />
				<subtypeSubstitution value="true" />
				<restricted_substitution value="false" />
				<security />
				<ui_defaults readOnly="false" displayedOnReports="true" displayedOnForms="true" displayAs="Text" />
				<eng_attribute_id eng_id="FA7654AE-C90E-0089-802B-9281B9E94C2D" />
				<is_previous_column value="true" />
				<associations>
					<associated tableid="D24F118A-8855-2B78-566D-208398EDD37D" indexid="A41463F1-0BA4-A06E-DECE-A6CFA91C371C" references="6E23BBFE-A37F-3483-1B8C-080CC0AA68AB" fkassid="7800CE7E-104D-0494-6732-2119D4932CAB" />
				</associations>
				<documents />
				<parties />
				<changerequests />
				<measurements />
			</object>
		</contained>
		<key>
			<object type="Index" id="6B2D0E8C-C3D3-740D-9220-5B43390A1500" rep_oid="null" rep_ovid="null" is_checkedout="false" checkedout_by="" visible_in_main_view="false" use_default_color="true" background_color="null" foreground_color="null" pk="true" indexstate="Primary Constraint">
				<name>COUNTRY_C_ID_PK</name>
				<comment></comment>
				<notes></notes>
				<alter type="created">
					<user>oracle</user>
					<timestamp>2009-12-18 15:30:38</timestamp>
				</alter>
				<alter type="changed">
					<user>oracle</user>
					<timestamp>2009-12-18 15:30:38</timestamp>
				</alter>
				<properties>
					<parameter name="design.owner" value="hr_schema" />
					<parameter name="object.existsinrepository" value="true" />
				</properties>
				<engineering should="true" />
				<des_obj_version version="1.0" />
				<functional></functional>
				<contains type="Column" sortorder="ASC">015CB459-C878-2004-C3BE-34EDFE0504A4</contains>
				<documents />
				<parties />
				<changerequests />
				<measurements />
			</object>
			<object type="Index" id="5294AC31-53EF-FBA1-32E2-6EB0B70D7C03" rep_oid="null" rep_ovid="null" is_checkedout="false" checkedout_by="" visible_in_main_view="false" use_default_color="true" background_color="null" foreground_color="null" pk="false" indexstate="Plain Index">
				<name>COUNTR_REG_FK</name>
				<comment></comment>
				<notes></notes>
				<alter type="created">
					<user>oracle</user>
					<timestamp>2009-12-18 15:30:39</timestamp>
				</alter>
				<alter type="changed">
					<user>oracle</user>
					<timestamp>2009-12-18 15:30:39</timestamp>
				</alter>
				<properties>
					<parameter name="design.owner" value="hr_schema" />
					<parameter name="object.existsinrepository" value="true" />
				</properties>
				<engineering should="true" />
				<des_obj_version version="1.0" />
				<functional></functional>
				<contains type="Column">F1D7DAFC-BDA5-1E88-1CA7-FDCE429FD92C</contains>
				<documents />
				<parties />
				<changerequests />
				<measurements />
			</object>
		</key>
	</object>
</metadatadoc>