<?xml version="1.0" encoding="UTF-8" ?>
<metadatadoc version="2.0">
	<object type="Table" id="2168CBE7-8512-43AF-48C7-517B0CF601DA" rep_oid="null" rep_ovid="null" is_checkedout="false" checkedout_by="" visible_in_main_view="true" entitytype="" splittedTableID="" allow_type_substitution="true" minVolumes="0" expectedVolumes="0" maxVolumes="9999999" growthPercent="0" growthType="Year" normalForm="Third" adequatelyNormalized="NO" abbreviation="" oid_is_pk="false" use_default_color="true" background_color="null" foreground_color="null">
		<name>DEPARTMENTS</name>
		<comment></comment>
		<notes></notes>
		<alter type="created">
			<user>oracle</user>
			<timestamp>2009-12-18 15:30:38</timestamp>
		</alter>
		<alter type="changed">
			<user>oracle</user>
			<timestamp>2009-12-18 15:30:39</timestamp>
		</alter>
		<properties>
			<parameter name="design.owner" value="hr_schema" />
			<parameter name="object.existsinrepository" value="true" />
			<parameter name="property.comment.rdbms" value="Departments table that shows details of departments where employees&lt;br&gt;work. Contains 27 rows; references with locations, employees, and job_history tables." />
			<parameter name="schema" value="HR" />
		</properties>
		<include_in_ddl value="false" />
		<beforeDrop value="" />
		<beforeCreate value="" />
		<beforeAlter value="" />
		<afterCreate value="" />
		<afterAlter value="" />
		<endOfScript value="" />
		<spatial_table value="false" />
		<oid_pk_columns />
		<engineering should="true" />
		<des_obj_version version="1.0" />
		<fonts>
			<font_object>
				<parameter name="fo_type" value="Title" />
				<parameter name="font_color" value="-16776961" />
				<parameter name="font_name" value="Dialog" />
				<parameter name="font_size" value="10" />
				<parameter name="font_style" value="1" />
			</font_object>
			<font_object>
				<parameter name="fo_type" value="Column" />
				<parameter name="font_color" value="-16777216" />
				<parameter name="font_name" value="Dialog" />
				<parameter name="font_size" value="10" />
				<parameter name="font_style" value="0" />
			</font_object>
			<font_object>
				<parameter name="fo_type" value="Datatype" />
				<parameter name="font_color" value="-16744448" />
				<parameter name="font_name" value="Dialog" />
				<parameter name="font_size" value="10" />
				<parameter name="font_style" value="0" />
			</font_object>
			<font_object>
				<parameter name="fo_type" value="PK Element" />
				<parameter name="font_color" value="-16776961" />
				<parameter name="font_name" value="Dialog" />
				<parameter name="font_size" value="10" />
				<parameter name="font_style" value="0" />
			</font_object>
			<font_object>
				<parameter name="fo_type" value="FK Element" />
				<parameter name="font_color" value="-16777216" />
				<parameter name="font_name" value="Dialog" />
				<parameter name="font_size" value="10" />
				<parameter name="font_style" value="0" />
			</font_object>
			<font_object>
				<parameter name="fo_type" value="UK Element" />
				<parameter name="font_color" value="-16776961" />
				<parameter name="font_name" value="Dialog" />
				<parameter name="font_size" value="10" />
				<parameter name="font_style" value="0" />
			</font_object>
			<font_object>
				<parameter name="fo_type" value="Not Null" />
				<parameter name="font_color" value="-65536" />
				<parameter name="font_name" value="Dialog" />
				<parameter name="font_size" value="10" />
				<parameter name="font_style" value="0" />
			</font_object>
			<font_object>
				<parameter name="fo_type" value="Key" />
				<parameter name="font_color" value="-16777216" />
				<parameter name="font_name" value="Dialog" />
				<parameter name="font_size" value="10" />
				<parameter name="font_style" value="0" />
			</font_object>
		</fonts>
		<documents />
		<parties />
		<changerequests />
		<measurements />
		<contained>
			<object type="Column" id="DF28A083-70FD-FDD7-AC56-B04337F67123" rep_oid="null" rep_ovid="null" is_checkedout="false" checkedout_by="" visible_in_main_view="false" use_default_color="true" background_color="null" foreground_color="null" unique="false" allownull="false" usedomainconstraints="true" is_oid="false" structured_attribute_id="" fk="false">
				<name>DEPARTMENT_ID</name>
				<comment></comment>
				<notes></notes>
				<alter type="created">
					<user>oracle</user>
					<timestamp>2009-12-18 15:30:38</timestamp>
				</alter>
				<alter type="changed">
					<user>oracle</user>
					<timestamp>2009-12-18 15:30:38</timestamp>
				</alter>
				<properties>
					<parameter name="design.owner" value="hr_schema" />
					<parameter name="object.existsinrepository" value="true" />
					<parameter name="property.comment.rdbms" value="Primary key column of departments table." />
				</properties>
				<engineering should="true" />
				<des_obj_version version="1.0" />
				<domain oid="DOM3000004" file="defaultdomains" />
				<datatype dttype="packed" precision="4" scale="" typename="NUMBER" />
				<abbreviation />
				<reference value="false" />
				<logicaltype dttype="NUMERIC" oid="LOGDT019" />
				<use value="logical type" />
				<sourcetype sort="" />
				<computed value="false" />
				<formula desc="" />
				<subtypeSubstitution value="true" />
				<restricted_substitution value="false" />
				<security />
				<ui_defaults readOnly="false" displayedOnReports="true" displayedOnForms="true" displayAs="Text" />
				<eng_attribute_id eng_id="E4FA6484-8EF5-0609-D7FE-B498DEB45361" />
				<documents />
				<parties />
				<changerequests />
				<measurements />
			</object>
			<object type="Column" id="453BE916-7F76-A511-6701-F5915743AFE2" rep_oid="null" rep_ovid="null" is_checkedout="false" checkedout_by="" visible_in_main_view="false" use_default_color="true" background_color="null" foreground_color="null" unique="false" allownull="false" usedomainconstraints="true" is_oid="false" structured_attribute_id="" fk="false">
				<name>DEPARTMENT_NAME</name>
				<comment></comment>
				<notes></notes>
				<alter type="created">
					<user>oracle</user>
					<timestamp>2009-12-18 15:30:38</timestamp>
				</alter>
				<alter type="changed">
					<user>oracle</user>
					<timestamp>2009-12-18 15:30:38</timestamp>
				</alter>
				<properties>
					<parameter name="design.owner" value="hr_schema" />
					<parameter name="object.existsinrepository" value="true" />
					<parameter name="property.comment.rdbms" value="A not null column that shows name of a department. Administration,&lt;br&gt;Marketing, Purchasing, Human Resources, Shipping, IT, Executive, Public&lt;br&gt;Relations, Sales, Finance, and Accounting. " />
				</properties>
				<engineering should="true" />
				<des_obj_version version="1.0" />
				<domain oid="DOM3000004" file="defaultdomains" />
				<datatype dttype="var" size="30 BYTE" typename="VARCHAR2" />
				<abbreviation />
				<reference value="false" />
				<logicaltype dttype="VARCHAR" oid="LOGDT024" />
				<use value="logical type" />
				<sourcetype sort="" />
				<computed value="false" />
				<formula desc="" />
				<subtypeSubstitution value="true" />
				<restricted_substitution value="false" />
				<security />
				<ui_defaults readOnly="false" displayedOnReports="true" displayedOnForms="true" displayAs="Text" />
				<eng_attribute_id eng_id="0BCEDB35-960A-9EDA-8EAE-499997F64AC9" />
				<documents />
				<parties />
				<changerequests />
				<measurements />
			</object>
			<object type="Column" id="35B7AE12-E62D-2ACD-657E-2AAD9221A0D8" rep_oid="null" rep_ovid="null" is_checkedout="false" checkedout_by="" visible_in_main_view="false" use_default_color="true" background_color="null" foreground_color="null" unique="false" allownull="true" usedomainconstraints="true" is_oid="false" structured_attribute_id="" fk="true" beforeDrop="">
				<name>MANAGER_ID</name>
				<comment></comment>
				<notes></notes>
				<alter type="created">
					<user>oracle</user>
					<timestamp>2009-12-18 15:30:38</timestamp>
				</alter>
				<alter type="changed">
					<user>oracle</user>
					<timestamp>2009-12-18 15:30:38</timestamp>
				</alter>
				<properties>
					<parameter name="design.owner" value="hr_schema" />
					<parameter name="object.existsinrepository" value="true" />
					<parameter name="property.comment.rdbms" value="Manager_id of a department. Foreign key to employee_id column of employees table. The manager_id column of the employee table references this column." />
					<parameter name="refers.attribute" value="" />
				</properties>
				<engineering should="true" />
				<des_obj_version version="1.0" />
				<domain oid="DOM3000004" file="defaultdomains" />
				<datatype dttype="packed" precision="6" scale="" typename="NUMBER" />
				<abbreviation />
				<reference value="false" />
				<logicaltype dttype="NUMERIC" oid="LOGDT019" />
				<use value="logical type" />
				<sourcetype sort="" />
				<computed value="false" />
				<formula desc="" />
				<subtypeSubstitution value="true" />
				<restricted_substitution value="false" />
				<security />
				<ui_defaults readOnly="false" displayedOnReports="true" displayedOnForms="true" displayAs="Text" />
				<eng_attribute_id eng_id="9976CF5C-83C8-FD87-130F-0A5A2F8994C5" />
				<is_previous_column value="true" />
				<associations>
					<associated tableid="DC6A08B0-832F-B2FC-69CA-0F7B4160D912" indexid="A8096854-4BF3-53AC-BF1B-9C53C6C5F9BC" references="51D57A81-11E6-3D7A-C6BD-23F9B2FCC0BD" fkassid="47F54D76-1DCC-F612-E810-E55D4879E47B" />
				</associations>
				<documents />
				<parties />
				<changerequests />
				<measurements />
			</object>
			<object type="Column" id="2886CA64-6E41-9CEC-0CED-B1FA02A53474" rep_oid="null" rep_ovid="null" is_checkedout="false" checkedout_by="" visible_in_main_view="false" use_default_color="true" background_color="null" foreground_color="null" unique="false" allownull="true" usedomainconstraints="true" is_oid="false" structured_attribute_id="" fk="true" beforeDrop="">
				<name>LOCATION_ID</name>
				<comment></comment>
				<notes></notes>
				<alter type="created">
					<user>oracle</user>
					<timestamp>2009-12-18 15:30:38</timestamp>
				</alter>
				<alter type="changed">
					<user>oracle</user>
					<timestamp>2009-12-18 15:30:38</timestamp>
				</alter>
				<properties>
					<parameter name="design.owner" value="hr_schema" />
					<parameter name="object.existsinrepository" value="true" />
					<parameter name="property.comment.rdbms" value="Location id where a department is located. Foreign key to location_id column of locations table." />
					<parameter name="refers.attribute" value="" />
				</properties>
				<engineering should="true" />
				<des_obj_version version="1.0" />
				<domain oid="DOM3000004" file="defaultdomains" />
				<datatype dttype="packed" precision="4" scale="" typename="NUMBER" />
				<abbreviation />
				<reference value="false" />
				<logicaltype dttype="NUMERIC" oid="LOGDT019" />
				<use value="logical type" />
				<sourcetype sort="" />
				<computed value="false" />
				<formula desc="" />
				<subtypeSubstitution value="true" />
				<restricted_substitution value="false" />
				<security />
				<ui_defaults readOnly="false" displayedOnReports="true" displayedOnForms="true" displayAs="Text" />
				<eng_attribute_id eng_id="0624B882-312D-6552-5605-268427845134" />
				<is_previous_column value="true" />
				<associations>
					<associated tableid="F59CED9A-4D43-AE7B-1C14-3B7E3B448C59" indexid="83E3CA90-5BDF-B278-0368-31D060941A48" references="3286A712-0761-E343-8E98-D19C909F6AC8" fkassid="940CD603-AE77-DC89-F33B-44CCF3FCC2F2" />
				</associations>
				<documents />
				<parties />
				<changerequests />
				<measurements />
			</object>
		</contained>
		<key>
			<object type="Index" id="943B23A4-CA22-86F8-106B-3A0394BA0076" rep_oid="null" rep_ovid="null" is_checkedout="false" checkedout_by="" visible_in_main_view="false" use_default_color="true" background_color="null" foreground_color="null" pk="true" indexstate="Primary Constraint">
				<name>DEPT_ID_PK</name>
				<comment></comment>
				<notes></notes>
				<alter type="created">
					<user>oracle</user>
					<timestamp>2009-12-18 15:30:38</timestamp>
				</alter>
				<alter type="changed">
					<user>oracle</user>
					<timestamp>2009-12-18 15:30:38</timestamp>
				</alter>
				<properties>
					<parameter name="design.owner" value="hr_schema" />
					<parameter name="object.existsinrepository" value="true" />
				</properties>
				<engineering should="true" />
				<des_obj_version version="1.0" />
				<functional></functional>
				<contains type="Column" sortorder="ASC">DF28A083-70FD-FDD7-AC56-B04337F67123</contains>
				<documents />
				<parties />
				<changerequests />
				<measurements />
			</object>
			<object type="Index" id="6CA7A0B0-E5FA-6324-7B59-FBC3CA285A01" rep_oid="null" rep_ovid="null" is_checkedout="false" checkedout_by="" visible_in_main_view="false" use_default_color="true" background_color="null" foreground_color="null" pk="false" indexstate="Plain Index">
				<name>DEPT_LOCATION_IX</name>
				<comment></comment>
				<notes></notes>
				<alter type="created">
					<user>oracle</user>
					<timestamp>2009-12-18 15:30:38</timestamp>
				</alter>
				<alter type="changed">
					<user>oracle</user>
					<timestamp>2009-12-18 15:30:38</timestamp>
				</alter>
				<properties>
					<parameter name="design.owner" value="hr_schema" />
					<parameter name="object.existsinrepository" value="true" />
				</properties>
				<engineering should="true" />
				<des_obj_version version="1.0" />
				<functional></functional>
				<contains type="Column" sortorder="ASC">2886CA64-6E41-9CEC-0CED-B1FA02A53474</contains>
				<documents />
				<parties />
				<changerequests />
				<measurements />
			</object>
			<object type="Index" id="2D54AC08-F2AF-0402-E766-010460B96295" rep_oid="null" rep_ovid="null" is_checkedout="false" checkedout_by="" visible_in_main_view="false" use_default_color="true" background_color="null" foreground_color="null" pk="false" indexstate="Plain Index">
				<name>DEPT_MGR_FK</name>
				<comment></comment>
				<notes></notes>
				<alter type="created">
					<user>oracle</user>
					<timestamp>2009-12-18 15:30:39</timestamp>
				</alter>
				<alter type="changed">
					<user>oracle</user>
					<timestamp>2009-12-18 15:30:39</timestamp>
				</alter>
				<properties>
					<parameter name="design.owner" value="hr_schema" />
					<parameter name="object.existsinrepository" value="true" />
				</properties>
				<engineering should="true" />
				<des_obj_version version="1.0" />
				<functional></functional>
				<contains type="Column">35B7AE12-E62D-2ACD-657E-2AAD9221A0D8</contains>
				<documents />
				<parties />
				<changerequests />
				<measurements />
			</object>
			<object type="Index" id="509E07CC-69FA-99FA-7608-65CC8514023F" rep_oid="null" rep_ovid="null" is_checkedout="false" checkedout_by="" visible_in_main_view="false" use_default_color="true" background_color="null" foreground_color="null" pk="false" indexstate="Plain Index">
				<name>DEPT_LOC_FK</name>
				<comment></comment>
				<notes></notes>
				<alter type="created">
					<user>oracle</user>
					<timestamp>2009-12-18 15:30:39</timestamp>
				</alter>
				<alter type="changed">
					<user>oracle</user>
					<timestamp>2009-12-18 15:30:39</timestamp>
				</alter>
				<properties>
					<parameter name="design.owner" value="hr_schema" />
					<parameter name="object.existsinrepository" value="true" />
				</properties>
				<engineering should="true" />
				<des_obj_version version="1.0" />
				<functional></functional>
				<contains type="Column">2886CA64-6E41-9CEC-0CED-B1FA02A53474</contains>
				<documents />
				<parties />
				<changerequests />
				<measurements />
			</object>
		</key>
	</object>
</metadatadoc>