<?xml version="1.0" encoding="UTF-8" ?>
<metadatadoc version="2.0">
	<object type="TSpace" id="6A260092-03B2-49F7-0031-288A951FB842">
		<name>DM_TBLSPC</name>
		<comment></comment>
		<notes></notes>
		<alter type="created">
			<user>meyoung</user>
			<timestamp>2010-02-25 14:16:42</timestamp>
		</alter>
		<alter type="changed">
			<user>meyoung</user>
			<timestamp>2010-02-25 14:16:49</timestamp>
		</alter>
		<properties>
			<parameter name="object.property.auto.BlockSize" value="0" />
			<parameter name="object.property.auto.Contents" value="PERMANENT" />
			<parameter name="object.property.auto.DSCompression" value="EMPTY" />
			<parameter name="object.property.auto.DSInitialExtent" value="0" />
			<parameter name="object.property.auto.DSMaxExtents" value="UNLIMITED" />
			<parameter name="object.property.auto.DSMinExtents" value="1" />
			<parameter name="object.property.auto.DSNextExtent" value="0" />
			<parameter name="object.property.auto.DSPctIncrease" value="0" />
			<parameter name="object.property.auto.EMLocalSubtype" value="AUTOALLOCATE" />
			<parameter name="object.property.auto.EMUniformSize" value="1024" />
			<parameter name="object.property.auto.ExtentManagement" value="LOCAL" />
			<parameter name="object.property.auto.FileType" value="EMPTY" />
			<parameter name="object.property.auto.FlashBack" value="ON" />
			<parameter name="object.property.auto.ForceLogging" value="NO" />
			<parameter name="object.property.auto.GeneratedInRDBMS" value="false" />
			<parameter name="object.property.auto.Logging" value="LOGGING" />
			<parameter name="object.property.auto.LongName" value="DM_TBLSPC" />
			<parameter name="object.property.auto.MarkedGenerate" value="true" />
			<parameter name="object.property.auto.MinExtLen" value="0" />
			<parameter name="object.property.auto.Name" value="DM_TBLSPC" />
			<parameter name="object.property.auto.NameHasQuotes" value="false" />
			<parameter name="object.property.auto.RawObject" value="false" />
			<parameter name="object.property.auto.SegmentManagement" value="" />
			<parameter name="object.property.auto.Status" value="ONLINE" />
			<parameter name="design.owner" value="demo19-1" />
			<parameter name="object.existsinrepository" value="true" />
		</properties>
	</object>
</metadatadoc>