<?xml version="1.0" encoding="UTF-8" ?>
<metadatadoc version="2.0">
	<sub_view subview_name="Relational_1" id="944B58E6-83D7-FE3D-52F3-93D37FFE12F3" generator="null" visible="true" comment="" notes="" sv_type="main_view" rep_oid="null" rep_ovid="null" is_checkedout="false" checkedout_by="">
		<alter type="created">
			<user>meyoung</user>
			<timestamp>2010-02-23 16:59:47</timestamp>
		</alter>
		<alter type="changed">
			<user>meyoung</user>
			<timestamp>2010-02-23 16:59:47</timestamp>
		</alter>
		<main_display name="Relational_1" objectid="944B58E6-83D7-FE3D-52F3-93D37FFE12F3" notation="1" show_all_details="true" show_names_only="false" show_elements="false" show_datatype="false" show_keys="false" auto_route="false" box_in_box="false" comment="" notes="">
			<objectid role="represents" type="Table" oid="4423EE64-2B45-6D18-DF5E-2E0B31C85ECA" viewid="9E602E45-4BEF-C59D-5699-B48001F9E2ED" tv_generator_id="null" viewnumber="0">
				<graphical>
					<parameter name="background_color" value="NULL" />
					<parameter name="foreground_color" value="NULL" />
					<parameter name="h" value="110.0" />
					<parameter name="use_default_color" value="true" />
					<parameter name="w" value="170.0" />
					<parameter name="x" value="277.0" />
					<parameter name="y" value="589.0" />
				</graphical>
			</objectid>
			<objectid role="represents" type="Table" oid="B40CB2EA-164C-3A03-3547-D3AA8E2C5117" viewid="2BD163C5-8019-5919-A64F-11809091BE6B" tv_generator_id="null" viewnumber="0">
				<graphical>
					<parameter name="background_color" value="NULL" />
					<parameter name="foreground_color" value="NULL" />
					<parameter name="h" value="110.0" />
					<parameter name="use_default_color" value="true" />
					<parameter name="w" value="170.0" />
					<parameter name="x" value="471.0" />
					<parameter name="y" value="589.0" />
				</graphical>
			</objectid>
			<objectid role="represents" type="Table" oid="725B226B-0572-9D61-AF7D-DD410B946DDC" viewid="E20C975A-819A-FE2A-0A89-48BE2B06CC85" tv_generator_id="null" viewnumber="0">
				<graphical>
					<parameter name="background_color" value="NULL" />
					<parameter name="foreground_color" value="NULL" />
					<parameter name="h" value="110.0" />
					<parameter name="use_default_color" value="true" />
					<parameter name="w" value="170.0" />
					<parameter name="x" value="54.0" />
					<parameter name="y" value="238.0" />
				</graphical>
			</objectid>
			<objectid role="represents" type="Table" oid="122C63CC-FEB6-011A-55E4-6EDF7F43D999" viewid="0191F362-E922-F9EA-B75B-27EEBF9F2F37" tv_generator_id="null" viewnumber="0">
				<graphical>
					<parameter name="background_color" value="NULL" />
					<parameter name="foreground_color" value="NULL" />
					<parameter name="h" value="110.0" />
					<parameter name="use_default_color" value="true" />
					<parameter name="w" value="170.0" />
					<parameter name="x" value="665.0" />
					<parameter name="y" value="589.0" />
				</graphical>
			</objectid>
			<objectid role="represents" type="Table" oid="20EFE58C-E998-7676-D099-A78F90DF8595" viewid="7DDDB5C2-9942-3547-1613-A95B12F870C8" tv_generator_id="null" viewnumber="0">
				<graphical>
					<parameter name="background_color" value="NULL" />
					<parameter name="foreground_color" value="NULL" />
					<parameter name="h" value="249.0" />
					<parameter name="use_default_color" value="true" />
					<parameter name="w" value="375.0" />
					<parameter name="x" value="356.0" />
					<parameter name="y" value="202.0" />
				</graphical>
			</objectid>
			<objectid role="represents" type="FKArc" oid="826F8060-5F3A-A6E0-46C8-4BA8414EB1B9" viewid="E35C6FEE-379A-8D3B-E15D-976593C73AEF" tv_generator_id="null" viewnumber="0">
				<graphical>
					<parameter name="background_color" value="NULL" />
					<parameter name="foreground_color" value="NULL" />
					<parameter name="h" value="289.0" />
					<parameter name="use_default_color" value="true" />
					<parameter name="w" value="415.0" />
					<parameter name="x" value="336.0" />
					<parameter name="y" value="182.0" />
				</graphical>
			</objectid>
			<objectid role="represents" type="FKIndexAssociation" oid="A314310F-881E-56E7-A233-B50133F366C8" source="725B226B-0572-9D61-AF7D-DD410B946DDC" target="20EFE58C-E998-7676-D099-A78F90DF8595" viewid_source="E20C975A-819A-FE2A-0A89-48BE2B06CC85" viewid_target="7DDDB5C2-9942-3547-1613-A95B12F870C8">
				<points>
					<point x_coordinate="224.0" y_coordinate="293.0" />
					<point x_coordinate="356.0" y_coordinate="293.0" />
				</points>
				<labels>
					<source x_coordinate="-1.0" y_coordinate="-1.0" width="-1.0" height="-1.0" />
					<target x_coordinate="-1.0" y_coordinate="-1.0" width="-1.0" height="-1.0" />
					<main_label x_coordinate="-1.0" y_coordinate="-1.0" width="-1.0" height="-1.0" />
				</labels>
				<graphical>
					<parameter name="use_default_color" value="true" />
				</graphical>
			</objectid>
			<objectid role="represents" type="FKIndexAssociation" oid="931BCC0F-7402-DDDA-9803-0B08D83CF51F" source="4423EE64-2B45-6D18-DF5E-2E0B31C85ECA" target="20EFE58C-E998-7676-D099-A78F90DF8595" viewid_source="9E602E45-4BEF-C59D-5699-B48001F9E2ED" viewid_target="7DDDB5C2-9942-3547-1613-A95B12F870C8">
				<points>
					<point x_coordinate="401.5" y_coordinate="589.0" />
					<point x_coordinate="401.5" y_coordinate="451.0" />
				</points>
				<labels>
					<source x_coordinate="-1.0" y_coordinate="-1.0" width="-1.0" height="-1.0" />
					<target x_coordinate="-1.0" y_coordinate="-1.0" width="-1.0" height="-1.0" />
					<main_label x_coordinate="-1.0" y_coordinate="-1.0" width="-1.0" height="-1.0" />
				</labels>
				<graphical>
					<parameter name="use_default_color" value="true" />
				</graphical>
			</objectid>
			<objectid role="represents" type="FKIndexAssociation" oid="A000F11F-848C-DB5A-0A07-6E6B2755BCFC" source="B40CB2EA-164C-3A03-3547-D3AA8E2C5117" target="20EFE58C-E998-7676-D099-A78F90DF8595" viewid_source="2BD163C5-8019-5919-A64F-11809091BE6B" viewid_target="7DDDB5C2-9942-3547-1613-A95B12F870C8">
				<points>
					<point x_coordinate="556.0" y_coordinate="589.0" />
					<point x_coordinate="556.0" y_coordinate="451.0" />
				</points>
				<labels>
					<source x_coordinate="-1.0" y_coordinate="-1.0" width="-1.0" height="-1.0" />
					<target x_coordinate="-1.0" y_coordinate="-1.0" width="-1.0" height="-1.0" />
					<main_label x_coordinate="-1.0" y_coordinate="-1.0" width="-1.0" height="-1.0" />
				</labels>
				<graphical>
					<parameter name="use_default_color" value="true" />
				</graphical>
			</objectid>
			<objectid role="represents" type="FKIndexAssociation" oid="E05793B9-D67C-0197-CC56-5A4922431B8C" source="122C63CC-FEB6-011A-55E4-6EDF7F43D999" target="20EFE58C-E998-7676-D099-A78F90DF8595" viewid_source="0191F362-E922-F9EA-B75B-27EEBF9F2F37" viewid_target="7DDDB5C2-9942-3547-1613-A95B12F870C8">
				<points>
					<point x_coordinate="698.0" y_coordinate="589.0" />
					<point x_coordinate="698.0" y_coordinate="451.0" />
				</points>
				<labels>
					<source x_coordinate="-1.0" y_coordinate="-1.0" width="-1.0" height="-1.0" />
					<target x_coordinate="-1.0" y_coordinate="-1.0" width="-1.0" height="-1.0" />
					<main_label x_coordinate="-1.0" y_coordinate="-1.0" width="-1.0" height="-1.0" />
				</labels>
				<graphical>
					<parameter name="use_default_color" value="true" />
				</graphical>
			</objectid>
			<alter type="created">
				<user>meyoung</user>
				<timestamp>2010-02-25 11:00:40</timestamp>
			</alter>
			<alter type="changed">
				<user>meyoung</user>
				<timestamp>2010-02-25 11:00:40</timestamp>
			</alter>
		</main_display>
		<subordinate_displays />
	</sub_view>
</metadatadoc>