<?xml version="1.0" encoding="UTF-8" ?>
<metadatadoc version="2.0">
	<sub_view subview_name="Relational_1" id="C4EEAC70-873D-DD5D-4855-D2C446E799E2" generator="null" visible="true" comment="" notes="" sv_type="main_view" rep_oid="null" rep_ovid="null" is_checkedout="false" checkedout_by="">
		<alter type="created">
			<user>oracle</user>
			<timestamp>2009-11-17 05:44:53</timestamp>
		</alter>
		<alter type="changed">
			<user>oracle</user>
			<timestamp>2009-11-17 05:44:53</timestamp>
		</alter>
		<main_display name="Relational_1" objectid="C4EEAC70-873D-DD5D-4855-D2C446E799E2" notation="1" show_all_details="true" show_names_only="false" show_elements="false" show_datatype="false" show_keys="false" auto_route="true" box_in_box="false" comment="" notes="">
			<alter type="created">
				<user>meyoung</user>
				<timestamp>2010-02-23 10:28:38</timestamp>
			</alter>
			<alter type="changed">
				<user>meyoung</user>
				<timestamp>2010-02-23 10:28:38</timestamp>
			</alter>
		</main_display>
		<subordinate_displays />
	</sub_view>
</metadatadoc>