<?xml version="1.0" encoding="UTF-8" ?>
<metadatadoc version="2.0">
	<object type="Entity" id="1D0F8230-1BB8-E819-EEE1-6335B5DD62B0" rep_oid="null" rep_ovid="null" is_checkedout="false" checkedout_by="" visible_in_main_view="true" entitytype="" allow_type_substitution="true" strategy="Single Table" minVolumes="0" expectedVolumes="0" maxVolumes="9999999" growthPercent="0" growthType="Year" normalForm="Third" adequatelyNormalized="NO" use_default_color="true" background_color="null" foreground_color="null">
		<name>EMPLOYEES</name>
		<comment></comment>
		<notes></notes>
		<alter type="created">
			<user>meyoung</user>
			<timestamp>2010-02-26 11:09:05</timestamp>
		</alter>
		<alter type="changed">
			<user>meyoung</user>
			<timestamp>2010-02-26 11:11:26</timestamp>
		</alter>
		<generator>8B206AF6-AEF1-1966-7025-87504B0C2D90</generator>
		<properties>
			<parameter name="design.owner" value="demo20-1a" />
			<parameter name="object.existsinrepository" value="true" />
			<parameter name="property.comment.rdbms" value="employees table. Contains 107 rows. References with departments,&lt;br&gt;jobs, job_history tables. Contains a self reference." />
		</properties>
		<parent inherits="false" />
		<engineering>
			<relational_design id="68FA06ED-17B3-EAE6-B229-B07502D6F357" should="true" />
			<relational_design id="DEB699DA-EDB3-37B7-175F-CD91E3FB0083" should="true" />
		</engineering>
		<des_obj_version version="1.0" />
		<fonts>
			<font_object>
				<parameter name="fo_type" value="Title" />
				<parameter name="font_color" value="-16776961" />
				<parameter name="font_name" value="Dialog" />
				<parameter name="font_size" value="10" />
				<parameter name="font_style" value="1" />
			</font_object>
			<font_object>
				<parameter name="fo_type" value="Attribute" />
				<parameter name="font_color" value="-16777216" />
				<parameter name="font_name" value="Dialog" />
				<parameter name="font_size" value="10" />
				<parameter name="font_style" value="0" />
			</font_object>
			<font_object>
				<parameter name="fo_type" value="Datatype" />
				<parameter name="font_color" value="-16744448" />
				<parameter name="font_name" value="Dialog" />
				<parameter name="font_size" value="10" />
				<parameter name="font_style" value="0" />
			</font_object>
			<font_object>
				<parameter name="fo_type" value="PK Element" />
				<parameter name="font_color" value="-16776961" />
				<parameter name="font_name" value="Dialog" />
				<parameter name="font_size" value="10" />
				<parameter name="font_style" value="0" />
			</font_object>
			<font_object>
				<parameter name="fo_type" value="FK Element" />
				<parameter name="font_color" value="-16777216" />
				<parameter name="font_name" value="Dialog" />
				<parameter name="font_size" value="10" />
				<parameter name="font_style" value="0" />
			</font_object>
			<font_object>
				<parameter name="fo_type" value="UK Element" />
				<parameter name="font_color" value="-16776961" />
				<parameter name="font_name" value="Dialog" />
				<parameter name="font_size" value="10" />
				<parameter name="font_style" value="0" />
			</font_object>
			<font_object>
				<parameter name="fo_type" value="Not Null" />
				<parameter name="font_color" value="-65536" />
				<parameter name="font_name" value="Dialog" />
				<parameter name="font_size" value="10" />
				<parameter name="font_style" value="0" />
			</font_object>
			<font_object>
				<parameter name="fo_type" value="Key" />
				<parameter name="font_color" value="-16777216" />
				<parameter name="font_name" value="Dialog" />
				<parameter name="font_size" value="10" />
				<parameter name="font_style" value="0" />
			</font_object>
		</fonts>
		<documents />
		<parties />
		<changerequests />
		<measurements />
		<contained>
			<object type="Attribute" id="9A422682-44FB-EBED-C446-01D5CBF70F8A" rep_oid="null" rep_ovid="null" is_checkedout="false" checkedout_by="" visible_in_main_view="false" use_default_color="true" background_color="null" foreground_color="null" unique="false" allownull="false" usedomainconstraints="true" is_oid="false" structured_attribute_id="" fk="false">
				<name>EMPLOYEE ID</name>
				<comment></comment>
				<notes></notes>
				<alter type="created">
					<user>meyoung</user>
					<timestamp>2010-02-26 11:09:05</timestamp>
				</alter>
				<alter type="changed">
					<user>meyoung</user>
					<timestamp>2010-02-26 11:09:05</timestamp>
				</alter>
				<generator>63652D1A-3BB7-4400-F460-F1C54DD31FFC</generator>
				<properties>
					<parameter name="design.owner" value="demo20-1a" />
					<parameter name="object.existsinrepository" value="true" />
					<parameter name="object.property.defaultvalue" value="" />
					<parameter name="object.property.usesdefault" value="false" />
					<parameter name="property.comment.rdbms" value="Primary key of employees table." />
				</properties>
				<engineering>
					<relational_design id="68FA06ED-17B3-EAE6-B229-B07502D6F357" should="true" />
					<relational_design id="DEB699DA-EDB3-37B7-175F-CD91E3FB0083" should="true" />
				</engineering>
				<des_obj_version version="1.0" />
				<domain oid="DOM3000004" file="defaultdomains" />
				<datatype dttype="packed" precision="6" scale="" typename="NUMBER" />
				<reference value="false" />
				<logicaltype dttype="NUMERIC" oid="LOGDT019" />
				<use value="logical type" />
				<sourcetype sort="" />
				<formula desc="" />
				<subtypeSubstitution value="true" />
				<restricted_substitution value="false" />
				<source value="" />
				<documents />
				<parties />
				<changerequests />
				<measurements />
			</object>
			<object type="Attribute" id="B948DFF7-C826-04F2-9129-6643716E3CEE" rep_oid="null" rep_ovid="null" is_checkedout="false" checkedout_by="" visible_in_main_view="false" use_default_color="true" background_color="null" foreground_color="null" unique="false" allownull="true" usedomainconstraints="true" is_oid="false" structured_attribute_id="" fk="false">
				<name>FIRST NAME</name>
				<comment></comment>
				<notes></notes>
				<alter type="created">
					<user>meyoung</user>
					<timestamp>2010-02-26 11:09:05</timestamp>
				</alter>
				<alter type="changed">
					<user>meyoung</user>
					<timestamp>2010-02-26 11:09:05</timestamp>
				</alter>
				<generator>849CE078-531E-8A9F-CC44-733000B206FE</generator>
				<properties>
					<parameter name="design.owner" value="demo20-1a" />
					<parameter name="object.existsinrepository" value="true" />
					<parameter name="object.property.defaultvalue" value="" />
					<parameter name="object.property.usesdefault" value="false" />
					<parameter name="property.comment.rdbms" value="First name of the employee. A not null column." />
				</properties>
				<engineering>
					<relational_design id="68FA06ED-17B3-EAE6-B229-B07502D6F357" should="true" />
					<relational_design id="DEB699DA-EDB3-37B7-175F-CD91E3FB0083" should="true" />
				</engineering>
				<des_obj_version version="1.0" />
				<domain oid="DOM3000004" file="defaultdomains" />
				<datatype dttype="var" size="20 BYTE" typename="VARCHAR2" />
				<reference value="false" />
				<logicaltype dttype="VARCHAR" oid="LOGDT024" />
				<use value="logical type" />
				<sourcetype sort="" />
				<formula desc="" />
				<subtypeSubstitution value="true" />
				<restricted_substitution value="false" />
				<source value="" />
				<documents />
				<parties />
				<changerequests />
				<measurements />
			</object>
			<object type="Attribute" id="C3BD3443-F751-8C24-3D41-B41A8320BF9D" rep_oid="null" rep_ovid="null" is_checkedout="false" checkedout_by="" visible_in_main_view="false" use_default_color="true" background_color="null" foreground_color="null" unique="false" allownull="false" usedomainconstraints="true" is_oid="false" structured_attribute_id="" fk="false">
				<name>LAST NAME</name>
				<comment></comment>
				<notes></notes>
				<alter type="created">
					<user>meyoung</user>
					<timestamp>2010-02-26 11:09:05</timestamp>
				</alter>
				<alter type="changed">
					<user>meyoung</user>
					<timestamp>2010-02-26 11:09:05</timestamp>
				</alter>
				<generator>34BB6A08-153E-8798-A23D-6D314363B6D5</generator>
				<properties>
					<parameter name="design.owner" value="demo20-1a" />
					<parameter name="object.existsinrepository" value="true" />
					<parameter name="object.property.defaultvalue" value="" />
					<parameter name="object.property.usesdefault" value="false" />
					<parameter name="property.comment.rdbms" value="Last name of the employee. A not null column." />
				</properties>
				<engineering>
					<relational_design id="68FA06ED-17B3-EAE6-B229-B07502D6F357" should="true" />
					<relational_design id="DEB699DA-EDB3-37B7-175F-CD91E3FB0083" should="true" />
				</engineering>
				<des_obj_version version="1.0" />
				<domain oid="DOM3000004" file="defaultdomains" />
				<datatype dttype="var" size="25 BYTE" typename="VARCHAR2" />
				<reference value="false" />
				<logicaltype dttype="VARCHAR" oid="LOGDT024" />
				<use value="logical type" />
				<sourcetype sort="" />
				<formula desc="" />
				<subtypeSubstitution value="true" />
				<restricted_substitution value="false" />
				<source value="" />
				<documents />
				<parties />
				<changerequests />
				<measurements />
			</object>
			<object type="Attribute" id="2D6F189C-2D97-574B-8393-F865241CF4B4" rep_oid="null" rep_ovid="null" is_checkedout="false" checkedout_by="" visible_in_main_view="false" use_default_color="true" background_color="null" foreground_color="null" unique="false" allownull="false" usedomainconstraints="true" is_oid="false" structured_attribute_id="" fk="false">
				<name>HIRE DATE</name>
				<comment></comment>
				<notes></notes>
				<alter type="created">
					<user>meyoung</user>
					<timestamp>2010-02-26 11:09:05</timestamp>
				</alter>
				<alter type="changed">
					<user>meyoung</user>
					<timestamp>2010-02-26 11:09:18</timestamp>
				</alter>
				<generator>1A4C91FD-98C2-A799-AC2E-BAC9ED3B073E</generator>
				<properties>
					<parameter name="design.owner" value="demo20-1a" />
					<parameter name="object.existsinrepository" value="true" />
					<parameter name="object.property.defaultvalue" value="" />
					<parameter name="object.property.usesdefault" value="false" />
					<parameter name="property.comment.rdbms" value="Date when the employee started on this job. A not null column." />
				</properties>
				<engineering>
					<relational_design id="68FA06ED-17B3-EAE6-B229-B07502D6F357" should="true" />
					<relational_design id="DEB699DA-EDB3-37B7-175F-CD91E3FB0083" should="true" />
				</engineering>
				<des_obj_version version="1.0" />
				<domain oid="DOM3000004" file="defaultdomains" />
				<datatype dttype="builtin" typename="DATE" />
				<reference value="false" />
				<logicaltype dttype="Date" oid="LOGDT007" />
				<use value="logical type" />
				<sourcetype sort="" />
				<formula desc="" />
				<subtypeSubstitution value="true" />
				<restricted_substitution value="false" />
				<source value="" />
				<documents />
				<parties />
				<changerequests />
				<measurements />
			</object>
			<object type="Attribute" id="2A614F55-EC3B-9A3E-E689-ED0E5DF5AF95" rep_oid="null" rep_ovid="null" is_checkedout="false" checkedout_by="" visible_in_main_view="false" use_default_color="true" background_color="null" foreground_color="null" unique="true" allownull="false" usedomainconstraints="true" is_oid="false" structured_attribute_id="" fk="false">
				<name>EMAIL</name>
				<comment></comment>
				<notes></notes>
				<alter type="created">
					<user>meyoung</user>
					<timestamp>2010-02-26 11:09:05</timestamp>
				</alter>
				<alter type="changed">
					<user>meyoung</user>
					<timestamp>2010-02-26 11:09:05</timestamp>
				</alter>
				<generator>F5DE1942-7A24-BF11-F6C6-3090497FCAB4</generator>
				<properties>
					<parameter name="design.owner" value="demo20-1a" />
					<parameter name="object.existsinrepository" value="true" />
					<parameter name="object.property.defaultvalue" value="" />
					<parameter name="object.property.usesdefault" value="false" />
					<parameter name="property.comment.rdbms" value="Email id of the employee" />
				</properties>
				<engineering>
					<relational_design id="68FA06ED-17B3-EAE6-B229-B07502D6F357" should="true" />
					<relational_design id="DEB699DA-EDB3-37B7-175F-CD91E3FB0083" should="true" />
				</engineering>
				<des_obj_version version="1.0" />
				<domain oid="DOM3000004" file="defaultdomains" />
				<datatype dttype="var" size="25 BYTE" typename="VARCHAR2" />
				<reference value="false" />
				<logicaltype dttype="VARCHAR" oid="LOGDT024" />
				<use value="logical type" />
				<sourcetype sort="" />
				<formula desc="" />
				<subtypeSubstitution value="true" />
				<restricted_substitution value="false" />
				<source value="" />
				<documents />
				<parties />
				<changerequests />
				<measurements />
			</object>
			<object type="Attribute" id="8A8EDC6B-DF63-C348-BE64-A585EC03BDF6" rep_oid="null" rep_ovid="null" is_checkedout="false" checkedout_by="" visible_in_main_view="false" use_default_color="true" background_color="null" foreground_color="null" unique="false" allownull="true" usedomainconstraints="true" is_oid="false" structured_attribute_id="" fk="false">
				<name>PHONE NUMBER</name>
				<comment></comment>
				<notes></notes>
				<alter type="created">
					<user>meyoung</user>
					<timestamp>2010-02-26 11:09:05</timestamp>
				</alter>
				<alter type="changed">
					<user>meyoung</user>
					<timestamp>2010-02-26 11:09:05</timestamp>
				</alter>
				<generator>434110EC-1172-DF95-1CBA-2A364E6B4BA7</generator>
				<properties>
					<parameter name="design.owner" value="demo20-1a" />
					<parameter name="object.existsinrepository" value="true" />
					<parameter name="object.property.defaultvalue" value="" />
					<parameter name="object.property.usesdefault" value="false" />
					<parameter name="property.comment.rdbms" value="Phone number of the employee; includes country code and area code" />
				</properties>
				<engineering>
					<relational_design id="68FA06ED-17B3-EAE6-B229-B07502D6F357" should="true" />
					<relational_design id="DEB699DA-EDB3-37B7-175F-CD91E3FB0083" should="true" />
				</engineering>
				<des_obj_version version="1.0" />
				<domain oid="DOM3000004" file="defaultdomains" />
				<datatype dttype="var" size="20 BYTE" typename="VARCHAR2" />
				<reference value="false" />
				<logicaltype dttype="VARCHAR" oid="LOGDT024" />
				<use value="logical type" />
				<sourcetype sort="" />
				<formula desc="" />
				<subtypeSubstitution value="true" />
				<restricted_substitution value="false" />
				<source value="" />
				<documents />
				<parties />
				<changerequests />
				<measurements />
			</object>
			<object type="Attribute" id="CF8F13CF-9544-E12B-F5F4-9E60071BBC44" rep_oid="null" rep_ovid="null" is_checkedout="false" checkedout_by="" visible_in_main_view="false" use_default_color="true" background_color="null" foreground_color="null" unique="false" allownull="false" usedomainconstraints="true" is_oid="false" structured_attribute_id="" fk="true" references="675F9F4C-095D-A8F9-7952-B328944CAD33">
				<name>JOB ID</name>
				<comment></comment>
				<notes></notes>
				<alter type="created">
					<user>meyoung</user>
					<timestamp>2010-02-26 11:09:05</timestamp>
				</alter>
				<alter type="changed">
					<user>meyoung</user>
					<timestamp>2010-02-26 11:09:05</timestamp>
				</alter>
				<generator>9CA184BD-938E-B87F-B1A2-C41A057FF88D</generator>
				<properties>
					<parameter name="design.owner" value="demo20-1a" />
					<parameter name="object.existsinrepository" value="true" />
					<parameter name="object.property.defaultvalue" value="" />
					<parameter name="object.property.usesdefault" value="false" />
					<parameter name="property.comment.rdbms" value="Current job of the employee; foreign key to job_id column of the&lt;br&gt;jobs table. A not null column." />
					<parameter name="refers.attribute" value="675F9F4C-095D-A8F9-7952-B328944CAD33" />
				</properties>
				<engineering>
					<relational_design id="68FA06ED-17B3-EAE6-B229-B07502D6F357" should="true" />
					<relational_design id="DEB699DA-EDB3-37B7-175F-CD91E3FB0083" should="true" />
				</engineering>
				<des_obj_version version="1.0" />
				<domain oid="DOM3000004" file="defaultdomains" />
				<datatype dttype="var" size="10 BYTE" typename="VARCHAR2" />
				<reference value="false" />
				<logicaltype dttype="VARCHAR" oid="LOGDT024" />
				<use value="logical type" />
				<sourcetype sort="" />
				<formula desc="" />
				<subtypeSubstitution value="true" />
				<restricted_substitution value="false" />
				<source value="" />
				<documents />
				<parties />
				<changerequests />
				<measurements />
			</object>
			<object type="Attribute" id="3692C9FE-BF40-6909-E1B6-53982C6CBFB5" rep_oid="null" rep_ovid="null" is_checkedout="false" checkedout_by="" visible_in_main_view="false" use_default_color="true" background_color="null" foreground_color="null" unique="false" allownull="true" usedomainconstraints="false" is_oid="false" structured_attribute_id="" avt_sort_order="0" fk="false">
				<name>SALARY</name>
				<comment></comment>
				<notes></notes>
				<alter type="created">
					<user>meyoung</user>
					<timestamp>2010-02-26 11:09:05</timestamp>
				</alter>
				<alter type="changed">
					<user>meyoung</user>
					<timestamp>2010-02-26 11:09:05</timestamp>
				</alter>
				<generator>2A538E68-D689-5EFA-6992-59DA42B14440</generator>
				<properties>
					<parameter name="design.owner" value="demo20-1a" />
					<parameter name="object.existsinrepository" value="true" />
					<parameter name="object.property.defaultvalue" value="" />
					<parameter name="object.property.usesdefault" value="false" />
					<parameter name="property.comment.rdbms" value="Monthly salary of the employee. Must be greater&lt;br&gt;than zero (enforced by constraint emp_salary_min)" />
				</properties>
				<engineering>
					<relational_design id="68FA06ED-17B3-EAE6-B229-B07502D6F357" should="true" />
					<relational_design id="DEB699DA-EDB3-37B7-175F-CD91E3FB0083" should="true" />
				</engineering>
				<des_obj_version version="1.0" />
				<constraint type="check constraint">
					<properties>
						<parameter name="Oracle Database 11g" value="salary &gt; 0" />
					</properties>
				</constraint>
				<avt>
					<beginvalue></beginvalue>
					<endvalue></endvalue>
					<description></description>
				</avt>
				<domain oid="DOM3000004" file="defaultdomains" />
				<datatype dttype="packed" precision="8" scale="2" typename="NUMBER" />
				<reference value="false" />
				<logicaltype dttype="NUMERIC" oid="LOGDT019" />
				<use value="logical type" />
				<sourcetype sort="" />
				<formula desc="" />
				<subtypeSubstitution value="true" />
				<restricted_substitution value="false" />
				<source value="" />
				<documents />
				<parties />
				<changerequests />
				<measurements />
			</object>
			<object type="Attribute" id="1E821B34-F56E-9CD9-A6BB-6EF0705755CE" rep_oid="null" rep_ovid="null" is_checkedout="false" checkedout_by="" visible_in_main_view="false" use_default_color="true" background_color="null" foreground_color="null" unique="false" allownull="true" usedomainconstraints="true" is_oid="false" structured_attribute_id="" fk="false">
				<name>COMMISSION PCT</name>
				<comment></comment>
				<notes></notes>
				<alter type="created">
					<user>meyoung</user>
					<timestamp>2010-02-26 11:09:05</timestamp>
				</alter>
				<alter type="changed">
					<user>meyoung</user>
					<timestamp>2010-02-26 11:09:05</timestamp>
				</alter>
				<generator>A6074F90-EF07-BF07-0D3F-5F0B024E13F4</generator>
				<properties>
					<parameter name="design.owner" value="demo20-1a" />
					<parameter name="object.existsinrepository" value="true" />
					<parameter name="object.property.defaultvalue" value="" />
					<parameter name="object.property.usesdefault" value="false" />
					<parameter name="property.comment.rdbms" value="Commission percentage of the employee; Only employees in sales&lt;br&gt;department elgible for commission percentage" />
				</properties>
				<engineering>
					<relational_design id="68FA06ED-17B3-EAE6-B229-B07502D6F357" should="true" />
					<relational_design id="DEB699DA-EDB3-37B7-175F-CD91E3FB0083" should="true" />
				</engineering>
				<des_obj_version version="1.0" />
				<domain oid="DOM3000004" file="defaultdomains" />
				<datatype dttype="packed" precision="2" scale="2" typename="NUMBER" />
				<reference value="false" />
				<logicaltype dttype="NUMERIC" oid="LOGDT019" />
				<use value="logical type" />
				<sourcetype sort="" />
				<formula desc="" />
				<subtypeSubstitution value="true" />
				<restricted_substitution value="false" />
				<source value="" />
				<documents />
				<parties />
				<changerequests />
				<measurements />
			</object>
			<object type="Attribute" id="30EDE567-A944-D30B-69E8-E5A08DEA62D3" rep_oid="null" rep_ovid="null" is_checkedout="false" checkedout_by="" visible_in_main_view="false" use_default_color="true" background_color="null" foreground_color="null" unique="false" allownull="false" usedomainconstraints="true" is_oid="false" structured_attribute_id="" fk="true" references="9A422682-44FB-EBED-C446-01D5CBF70F8A">
				<name>MANAGER ID</name>
				<comment></comment>
				<notes></notes>
				<alter type="created">
					<user>meyoung</user>
					<timestamp>2010-02-26 11:09:05</timestamp>
				</alter>
				<alter type="changed">
					<user>meyoung</user>
					<timestamp>2010-02-26 11:09:05</timestamp>
				</alter>
				<generator>1E477CAD-12D4-CA47-CDBD-2D0575836092</generator>
				<properties>
					<parameter name="design.owner" value="demo20-1a" />
					<parameter name="object.existsinrepository" value="true" />
					<parameter name="object.property.defaultvalue" value="" />
					<parameter name="object.property.usesdefault" value="false" />
					<parameter name="property.comment.rdbms" value="Manager id of the employee; has same domain as manager_id in&lt;br&gt;departments table. Foreign key to employee_id column of employees table.&lt;br&gt;(useful for reflexive joins and CONNECT BY query)" />
					<parameter name="refers.attribute" value="9A422682-44FB-EBED-C446-01D5CBF70F8A" />
				</properties>
				<engineering>
					<relational_design id="68FA06ED-17B3-EAE6-B229-B07502D6F357" should="true" />
					<relational_design id="DEB699DA-EDB3-37B7-175F-CD91E3FB0083" should="true" />
				</engineering>
				<des_obj_version version="1.0" />
				<domain oid="DOM3000004" file="defaultdomains" />
				<datatype dttype="packed" precision="6" scale="" typename="NUMBER" />
				<reference value="false" />
				<logicaltype dttype="NUMERIC" oid="LOGDT019" />
				<use value="logical type" />
				<sourcetype sort="" />
				<formula desc="" />
				<subtypeSubstitution value="true" />
				<restricted_substitution value="false" />
				<source value="" />
				<documents />
				<parties />
				<changerequests />
				<measurements />
			</object>
			<object type="Attribute" id="025911FF-1CD7-FD6D-3F12-FA1F729054D9" rep_oid="null" rep_ovid="null" is_checkedout="false" checkedout_by="" visible_in_main_view="false" use_default_color="true" background_color="null" foreground_color="null" unique="false" allownull="true" usedomainconstraints="true" is_oid="false" structured_attribute_id="" fk="true" references="DF3B54FE-340D-AF14-E7E6-A08697905D30">
				<name>DEPARTMENT ID</name>
				<comment></comment>
				<notes></notes>
				<alter type="created">
					<user>meyoung</user>
					<timestamp>2010-02-26 11:09:05</timestamp>
				</alter>
				<alter type="changed">
					<user>meyoung</user>
					<timestamp>2010-02-26 11:09:05</timestamp>
				</alter>
				<generator>90B34582-A19F-ABEF-6F6C-8E027BA56946</generator>
				<properties>
					<parameter name="design.owner" value="demo20-1a" />
					<parameter name="object.existsinrepository" value="true" />
					<parameter name="object.property.defaultvalue" value="" />
					<parameter name="object.property.usesdefault" value="false" />
					<parameter name="property.comment.rdbms" value="Department id where employee works; foreign key to department_id&lt;br&gt;column of the departments table" />
					<parameter name="refers.attribute" value="DF3B54FE-340D-AF14-E7E6-A08697905D30" />
				</properties>
				<engineering>
					<relational_design id="68FA06ED-17B3-EAE6-B229-B07502D6F357" should="true" />
					<relational_design id="DEB699DA-EDB3-37B7-175F-CD91E3FB0083" should="true" />
				</engineering>
				<des_obj_version version="1.0" />
				<domain oid="DOM3000004" file="defaultdomains" />
				<datatype dttype="packed" precision="4" scale="" typename="NUMBER" />
				<reference value="false" />
				<logicaltype dttype="NUMERIC" oid="LOGDT019" />
				<use value="logical type" />
				<sourcetype sort="" />
				<formula desc="" />
				<subtypeSubstitution value="true" />
				<restricted_substitution value="false" />
				<source value="" />
				<documents />
				<parties />
				<changerequests />
				<measurements />
			</object>
			<object type="Attribute" id="F7BD28EF-43B6-8489-E1D4-B2C1AEE01337" rep_oid="null" rep_ovid="null" is_checkedout="false" checkedout_by="" visible_in_main_view="false" use_default_color="true" background_color="null" foreground_color="null" unique="false" allownull="true" usedomainconstraints="true" is_oid="false" structured_attribute_id="" fk="false">
				<name>COST_CENTER</name>
				<comment></comment>
				<notes></notes>
				<alter type="created">
					<user>meyoung</user>
					<timestamp>2010-02-26 11:09:18</timestamp>
				</alter>
				<alter type="changed">
					<user>meyoung</user>
					<timestamp>2010-02-26 11:09:34</timestamp>
				</alter>
				<properties>
					<parameter name="design.owner" value="demo20-1a" />
					<parameter name="object.existsinrepository" value="true" />
					<parameter name="property.comment.rdbms" value="" />
				</properties>
				<engineering>
					<relational_design id="68FA06ED-17B3-EAE6-B229-B07502D6F357" should="true" />
					<relational_design id="DEB699DA-EDB3-37B7-175F-CD91E3FB0083" should="true" />
				</engineering>
				<des_obj_version version="1.0" />
				<domain oid="DOM3000004" file="defaultdomains" />
				<datatype dttype="packed" precision="6" scale="0" typename="NUMBER" />
				<reference value="false" />
				<logicaltype dttype="NUMERIC" oid="LOGDT019" />
				<use value="logical type" />
				<sourcetype sort="" />
				<formula desc="" />
				<subtypeSubstitution value="true" />
				<restricted_substitution value="false" />
				<source value="" />
				<documents />
				<parties />
				<changerequests />
				<measurements />
			</object>
		</contained>
		<key>
			<object type="Candidate Key" id="1927F7A0-1BA5-F989-AEFE-19ADE4AB20C6" rep_oid="null" rep_ovid="null" is_checkedout="false" checkedout_by="" visible_in_main_view="false" use_default_color="true" background_color="null" foreground_color="null" pk="false" keystate="Unique Key" synonym="">
				<name>EMP EMAIL UK</name>
				<comment></comment>
				<notes></notes>
				<alter type="created">
					<user>meyoung</user>
					<timestamp>2010-02-26 11:09:05</timestamp>
				</alter>
				<alter type="changed">
					<user>meyoung</user>
					<timestamp>2010-02-26 11:09:05</timestamp>
				</alter>
				<generator>0B095313-9CE4-A4A3-EE20-10761C74651E</generator>
				<properties>
					<parameter name="design.owner" value="demo20-1a" />
					<parameter name="object.existsinrepository" value="true" />
					<parameter name="property.comment.rdbms" value="" />
				</properties>
				<engineering>
					<relational_design id="68FA06ED-17B3-EAE6-B229-B07502D6F357" should="true" />
					<relational_design id="DEB699DA-EDB3-37B7-175F-CD91E3FB0083" should="true" />
				</engineering>
				<des_obj_version version="1.0" />
				<contains type="Attribute">2A614F55-EC3B-9A3E-E689-ED0E5DF5AF95</contains>
				<documents />
				<parties />
				<changerequests />
				<measurements />
			</object>
			<object type="Candidate Key" id="12F9D097-7872-5338-EFFF-E6D261000978" rep_oid="null" rep_ovid="null" is_checkedout="false" checkedout_by="" visible_in_main_view="false" use_default_color="true" background_color="null" foreground_color="null" pk="true" keystate="Primary Key" synonym="">
				<name>EMP EMP ID PK</name>
				<comment></comment>
				<notes></notes>
				<alter type="created">
					<user>meyoung</user>
					<timestamp>2010-02-26 11:09:05</timestamp>
				</alter>
				<alter type="changed">
					<user>meyoung</user>
					<timestamp>2010-02-26 11:09:05</timestamp>
				</alter>
				<generator>B36451C1-37CE-33BA-82D7-F30AA249A564</generator>
				<properties>
					<parameter name="design.owner" value="demo20-1a" />
					<parameter name="object.existsinrepository" value="true" />
					<parameter name="property.comment.rdbms" value="" />
				</properties>
				<engineering>
					<relational_design id="68FA06ED-17B3-EAE6-B229-B07502D6F357" should="true" />
					<relational_design id="DEB699DA-EDB3-37B7-175F-CD91E3FB0083" should="true" />
				</engineering>
				<des_obj_version version="1.0" />
				<contains type="Attribute">9A422682-44FB-EBED-C446-01D5CBF70F8A</contains>
				<documents />
				<parties />
				<changerequests />
				<measurements />
			</object>
		</key>
	</object>
</metadatadoc>