<?xml version="1.0" encoding="UTF-8" ?>
<metadatadoc version="2.0">
	<object type="Entity" id="3059C3EE-8410-6652-DDF4-979F67586B72" rep_oid="null" rep_ovid="null" is_checkedout="false" checkedout_by="" visible_in_main_view="true" entitytype="" allow_type_substitution="true" strategy="Single Table" minVolumes="0" expectedVolumes="0" maxVolumes="9999999" growthPercent="0" growthType="Year" normalForm="Third" adequatelyNormalized="NO" use_default_color="true" background_color="null" foreground_color="null">
		<name>JOBS</name>
		<comment></comment>
		<notes></notes>
		<alter type="created">
			<user>meyoung</user>
			<timestamp>2010-02-26 11:09:05</timestamp>
		</alter>
		<alter type="changed">
			<user>meyoung</user>
			<timestamp>2010-02-26 11:09:05</timestamp>
		</alter>
		<generator>A38A2931-1391-ED86-E8A2-A88E4F89EAD7</generator>
		<properties>
			<parameter name="design.owner" value="demo20-1a" />
			<parameter name="object.existsinrepository" value="true" />
			<parameter name="property.comment.rdbms" value="jobs table with job titles and salary ranges. Contains 19 rows.&lt;br&gt;References with employees and job_history table." />
		</properties>
		<parent inherits="false" />
		<engineering>
			<relational_design id="68FA06ED-17B3-EAE6-B229-B07502D6F357" should="true" />
			<relational_design id="DEB699DA-EDB3-37B7-175F-CD91E3FB0083" should="true" />
		</engineering>
		<des_obj_version version="1.0" />
		<fonts>
			<font_object>
				<parameter name="fo_type" value="Title" />
				<parameter name="font_color" value="-16776961" />
				<parameter name="font_name" value="Dialog" />
				<parameter name="font_size" value="10" />
				<parameter name="font_style" value="1" />
			</font_object>
			<font_object>
				<parameter name="fo_type" value="Attribute" />
				<parameter name="font_color" value="-16777216" />
				<parameter name="font_name" value="Dialog" />
				<parameter name="font_size" value="10" />
				<parameter name="font_style" value="0" />
			</font_object>
			<font_object>
				<parameter name="fo_type" value="Datatype" />
				<parameter name="font_color" value="-16744448" />
				<parameter name="font_name" value="Dialog" />
				<parameter name="font_size" value="10" />
				<parameter name="font_style" value="0" />
			</font_object>
			<font_object>
				<parameter name="fo_type" value="PK Element" />
				<parameter name="font_color" value="-16776961" />
				<parameter name="font_name" value="Dialog" />
				<parameter name="font_size" value="10" />
				<parameter name="font_style" value="0" />
			</font_object>
			<font_object>
				<parameter name="fo_type" value="FK Element" />
				<parameter name="font_color" value="-16777216" />
				<parameter name="font_name" value="Dialog" />
				<parameter name="font_size" value="10" />
				<parameter name="font_style" value="0" />
			</font_object>
			<font_object>
				<parameter name="fo_type" value="UK Element" />
				<parameter name="font_color" value="-16776961" />
				<parameter name="font_name" value="Dialog" />
				<parameter name="font_size" value="10" />
				<parameter name="font_style" value="0" />
			</font_object>
			<font_object>
				<parameter name="fo_type" value="Not Null" />
				<parameter name="font_color" value="-65536" />
				<parameter name="font_name" value="Dialog" />
				<parameter name="font_size" value="10" />
				<parameter name="font_style" value="0" />
			</font_object>
			<font_object>
				<parameter name="fo_type" value="Key" />
				<parameter name="font_color" value="-16777216" />
				<parameter name="font_name" value="Dialog" />
				<parameter name="font_size" value="10" />
				<parameter name="font_style" value="0" />
			</font_object>
		</fonts>
		<documents />
		<parties />
		<changerequests />
		<measurements />
		<contained>
			<object type="Attribute" id="675F9F4C-095D-A8F9-7952-B328944CAD33" rep_oid="null" rep_ovid="null" is_checkedout="false" checkedout_by="" visible_in_main_view="false" use_default_color="true" background_color="null" foreground_color="null" unique="false" allownull="false" usedomainconstraints="true" is_oid="false" structured_attribute_id="" fk="false">
				<name>JOB ID</name>
				<comment></comment>
				<notes></notes>
				<alter type="created">
					<user>meyoung</user>
					<timestamp>2010-02-26 11:09:05</timestamp>
				</alter>
				<alter type="changed">
					<user>meyoung</user>
					<timestamp>2010-02-26 11:09:05</timestamp>
				</alter>
				<generator>1511A44D-DE13-2DF3-4805-D2FF2A07EB2A</generator>
				<properties>
					<parameter name="design.owner" value="demo20-1a" />
					<parameter name="object.existsinrepository" value="true" />
					<parameter name="object.property.defaultvalue" value="" />
					<parameter name="object.property.usesdefault" value="false" />
					<parameter name="property.comment.rdbms" value="Primary key of jobs table." />
				</properties>
				<engineering>
					<relational_design id="68FA06ED-17B3-EAE6-B229-B07502D6F357" should="true" />
					<relational_design id="DEB699DA-EDB3-37B7-175F-CD91E3FB0083" should="true" />
				</engineering>
				<des_obj_version version="1.0" />
				<domain oid="DOM3000004" file="defaultdomains" />
				<datatype dttype="var" size="10 BYTE" typename="VARCHAR2" />
				<reference value="false" />
				<logicaltype dttype="VARCHAR" oid="LOGDT024" />
				<use value="logical type" />
				<sourcetype sort="" />
				<formula desc="" />
				<subtypeSubstitution value="true" />
				<restricted_substitution value="false" />
				<source value="" />
				<documents />
				<parties />
				<changerequests />
				<measurements />
			</object>
			<object type="Attribute" id="A23889B0-F766-D2EE-2980-DA3AD3E7249E" rep_oid="null" rep_ovid="null" is_checkedout="false" checkedout_by="" visible_in_main_view="false" use_default_color="true" background_color="null" foreground_color="null" unique="false" allownull="false" usedomainconstraints="true" is_oid="false" structured_attribute_id="" fk="false">
				<name>JOB TITLE</name>
				<comment></comment>
				<notes></notes>
				<alter type="created">
					<user>meyoung</user>
					<timestamp>2010-02-26 11:09:05</timestamp>
				</alter>
				<alter type="changed">
					<user>meyoung</user>
					<timestamp>2010-02-26 11:09:05</timestamp>
				</alter>
				<generator>2B692F1E-8556-B630-AAA9-CC63F611CBBE</generator>
				<properties>
					<parameter name="design.owner" value="demo20-1a" />
					<parameter name="object.existsinrepository" value="true" />
					<parameter name="object.property.defaultvalue" value="" />
					<parameter name="object.property.usesdefault" value="false" />
					<parameter name="property.comment.rdbms" value="A not null column that shows job title, e.g. AD_VP, FI_ACCOUNTANT" />
				</properties>
				<engineering>
					<relational_design id="68FA06ED-17B3-EAE6-B229-B07502D6F357" should="true" />
					<relational_design id="DEB699DA-EDB3-37B7-175F-CD91E3FB0083" should="true" />
				</engineering>
				<des_obj_version version="1.0" />
				<domain oid="DOM3000004" file="defaultdomains" />
				<datatype dttype="var" size="35 BYTE" typename="VARCHAR2" />
				<reference value="false" />
				<logicaltype dttype="VARCHAR" oid="LOGDT024" />
				<use value="logical type" />
				<sourcetype sort="" />
				<formula desc="" />
				<subtypeSubstitution value="true" />
				<restricted_substitution value="false" />
				<source value="" />
				<documents />
				<parties />
				<changerequests />
				<measurements />
			</object>
			<object type="Attribute" id="BF295EAB-71B9-BBAF-BB48-E29F86AD2C75" rep_oid="null" rep_ovid="null" is_checkedout="false" checkedout_by="" visible_in_main_view="false" use_default_color="true" background_color="null" foreground_color="null" unique="false" allownull="true" usedomainconstraints="true" is_oid="false" structured_attribute_id="" fk="false">
				<name>MIN SALARY</name>
				<comment></comment>
				<notes></notes>
				<alter type="created">
					<user>meyoung</user>
					<timestamp>2010-02-26 11:09:05</timestamp>
				</alter>
				<alter type="changed">
					<user>meyoung</user>
					<timestamp>2010-02-26 11:09:05</timestamp>
				</alter>
				<generator>84353280-CC7D-2B90-B025-7283514458EF</generator>
				<properties>
					<parameter name="design.owner" value="demo20-1a" />
					<parameter name="object.existsinrepository" value="true" />
					<parameter name="object.property.defaultvalue" value="" />
					<parameter name="object.property.usesdefault" value="false" />
					<parameter name="property.comment.rdbms" value="Minimum salary for a job title." />
				</properties>
				<engineering>
					<relational_design id="68FA06ED-17B3-EAE6-B229-B07502D6F357" should="true" />
					<relational_design id="DEB699DA-EDB3-37B7-175F-CD91E3FB0083" should="true" />
				</engineering>
				<des_obj_version version="1.0" />
				<domain oid="DOM3000004" file="defaultdomains" />
				<datatype dttype="packed" precision="6" scale="" typename="NUMBER" />
				<reference value="false" />
				<logicaltype dttype="NUMERIC" oid="LOGDT019" />
				<use value="logical type" />
				<sourcetype sort="" />
				<formula desc="" />
				<subtypeSubstitution value="true" />
				<restricted_substitution value="false" />
				<source value="" />
				<documents />
				<parties />
				<changerequests />
				<measurements />
			</object>
			<object type="Attribute" id="F458D86B-68AA-F115-2872-BF02273E8815" rep_oid="null" rep_ovid="null" is_checkedout="false" checkedout_by="" visible_in_main_view="false" use_default_color="true" background_color="null" foreground_color="null" unique="false" allownull="true" usedomainconstraints="true" is_oid="false" structured_attribute_id="" fk="false">
				<name>MAX SALARY</name>
				<comment></comment>
				<notes></notes>
				<alter type="created">
					<user>meyoung</user>
					<timestamp>2010-02-26 11:09:05</timestamp>
				</alter>
				<alter type="changed">
					<user>meyoung</user>
					<timestamp>2010-02-26 11:09:05</timestamp>
				</alter>
				<generator>DE295DE8-856C-6ED0-2A69-095D0BE9FDBF</generator>
				<properties>
					<parameter name="design.owner" value="demo20-1a" />
					<parameter name="object.existsinrepository" value="true" />
					<parameter name="object.property.defaultvalue" value="" />
					<parameter name="object.property.usesdefault" value="false" />
					<parameter name="property.comment.rdbms" value="Maximum salary for a job title" />
				</properties>
				<engineering>
					<relational_design id="68FA06ED-17B3-EAE6-B229-B07502D6F357" should="true" />
					<relational_design id="DEB699DA-EDB3-37B7-175F-CD91E3FB0083" should="true" />
				</engineering>
				<des_obj_version version="1.0" />
				<domain oid="DOM3000004" file="defaultdomains" />
				<datatype dttype="packed" precision="6" scale="" typename="NUMBER" />
				<reference value="false" />
				<logicaltype dttype="NUMERIC" oid="LOGDT019" />
				<use value="logical type" />
				<sourcetype sort="" />
				<formula desc="" />
				<subtypeSubstitution value="true" />
				<restricted_substitution value="false" />
				<source value="" />
				<documents />
				<parties />
				<changerequests />
				<measurements />
			</object>
		</contained>
		<key>
			<object type="Candidate Key" id="5E2D2296-2B6A-5C11-EB14-C9698FECF608" rep_oid="null" rep_ovid="null" is_checkedout="false" checkedout_by="" visible_in_main_view="false" use_default_color="true" background_color="null" foreground_color="null" pk="true" keystate="Primary Key" synonym="">
				<name>JOB ID PK</name>
				<comment></comment>
				<notes></notes>
				<alter type="created">
					<user>meyoung</user>
					<timestamp>2010-02-26 11:09:05</timestamp>
				</alter>
				<alter type="changed">
					<user>meyoung</user>
					<timestamp>2010-02-26 11:09:05</timestamp>
				</alter>
				<generator>F276F723-20E8-BACD-3E5F-5322E432E320</generator>
				<properties>
					<parameter name="design.owner" value="demo20-1a" />
					<parameter name="object.existsinrepository" value="true" />
					<parameter name="property.comment.rdbms" value="" />
				</properties>
				<engineering>
					<relational_design id="68FA06ED-17B3-EAE6-B229-B07502D6F357" should="true" />
					<relational_design id="DEB699DA-EDB3-37B7-175F-CD91E3FB0083" should="true" />
				</engineering>
				<des_obj_version version="1.0" />
				<contains type="Attribute">675F9F4C-095D-A8F9-7952-B328944CAD33</contains>
				<documents />
				<parties />
				<changerequests />
				<measurements />
			</object>
		</key>
	</object>
</metadatadoc>