<?xml version="1.0" encoding="UTF-8" ?>
<metadatadoc version="2.0">
	<object type="Entity" id="881728C0-3BAB-A24C-D7E3-0434E2A125D8" rep_oid="null" rep_ovid="null" is_checkedout="false" checkedout_by="" visible_in_main_view="true" entitytype="" allow_type_substitution="true" strategy="Single Table" minVolumes="0" expectedVolumes="0" maxVolumes="9999999" growthPercent="0" growthType="Year" normalForm="Third" adequatelyNormalized="NO" use_default_color="true" background_color="null" foreground_color="null">
		<name>JOB HISTORY</name>
		<comment></comment>
		<notes></notes>
		<alter type="created">
			<user>meyoung</user>
			<timestamp>2010-02-26 11:09:05</timestamp>
		</alter>
		<alter type="changed">
			<user>meyoung</user>
			<timestamp>2010-02-26 11:09:05</timestamp>
		</alter>
		<generator>F3616E98-FF42-93D9-DB29-3B25AA8900F7</generator>
		<properties>
			<parameter name="design.owner" value="demo20-1a" />
			<parameter name="object.existsinrepository" value="true" />
			<parameter name="property.comment.rdbms" value="Table that stores job history of the employees. If an employee&lt;br&gt;changes departments within the job or changes jobs within the department,&lt;br&gt;new rows get inserted into this table with old job information of the&lt;br&gt;employee. Contains a complex primary key: employee_id+start_date.&lt;br&gt;Contains 25 rows. References with jobs, employees, and departments tables." />
		</properties>
		<parent inherits="false" />
		<engineering>
			<relational_design id="68FA06ED-17B3-EAE6-B229-B07502D6F357" should="true" />
			<relational_design id="DEB699DA-EDB3-37B7-175F-CD91E3FB0083" should="true" />
		</engineering>
		<des_obj_version version="1.0" />
		<fonts>
			<font_object>
				<parameter name="fo_type" value="Title" />
				<parameter name="font_color" value="-16776961" />
				<parameter name="font_name" value="Dialog" />
				<parameter name="font_size" value="10" />
				<parameter name="font_style" value="1" />
			</font_object>
			<font_object>
				<parameter name="fo_type" value="Attribute" />
				<parameter name="font_color" value="-16777216" />
				<parameter name="font_name" value="Dialog" />
				<parameter name="font_size" value="10" />
				<parameter name="font_style" value="0" />
			</font_object>
			<font_object>
				<parameter name="fo_type" value="Datatype" />
				<parameter name="font_color" value="-16744448" />
				<parameter name="font_name" value="Dialog" />
				<parameter name="font_size" value="10" />
				<parameter name="font_style" value="0" />
			</font_object>
			<font_object>
				<parameter name="fo_type" value="PK Element" />
				<parameter name="font_color" value="-16776961" />
				<parameter name="font_name" value="Dialog" />
				<parameter name="font_size" value="10" />
				<parameter name="font_style" value="0" />
			</font_object>
			<font_object>
				<parameter name="fo_type" value="FK Element" />
				<parameter name="font_color" value="-16777216" />
				<parameter name="font_name" value="Dialog" />
				<parameter name="font_size" value="10" />
				<parameter name="font_style" value="0" />
			</font_object>
			<font_object>
				<parameter name="fo_type" value="UK Element" />
				<parameter name="font_color" value="-16776961" />
				<parameter name="font_name" value="Dialog" />
				<parameter name="font_size" value="10" />
				<parameter name="font_style" value="0" />
			</font_object>
			<font_object>
				<parameter name="fo_type" value="Not Null" />
				<parameter name="font_color" value="-65536" />
				<parameter name="font_name" value="Dialog" />
				<parameter name="font_size" value="10" />
				<parameter name="font_style" value="0" />
			</font_object>
			<font_object>
				<parameter name="fo_type" value="Key" />
				<parameter name="font_color" value="-16777216" />
				<parameter name="font_name" value="Dialog" />
				<parameter name="font_size" value="10" />
				<parameter name="font_style" value="0" />
			</font_object>
		</fonts>
		<documents />
		<parties />
		<changerequests />
		<measurements />
		<contained>
			<object type="Attribute" id="97B9CECA-873E-979D-F2B5-BF05C10F7611" rep_oid="null" rep_ovid="null" is_checkedout="false" checkedout_by="" visible_in_main_view="false" use_default_color="true" background_color="null" foreground_color="null" unique="false" allownull="false" usedomainconstraints="true" is_oid="false" structured_attribute_id="" fk="true" references="9A422682-44FB-EBED-C446-01D5CBF70F8A">
				<name>EMPLOYEE ID</name>
				<comment></comment>
				<notes></notes>
				<alter type="created">
					<user>meyoung</user>
					<timestamp>2010-02-26 11:09:05</timestamp>
				</alter>
				<alter type="changed">
					<user>meyoung</user>
					<timestamp>2010-02-26 11:09:05</timestamp>
				</alter>
				<generator>64E7017A-9459-608E-B2E4-4AB52C1D6C1A</generator>
				<properties>
					<parameter name="design.owner" value="demo20-1a" />
					<parameter name="object.existsinrepository" value="true" />
					<parameter name="object.property.defaultvalue" value="" />
					<parameter name="object.property.usesdefault" value="false" />
					<parameter name="property.comment.rdbms" value="A not null column in the complex primary key employee_id+start_date.&lt;br&gt;Foreign key to employee_id column of the employee table" />
					<parameter name="refers.attribute" value="9A422682-44FB-EBED-C446-01D5CBF70F8A" />
				</properties>
				<engineering>
					<relational_design id="68FA06ED-17B3-EAE6-B229-B07502D6F357" should="true" />
					<relational_design id="DEB699DA-EDB3-37B7-175F-CD91E3FB0083" should="true" />
				</engineering>
				<des_obj_version version="1.0" />
				<domain oid="DOM3000004" file="defaultdomains" />
				<datatype dttype="packed" precision="6" scale="" typename="NUMBER" />
				<reference value="false" />
				<logicaltype dttype="NUMERIC" oid="LOGDT019" />
				<use value="logical type" />
				<sourcetype sort="" />
				<formula desc="" />
				<subtypeSubstitution value="true" />
				<restricted_substitution value="false" />
				<source value="" />
				<documents />
				<parties />
				<changerequests />
				<measurements />
			</object>
			<object type="Attribute" id="1E98FE4C-3F8C-C351-5887-913476EC8C85" rep_oid="null" rep_ovid="null" is_checkedout="false" checkedout_by="" visible_in_main_view="false" use_default_color="true" background_color="null" foreground_color="null" unique="false" allownull="false" usedomainconstraints="true" is_oid="false" structured_attribute_id="" fk="false">
				<name>START DATE</name>
				<comment></comment>
				<notes></notes>
				<alter type="created">
					<user>meyoung</user>
					<timestamp>2010-02-26 11:09:05</timestamp>
				</alter>
				<alter type="changed">
					<user>meyoung</user>
					<timestamp>2010-02-26 11:09:05</timestamp>
				</alter>
				<generator>8354CD7E-4E5C-11B1-2D2E-1D08855785B1</generator>
				<properties>
					<parameter name="design.owner" value="demo20-1a" />
					<parameter name="object.existsinrepository" value="true" />
					<parameter name="object.property.defaultvalue" value="" />
					<parameter name="object.property.usesdefault" value="false" />
					<parameter name="property.comment.rdbms" value="A not null column in the complex primary key employee_id+start_date.&lt;br&gt;Must be less than the end_date of the job_history table. (enforced by&lt;br&gt;constraint jhist_date_interval)" />
				</properties>
				<engineering>
					<relational_design id="68FA06ED-17B3-EAE6-B229-B07502D6F357" should="true" />
					<relational_design id="DEB699DA-EDB3-37B7-175F-CD91E3FB0083" should="true" />
				</engineering>
				<des_obj_version version="1.0" />
				<domain oid="DOM3000004" file="defaultdomains" />
				<datatype dttype="builtin" typename="DATE" />
				<reference value="false" />
				<logicaltype dttype="Date" oid="LOGDT007" />
				<use value="logical type" />
				<sourcetype sort="" />
				<formula desc="" />
				<subtypeSubstitution value="true" />
				<restricted_substitution value="false" />
				<source value="" />
				<documents />
				<parties />
				<changerequests />
				<measurements />
			</object>
			<object type="Attribute" id="363B69FD-D0FB-B441-3199-2D0BECD09D8A" rep_oid="null" rep_ovid="null" is_checkedout="false" checkedout_by="" visible_in_main_view="false" use_default_color="true" background_color="null" foreground_color="null" unique="false" allownull="false" usedomainconstraints="true" is_oid="false" structured_attribute_id="" fk="false">
				<name>END DATE</name>
				<comment></comment>
				<notes></notes>
				<alter type="created">
					<user>meyoung</user>
					<timestamp>2010-02-26 11:09:05</timestamp>
				</alter>
				<alter type="changed">
					<user>meyoung</user>
					<timestamp>2010-02-26 11:09:05</timestamp>
				</alter>
				<generator>772D5FA6-B5D7-5F20-ECE5-51C55E6A89E4</generator>
				<properties>
					<parameter name="design.owner" value="demo20-1a" />
					<parameter name="object.existsinrepository" value="true" />
					<parameter name="object.property.defaultvalue" value="" />
					<parameter name="object.property.usesdefault" value="false" />
					<parameter name="property.comment.rdbms" value="Last day of the employee in this job role. A not null column. Must be&lt;br&gt;greater than the start_date of the job_history table.&lt;br&gt;(enforced by constraint jhist_date_interval)" />
				</properties>
				<engineering>
					<relational_design id="68FA06ED-17B3-EAE6-B229-B07502D6F357" should="true" />
					<relational_design id="DEB699DA-EDB3-37B7-175F-CD91E3FB0083" should="true" />
				</engineering>
				<des_obj_version version="1.0" />
				<domain oid="DOM3000004" file="defaultdomains" />
				<datatype dttype="builtin" typename="DATE" />
				<reference value="false" />
				<logicaltype dttype="Date" oid="LOGDT007" />
				<use value="logical type" />
				<sourcetype sort="" />
				<formula desc="" />
				<subtypeSubstitution value="true" />
				<restricted_substitution value="false" />
				<source value="" />
				<documents />
				<parties />
				<changerequests />
				<measurements />
			</object>
			<object type="Attribute" id="96FD6D59-C146-7ED6-A05F-6FCBCC1E3EBC" rep_oid="null" rep_ovid="null" is_checkedout="false" checkedout_by="" visible_in_main_view="false" use_default_color="true" background_color="null" foreground_color="null" unique="false" allownull="false" usedomainconstraints="true" is_oid="false" structured_attribute_id="" fk="true" references="675F9F4C-095D-A8F9-7952-B328944CAD33">
				<name>JOB ID</name>
				<comment></comment>
				<notes></notes>
				<alter type="created">
					<user>meyoung</user>
					<timestamp>2010-02-26 11:09:05</timestamp>
				</alter>
				<alter type="changed">
					<user>meyoung</user>
					<timestamp>2010-02-26 11:09:05</timestamp>
				</alter>
				<generator>D424CA61-88AD-E278-0EE7-6B63632BB8B9</generator>
				<properties>
					<parameter name="design.owner" value="demo20-1a" />
					<parameter name="object.existsinrepository" value="true" />
					<parameter name="object.property.defaultvalue" value="" />
					<parameter name="object.property.usesdefault" value="false" />
					<parameter name="property.comment.rdbms" value="Job role in which the employee worked in the past; foreign key to&lt;br&gt;job_id column in the jobs table. A not null column." />
					<parameter name="refers.attribute" value="675F9F4C-095D-A8F9-7952-B328944CAD33" />
				</properties>
				<engineering>
					<relational_design id="68FA06ED-17B3-EAE6-B229-B07502D6F357" should="true" />
					<relational_design id="DEB699DA-EDB3-37B7-175F-CD91E3FB0083" should="true" />
				</engineering>
				<des_obj_version version="1.0" />
				<domain oid="DOM3000004" file="defaultdomains" />
				<datatype dttype="var" size="10 BYTE" typename="VARCHAR2" />
				<reference value="false" />
				<logicaltype dttype="VARCHAR" oid="LOGDT024" />
				<use value="logical type" />
				<sourcetype sort="" />
				<formula desc="" />
				<subtypeSubstitution value="true" />
				<restricted_substitution value="false" />
				<source value="" />
				<documents />
				<parties />
				<changerequests />
				<measurements />
			</object>
			<object type="Attribute" id="5F90B1A2-BC55-1DC7-D9F3-9525D2D4293D" rep_oid="null" rep_ovid="null" is_checkedout="false" checkedout_by="" visible_in_main_view="false" use_default_color="true" background_color="null" foreground_color="null" unique="false" allownull="true" usedomainconstraints="true" is_oid="false" structured_attribute_id="" fk="true" references="DF3B54FE-340D-AF14-E7E6-A08697905D30">
				<name>DEPARTMENT ID</name>
				<comment></comment>
				<notes></notes>
				<alter type="created">
					<user>meyoung</user>
					<timestamp>2010-02-26 11:09:05</timestamp>
				</alter>
				<alter type="changed">
					<user>meyoung</user>
					<timestamp>2010-02-26 11:09:05</timestamp>
				</alter>
				<generator>A6E3D888-B663-0A88-16B3-922C914BBF7F</generator>
				<properties>
					<parameter name="design.owner" value="demo20-1a" />
					<parameter name="object.existsinrepository" value="true" />
					<parameter name="object.property.defaultvalue" value="" />
					<parameter name="object.property.usesdefault" value="false" />
					<parameter name="property.comment.rdbms" value="Department id in which the employee worked in the past; foreign key to deparment_id column in the departments table" />
					<parameter name="refers.attribute" value="DF3B54FE-340D-AF14-E7E6-A08697905D30" />
				</properties>
				<engineering>
					<relational_design id="68FA06ED-17B3-EAE6-B229-B07502D6F357" should="true" />
					<relational_design id="DEB699DA-EDB3-37B7-175F-CD91E3FB0083" should="true" />
				</engineering>
				<des_obj_version version="1.0" />
				<domain oid="DOM3000004" file="defaultdomains" />
				<datatype dttype="packed" precision="4" scale="" typename="NUMBER" />
				<reference value="false" />
				<logicaltype dttype="NUMERIC" oid="LOGDT019" />
				<use value="logical type" />
				<sourcetype sort="" />
				<formula desc="" />
				<subtypeSubstitution value="true" />
				<restricted_substitution value="false" />
				<source value="" />
				<documents />
				<parties />
				<changerequests />
				<measurements />
			</object>
		</contained>
		<key>
			<object type="Candidate Key" id="D40662D1-2F42-6DDA-2149-3FEC9BAC450B" rep_oid="null" rep_ovid="null" is_checkedout="false" checkedout_by="" visible_in_main_view="false" use_default_color="true" background_color="null" foreground_color="null" pk="true" keystate="Primary Key" synonym="">
				<name>JHIST EMP ID ST DATE PK</name>
				<comment></comment>
				<notes></notes>
				<alter type="created">
					<user>meyoung</user>
					<timestamp>2010-02-26 11:09:05</timestamp>
				</alter>
				<alter type="changed">
					<user>meyoung</user>
					<timestamp>2010-02-26 11:09:05</timestamp>
				</alter>
				<generator>51C7EBB7-F996-0998-20B5-D58FFE7E4515</generator>
				<properties>
					<parameter name="design.owner" value="demo20-1a" />
					<parameter name="object.existsinrepository" value="true" />
					<parameter name="property.comment.rdbms" value="" />
				</properties>
				<engineering>
					<relational_design id="68FA06ED-17B3-EAE6-B229-B07502D6F357" should="true" />
					<relational_design id="DEB699DA-EDB3-37B7-175F-CD91E3FB0083" should="true" />
				</engineering>
				<des_obj_version version="1.0" />
				<contains type="Attribute">97B9CECA-873E-979D-F2B5-BF05C10F7611</contains>
				<contains type="Attribute">1E98FE4C-3F8C-C351-5887-913476EC8C85</contains>
				<documents />
				<parties />
				<changerequests />
				<measurements />
			</object>
		</key>
	</object>
</metadatadoc>