<?xml version="1.0" encoding="UTF-8" ?>
<metadatadoc version="2.0">
	<object type="Entity" id="FA174A55-2EE7-96E3-3951-0D4943829844" rep_oid="null" rep_ovid="null" is_checkedout="false" checkedout_by="" visible_in_main_view="true" entitytype="" allow_type_substitution="true" strategy="Single Table" minVolumes="0" expectedVolumes="0" maxVolumes="9999999" growthPercent="0" growthType="Year" normalForm="Third" adequatelyNormalized="NO" use_default_color="true" background_color="null" foreground_color="null">
		<name>LOCATIONS</name>
		<comment></comment>
		<notes></notes>
		<alter type="created">
			<user>meyoung</user>
			<timestamp>2010-02-26 11:09:05</timestamp>
		</alter>
		<alter type="changed">
			<user>meyoung</user>
			<timestamp>2010-02-26 11:09:05</timestamp>
		</alter>
		<generator>F78299C3-6D5D-1E44-0657-7760A5E72160</generator>
		<properties>
			<parameter name="design.owner" value="demo20-1a" />
			<parameter name="object.existsinrepository" value="true" />
			<parameter name="property.comment.rdbms" value="Locations table that contains specific address of a specific office,&lt;br&gt;warehouse, and/or production site of a company. Does not store addresses /&lt;br&gt;locations of customers. Contains 23 rows; references with the&lt;br&gt;departments and countries tables. " />
		</properties>
		<parent inherits="false" />
		<engineering>
			<relational_design id="68FA06ED-17B3-EAE6-B229-B07502D6F357" should="true" />
			<relational_design id="DEB699DA-EDB3-37B7-175F-CD91E3FB0083" should="true" />
		</engineering>
		<des_obj_version version="1.0" />
		<fonts>
			<font_object>
				<parameter name="fo_type" value="Title" />
				<parameter name="font_color" value="-16776961" />
				<parameter name="font_name" value="Dialog" />
				<parameter name="font_size" value="10" />
				<parameter name="font_style" value="1" />
			</font_object>
			<font_object>
				<parameter name="fo_type" value="Attribute" />
				<parameter name="font_color" value="-16777216" />
				<parameter name="font_name" value="Dialog" />
				<parameter name="font_size" value="10" />
				<parameter name="font_style" value="0" />
			</font_object>
			<font_object>
				<parameter name="fo_type" value="Datatype" />
				<parameter name="font_color" value="-16744448" />
				<parameter name="font_name" value="Dialog" />
				<parameter name="font_size" value="10" />
				<parameter name="font_style" value="0" />
			</font_object>
			<font_object>
				<parameter name="fo_type" value="PK Element" />
				<parameter name="font_color" value="-16776961" />
				<parameter name="font_name" value="Dialog" />
				<parameter name="font_size" value="10" />
				<parameter name="font_style" value="0" />
			</font_object>
			<font_object>
				<parameter name="fo_type" value="FK Element" />
				<parameter name="font_color" value="-16777216" />
				<parameter name="font_name" value="Dialog" />
				<parameter name="font_size" value="10" />
				<parameter name="font_style" value="0" />
			</font_object>
			<font_object>
				<parameter name="fo_type" value="UK Element" />
				<parameter name="font_color" value="-16776961" />
				<parameter name="font_name" value="Dialog" />
				<parameter name="font_size" value="10" />
				<parameter name="font_style" value="0" />
			</font_object>
			<font_object>
				<parameter name="fo_type" value="Not Null" />
				<parameter name="font_color" value="-65536" />
				<parameter name="font_name" value="Dialog" />
				<parameter name="font_size" value="10" />
				<parameter name="font_style" value="0" />
			</font_object>
			<font_object>
				<parameter name="fo_type" value="Key" />
				<parameter name="font_color" value="-16777216" />
				<parameter name="font_name" value="Dialog" />
				<parameter name="font_size" value="10" />
				<parameter name="font_style" value="0" />
			</font_object>
		</fonts>
		<documents />
		<parties />
		<changerequests />
		<measurements />
		<contained>
			<object type="Attribute" id="B3A934B3-DEAD-A86C-D63A-469A7A23B34F" rep_oid="null" rep_ovid="null" is_checkedout="false" checkedout_by="" visible_in_main_view="false" use_default_color="true" background_color="null" foreground_color="null" unique="false" allownull="false" usedomainconstraints="true" is_oid="false" structured_attribute_id="" fk="false">
				<name>LOCATION ID</name>
				<comment></comment>
				<notes></notes>
				<alter type="created">
					<user>meyoung</user>
					<timestamp>2010-02-26 11:09:05</timestamp>
				</alter>
				<alter type="changed">
					<user>meyoung</user>
					<timestamp>2010-02-26 11:09:05</timestamp>
				</alter>
				<generator>2A4BCE8E-57A5-E380-DAC2-3203E7268DDD</generator>
				<properties>
					<parameter name="design.owner" value="demo20-1a" />
					<parameter name="object.existsinrepository" value="true" />
					<parameter name="object.property.defaultvalue" value="" />
					<parameter name="object.property.usesdefault" value="false" />
					<parameter name="property.comment.rdbms" value="Primary key of locations table" />
				</properties>
				<engineering>
					<relational_design id="68FA06ED-17B3-EAE6-B229-B07502D6F357" should="true" />
					<relational_design id="DEB699DA-EDB3-37B7-175F-CD91E3FB0083" should="true" />
				</engineering>
				<des_obj_version version="1.0" />
				<domain oid="DOM3000004" file="defaultdomains" />
				<datatype dttype="packed" precision="4" scale="" typename="NUMBER" />
				<reference value="false" />
				<logicaltype dttype="NUMERIC" oid="LOGDT019" />
				<use value="logical type" />
				<sourcetype sort="" />
				<formula desc="" />
				<subtypeSubstitution value="true" />
				<restricted_substitution value="false" />
				<source value="" />
				<documents />
				<parties />
				<changerequests />
				<measurements />
			</object>
			<object type="Attribute" id="12630C75-2F7D-411B-75A3-298F83624DB8" rep_oid="null" rep_ovid="null" is_checkedout="false" checkedout_by="" visible_in_main_view="false" use_default_color="true" background_color="null" foreground_color="null" unique="false" allownull="true" usedomainconstraints="true" is_oid="false" structured_attribute_id="" fk="false">
				<name>STREET ADDRESS</name>
				<comment></comment>
				<notes></notes>
				<alter type="created">
					<user>meyoung</user>
					<timestamp>2010-02-26 11:09:05</timestamp>
				</alter>
				<alter type="changed">
					<user>meyoung</user>
					<timestamp>2010-02-26 11:09:05</timestamp>
				</alter>
				<generator>896CCED2-7173-7420-1F0A-FCE30CF6E32A</generator>
				<properties>
					<parameter name="design.owner" value="demo20-1a" />
					<parameter name="object.existsinrepository" value="true" />
					<parameter name="object.property.defaultvalue" value="" />
					<parameter name="object.property.usesdefault" value="false" />
					<parameter name="property.comment.rdbms" value="Street address of an office, warehouse, or production site of a company.&lt;br&gt;Contains building number and street name" />
				</properties>
				<engineering>
					<relational_design id="68FA06ED-17B3-EAE6-B229-B07502D6F357" should="true" />
					<relational_design id="DEB699DA-EDB3-37B7-175F-CD91E3FB0083" should="true" />
				</engineering>
				<des_obj_version version="1.0" />
				<domain oid="DOM3000004" file="defaultdomains" />
				<datatype dttype="var" size="40 BYTE" typename="VARCHAR2" />
				<reference value="false" />
				<logicaltype dttype="VARCHAR" oid="LOGDT024" />
				<use value="logical type" />
				<sourcetype sort="" />
				<formula desc="" />
				<subtypeSubstitution value="true" />
				<restricted_substitution value="false" />
				<source value="" />
				<documents />
				<parties />
				<changerequests />
				<measurements />
			</object>
			<object type="Attribute" id="354560B3-CF94-1676-DC1D-74F266BF714F" rep_oid="null" rep_ovid="null" is_checkedout="false" checkedout_by="" visible_in_main_view="false" use_default_color="true" background_color="null" foreground_color="null" unique="false" allownull="true" usedomainconstraints="true" is_oid="false" structured_attribute_id="" fk="false">
				<name>POSTAL CODE</name>
				<comment></comment>
				<notes></notes>
				<alter type="created">
					<user>meyoung</user>
					<timestamp>2010-02-26 11:09:05</timestamp>
				</alter>
				<alter type="changed">
					<user>meyoung</user>
					<timestamp>2010-02-26 11:09:05</timestamp>
				</alter>
				<generator>D884ED0C-EFBF-27E6-E4E5-BB4B851A73A3</generator>
				<properties>
					<parameter name="design.owner" value="demo20-1a" />
					<parameter name="object.existsinrepository" value="true" />
					<parameter name="object.property.defaultvalue" value="" />
					<parameter name="object.property.usesdefault" value="false" />
					<parameter name="property.comment.rdbms" value="Postal code of the location of an office, warehouse, or production site&lt;br&gt;of a company. " />
				</properties>
				<engineering>
					<relational_design id="68FA06ED-17B3-EAE6-B229-B07502D6F357" should="true" />
					<relational_design id="DEB699DA-EDB3-37B7-175F-CD91E3FB0083" should="true" />
				</engineering>
				<des_obj_version version="1.0" />
				<domain oid="DOM3000004" file="defaultdomains" />
				<datatype dttype="var" size="12 BYTE" typename="VARCHAR2" />
				<reference value="false" />
				<logicaltype dttype="VARCHAR" oid="LOGDT024" />
				<use value="logical type" />
				<sourcetype sort="" />
				<formula desc="" />
				<subtypeSubstitution value="true" />
				<restricted_substitution value="false" />
				<source value="" />
				<documents />
				<parties />
				<changerequests />
				<measurements />
			</object>
			<object type="Attribute" id="1944B1BC-3DFA-3C20-8188-7DCC2BD1CDFC" rep_oid="null" rep_ovid="null" is_checkedout="false" checkedout_by="" visible_in_main_view="false" use_default_color="true" background_color="null" foreground_color="null" unique="false" allownull="false" usedomainconstraints="true" is_oid="false" structured_attribute_id="" fk="false">
				<name>CITY</name>
				<comment></comment>
				<notes></notes>
				<alter type="created">
					<user>meyoung</user>
					<timestamp>2010-02-26 11:09:05</timestamp>
				</alter>
				<alter type="changed">
					<user>meyoung</user>
					<timestamp>2010-02-26 11:09:05</timestamp>
				</alter>
				<generator>D632AB4E-F5BD-EB01-B300-B062EDD04A1E</generator>
				<properties>
					<parameter name="design.owner" value="demo20-1a" />
					<parameter name="object.existsinrepository" value="true" />
					<parameter name="object.property.defaultvalue" value="" />
					<parameter name="object.property.usesdefault" value="false" />
					<parameter name="property.comment.rdbms" value="A not null column that shows city where an office, warehouse, or&lt;br&gt;production site of a company is located. " />
				</properties>
				<engineering>
					<relational_design id="68FA06ED-17B3-EAE6-B229-B07502D6F357" should="true" />
					<relational_design id="DEB699DA-EDB3-37B7-175F-CD91E3FB0083" should="true" />
				</engineering>
				<des_obj_version version="1.0" />
				<domain oid="DOM3000004" file="defaultdomains" />
				<datatype dttype="var" size="30 BYTE" typename="VARCHAR2" />
				<reference value="false" />
				<logicaltype dttype="VARCHAR" oid="LOGDT024" />
				<use value="logical type" />
				<sourcetype sort="" />
				<formula desc="" />
				<subtypeSubstitution value="true" />
				<restricted_substitution value="false" />
				<source value="" />
				<documents />
				<parties />
				<changerequests />
				<measurements />
			</object>
			<object type="Attribute" id="0692A1A8-6618-94F9-BC1E-E892D3D4B680" rep_oid="null" rep_ovid="null" is_checkedout="false" checkedout_by="" visible_in_main_view="false" use_default_color="true" background_color="null" foreground_color="null" unique="false" allownull="true" usedomainconstraints="true" is_oid="false" structured_attribute_id="" fk="false">
				<name>STATE PROVINCE</name>
				<comment></comment>
				<notes></notes>
				<alter type="created">
					<user>meyoung</user>
					<timestamp>2010-02-26 11:09:05</timestamp>
				</alter>
				<alter type="changed">
					<user>meyoung</user>
					<timestamp>2010-02-26 11:09:05</timestamp>
				</alter>
				<generator>523397AE-89D6-F075-B6F6-3E998C81DA34</generator>
				<properties>
					<parameter name="design.owner" value="demo20-1a" />
					<parameter name="object.existsinrepository" value="true" />
					<parameter name="object.property.defaultvalue" value="" />
					<parameter name="object.property.usesdefault" value="false" />
					<parameter name="property.comment.rdbms" value="State or Province where an office, warehouse, or production site of a&lt;br&gt;company is located." />
				</properties>
				<engineering>
					<relational_design id="68FA06ED-17B3-EAE6-B229-B07502D6F357" should="true" />
					<relational_design id="DEB699DA-EDB3-37B7-175F-CD91E3FB0083" should="true" />
				</engineering>
				<des_obj_version version="1.0" />
				<domain oid="DOM3000004" file="defaultdomains" />
				<datatype dttype="var" size="25 BYTE" typename="VARCHAR2" />
				<reference value="false" />
				<logicaltype dttype="VARCHAR" oid="LOGDT024" />
				<use value="logical type" />
				<sourcetype sort="" />
				<formula desc="" />
				<subtypeSubstitution value="true" />
				<restricted_substitution value="false" />
				<source value="" />
				<documents />
				<parties />
				<changerequests />
				<measurements />
			</object>
			<object type="Attribute" id="5F9108E4-B400-3D6E-9DB0-D1D5A6AD4417" rep_oid="null" rep_ovid="null" is_checkedout="false" checkedout_by="" visible_in_main_view="false" use_default_color="true" background_color="null" foreground_color="null" unique="false" allownull="true" usedomainconstraints="true" is_oid="false" structured_attribute_id="" fk="true" references="0FC8A5E8-CFB4-7465-1A3C-7F7789D00974">
				<name>COUNTRY ID</name>
				<comment></comment>
				<notes></notes>
				<alter type="created">
					<user>meyoung</user>
					<timestamp>2010-02-26 11:09:05</timestamp>
				</alter>
				<alter type="changed">
					<user>meyoung</user>
					<timestamp>2010-02-26 11:09:05</timestamp>
				</alter>
				<generator>D32B758E-2B6B-58E1-D2AB-2227CA81DF68</generator>
				<properties>
					<parameter name="design.owner" value="demo20-1a" />
					<parameter name="object.existsinrepository" value="true" />
					<parameter name="object.property.defaultvalue" value="" />
					<parameter name="object.property.usesdefault" value="false" />
					<parameter name="property.comment.rdbms" value="Country where an office, warehouse, or production site of a company is&lt;br&gt;located. Foreign key to country_id column of the countries table." />
					<parameter name="refers.attribute" value="0FC8A5E8-CFB4-7465-1A3C-7F7789D00974" />
				</properties>
				<engineering>
					<relational_design id="68FA06ED-17B3-EAE6-B229-B07502D6F357" should="true" />
					<relational_design id="DEB699DA-EDB3-37B7-175F-CD91E3FB0083" should="true" />
				</engineering>
				<des_obj_version version="1.0" />
				<domain oid="DOM3000004" file="defaultdomains" />
				<datatype dttype="fixed" size="2 BYTE" typename="CHAR" />
				<reference value="false" />
				<logicaltype dttype="CHAR" oid="LOGDT025" />
				<use value="logical type" />
				<sourcetype sort="" />
				<formula desc="" />
				<subtypeSubstitution value="true" />
				<restricted_substitution value="false" />
				<source value="" />
				<documents />
				<parties />
				<changerequests />
				<measurements />
			</object>
		</contained>
		<key>
			<object type="Candidate Key" id="694B77C2-0BDD-86F7-E00D-84DE1F5E2187" rep_oid="null" rep_ovid="null" is_checkedout="false" checkedout_by="" visible_in_main_view="false" use_default_color="true" background_color="null" foreground_color="null" pk="true" keystate="Primary Key" synonym="">
				<name>LOC ID PK</name>
				<comment></comment>
				<notes></notes>
				<alter type="created">
					<user>meyoung</user>
					<timestamp>2010-02-26 11:09:05</timestamp>
				</alter>
				<alter type="changed">
					<user>meyoung</user>
					<timestamp>2010-02-26 11:09:05</timestamp>
				</alter>
				<generator>EA13910E-590F-D17F-D2E1-5FD7239AB73E</generator>
				<properties>
					<parameter name="design.owner" value="demo20-1a" />
					<parameter name="object.existsinrepository" value="true" />
					<parameter name="property.comment.rdbms" value="" />
				</properties>
				<engineering>
					<relational_design id="68FA06ED-17B3-EAE6-B229-B07502D6F357" should="true" />
					<relational_design id="DEB699DA-EDB3-37B7-175F-CD91E3FB0083" should="true" />
				</engineering>
				<des_obj_version version="1.0" />
				<contains type="Attribute">B3A934B3-DEAD-A86C-D63A-469A7A23B34F</contains>
				<documents />
				<parties />
				<changerequests />
				<measurements />
			</object>
		</key>
	</object>
</metadatadoc>