<?xml version="1.0" encoding="UTF-8" ?>
<metadatadoc version="2.0" stdes_version="2.2">
	<!-- Specific properties for physical objects of type: Structured Types -->

	<object oid="47E390DE-0671-C4B1-8428-0F45CBEE18F8" type="SType" role="contains" marked_generate="true" />
	<!-- Specific properties for physical objects of type: TypeElements -->

	<!-- Specific properties for physical objects of type: Methods -->

	<!-- Specific properties for physical objects of type: Method Parameters -->

	<!-- Specific properties for physical objects of type: Collection Types -->

		<!-- RDBMS objects of type: Databases -->

		<!-- RDBMS objects of type: Tablespaces -->

		<!-- RDBMS objects of type: Temp Tablespaces -->

		<!-- RDBMS objects of type: Undo Tablespaces -->

		<!-- RDBMS objects of type: DataFile -->

		<!-- RDBMS objects of type: RLG -->

		<!-- RDBMS objects of type: Users -->

		<!-- RDBMS objects of type: QuotaItem -->

	<!-- Specific properties for physical objects of type: Tables -->

	<object oid="00D08E75-B18E-3E82-CE78-8953B8261A87" type="Table" role="contains" marked_generate="true" />
	<object oid="144287CF-D042-5AF9-CB07-E88AD5AB5B65" type="Table" role="contains" marked_generate="true" />
	<object oid="5A0FAF6F-FD82-6865-8559-C2587D479115" type="Table" role="contains" marked_generate="true" />
	<object oid="5DFB72DC-110B-8536-459E-6783D0433EC7" type="Table" role="contains" marked_generate="true" />
	<object oid="607361CA-58F6-CE86-929F-CE620C850C88" type="Table" role="contains" marked_generate="true" />
	<object oid="79BC8932-7E30-DDE8-168D-913647EBD2BC" type="Table" role="contains" marked_generate="true" />
	<object oid="E5726DEC-E5D1-8848-01D5-288B1E9B07D7" type="Table" role="contains" marked_generate="true" />
	<object oid="F180245B-1AC3-2321-802A-7DD621DBA7BA" type="Table" role="contains" marked_generate="true" />
		<!-- RDBMS objects of type: External Tables -->

		<!-- RDBMS objects of type: ExternCol -->

		<!-- RDBMS objects of type: ListTemplatePart -->

		<!-- RDBMS objects of type: Clusters -->

		<!-- RDBMS objects of type: CI -->

		<!-- RDBMS objects of type: Segment Templates -->

		<!-- RDBMS objects of type: Rollback Segments -->

		<!-- RDBMS objects of type: Snapshots -->

		<!-- RDBMS objects of type: PL -->

		<!-- RDBMS objects of type: Partition -->

		<!-- RDBMS objects of type: LP -->

		<!-- RDBMS objects of type: LS -->

		<!-- RDBMS objects of type: HP -->

		<!-- RDBMS objects of type: LobStorage -->

		<!-- RDBMS objects of type: IHP -->

		<!-- RDBMS objects of type: LobStorage -->

		<!-- RDBMS objects of type: Roles -->

	<!-- Specific properties for physical objects of type: Views -->

	<object oid="B661D7A1-9340-29F5-49ED-E69836F22087" type="View" role="contains" marked_generate="true" />
		<!-- RDBMS objects of type: Sequences -->

		<!-- RDBMS objects of type: Permissions -->

		<!-- RDBMS objects of type: IGPL -->

		<!-- RDBMS objects of type: IGP -->

		<!-- RDBMS objects of type: CC -->

		<!-- RDBMS objects of type: Synonyms -->

		<!-- RDBMS objects of type: NNC -->

		<!-- RDBMS objects of type: Directories -->

		<!-- RDBMS objects of type: Trg -->

		<!-- RDBMS objects of type: Stored Procedures -->

		<!-- RDBMS objects of type: Level -->

		<!-- RDBMS objects of type: Hierarchy -->

		<!-- RDBMS objects of type: Attr -->

		<!-- RDBMS objects of type: Dimensions -->

		<!-- RDBMS objects of type: BJI -->

		<!-- RDBMS objects of type: Contexts -->

		<!-- RDBMS objects of type: Disk Groups -->

		<!-- RDBMS objects of type: FG -->

		<!-- RDBMS objects of type: ASM -->

		<!-- RDBMS objects of type: LIP -->

</metadatadoc>