<?xml version="1.0" encoding="UTF-8" ?>
<metadatadoc version="2.0">
	<object type="PartList" id="B1033C8E-AC5D-C481-CAFF-2EC1C47D0597">
		<name>PL1</name>
		<comment></comment>
		<notes></notes>
		<alter type="created">
			<user>meyoung</user>
			<timestamp>2010-02-25 14:18:33</timestamp>
		</alter>
		<alter type="changed">
			<user>meyoung</user>
			<timestamp>2010-02-25 14:18:33</timestamp>
		</alter>
		<properties>
			<parameter name="object.property.auto.ColumnList" value="HIRE_DATE" />
			<parameter name="object.property.auto.GeneratedInRDBMS" value="false" />
			<parameter name="object.property.auto.HashPQuantity" value="0" />
			<parameter name="object.property.auto.HashPTableSpaces" value="" />
			<parameter name="object.property.auto.LongName" value="PL1" />
			<parameter name="object.property.auto.MarkedGenerate" value="true" />
			<parameter name="object.property.auto.Name" value="PL1" />
			<parameter name="object.property.auto.NameHasQuotes" value="false" />
			<parameter name="object.property.auto.PartitionType" value="RANGE" />
			<parameter name="object.property.auto.RawObject" value="false" />
			<parameter name="object.property.auto.Snapshot" value="NO_OBJECT" />
			<parameter name="object.property.auto.SubPartitionsColumnList" value="" />
			<parameter name="object.property.auto.SubPartitionsQuantity" value="0" />
			<parameter name="object.property.auto.SubPartitionsTableSpaces" value="" />
			<parameter name="object.property.auto.Table" value="2CFA16A9-6179-37AF-1EBE-1EB2E5D0C2A0" />
			<parameter name="object.property.auto.UseSubpartStorageTemplate" value="NO" />
			<parameter name="design.owner" value="demo19-1a" />
			<parameter name="object.existsinrepository" value="true" />
		</properties>
	</object>
</metadatadoc>