<?xml version="1.0" encoding="UTF-8" ?>
<domain version="2.0">
	<object type="Domain" id="3E947F1F-C56D-D76F-8AEF-439525EC7776" rep_oid="null" rep_ovid="null" is_checkedout="false" checkedout_by="" visible_in_main_view="false" imported_id="05380779-AA6B-F6D6-E4A9-D8438B965B01" avt_sort_order="0" synonym="" dimension="" file="domains" use_default_color="true" background_color="null" foreground_color="null">
		<name>Name_50</name>
		<comment></comment>
		<notes></notes>
		<alter type="created">
			<user>meyoung</user>
			<timestamp>2010-02-23 10:36:01</timestamp>
		</alter>
		<alter type="changed">
			<user>meyoung</user>
			<timestamp>2010-02-26 11:10:37</timestamp>
		</alter>
		<properties>
			<parameter name="design.owner" value="demo20-1a" />
			<parameter name="object.existsinrepository" value="true" />
		</properties>
		<avt>
			<beginvalue></beginvalue>
			<endvalue></endvalue>
			<description></description>
		</avt>
		<parameters>
<!-- Default values for named parameters, passed on to logical datatypes -->

			<parameter name="design.owner" value="System" />
			<parameter name="object.existsinrepository" value="true" />
			<parameter name="size" value="50 CHAR" />
		</parameters>
		<logicaltype oid="LOGDT024" name="VARCHAR" />
		<engineering>
			<relational_design id="68FA06ED-17B3-EAE6-B229-B07502D6F357" should="true" />
			<relational_design id="DEB699DA-EDB3-37B7-175F-CD91E3FB0083" should="true" />
		</engineering>
		<des_obj_version version="1.0" />
	</object>
	<object type="Domain" id="FCE1EFB1-BEBF-05A6-5975-09F3D464BC0C" rep_oid="null" rep_ovid="null" is_checkedout="false" checkedout_by="" visible_in_main_view="false" imported_id="75944096-B87A-E700-F1D9-AA3A0B9500A8" avt_sort_order="0" synonym="" dimension="" file="domains" use_default_color="true" background_color="null" foreground_color="null">
		<name>id_6</name>
		<comment></comment>
		<notes></notes>
		<alter type="created">
			<user>meyoung</user>
			<timestamp>2010-02-26 11:10:37</timestamp>
		</alter>
		<alter type="changed">
			<user>meyoung</user>
			<timestamp>2010-02-26 11:10:37</timestamp>
		</alter>
		<properties>
			<parameter name="design.owner" value="demo20-1a" />
			<parameter name="object.existsinrepository" value="true" />
		</properties>
		<avt>
			<beginvalue></beginvalue>
			<endvalue></endvalue>
			<description></description>
		</avt>
		<parameters>
<!-- Default values for named parameters, passed on to logical datatypes -->

			<parameter name="size" value="6 BYTE" />
		</parameters>
		<logicaltype oid="LOGDT019" name="NUMERIC" />
		<engineering>
			<relational_design id="68FA06ED-17B3-EAE6-B229-B07502D6F357" should="true" />
			<relational_design id="DEB699DA-EDB3-37B7-175F-CD91E3FB0083" should="true" />
		</engineering>
		<des_obj_version version="1.0" />
	</object>
</domain>