<?xml version="1.0" encoding="UTF-8" ?>
<design version="2.0" id="E17F99D8-C2A8-5725-C556-DFF80C000E74">
	<ref>
		<objectid role="contains" type="Entity" oid="4B57AB9A-C019-E110-08EC-B1221A115AFE" />
		<objectid role="contains" type="Entity" oid="31674FD1-1DEE-353C-5D29-CD4BB4A7C0AA" />
		<objectid role="contains" type="Entity" oid="D4DC6D1B-5EDB-136B-86AD-75D791CB0321" />
		<objectid role="contains" type="Entity" oid="58F663BA-81F5-F2B0-BCB5-1FAA287321E7" />
		<objectid role="contains" type="Entity" oid="B6CFD192-9206-8BFC-DAD9-0D718E50D8E1" />
		<objectid role="contains" type="Entity" oid="48FFBD7F-F3C1-8257-9773-2DE2B96B8BB2" />
		<objectid role="contains" type="Entity" oid="FF7CA7C8-92E5-F6C2-8B31-51D3AA62E6C8" />
		<objectid role="contains" type="Relation" oid="8CB59423-F382-C73A-BD0E-8E4147428DE0" />
		<objectid role="contains" type="Relation" oid="B85E299A-D20B-95C9-0C53-256FC13F09D2" />
		<objectid role="contains" type="Relation" oid="E0721113-4860-E26E-5348-DC19E4576862" />
		<objectid role="contains" type="Relation" oid="A62D49ED-34B1-6220-4FBC-739B217FC47C" />
		<objectid role="contains" type="Relation" oid="EDDC1909-7B53-1744-714E-01BA537BD7DA" />
		<objectid role="contains" type="Relation" oid="E6E1D5D1-E457-335F-4221-1E9085478855" />
	</ref>
	<type_substitutions />
	<ext_sub_views_collection>
		<sub_view subview_name="Logical" id="8A2E833A-BAB5-234F-DABA-351A52DEB745" sv_type="main_view" visible="true" rep_oid="null" rep_ovid="null" is_checkedout="false" checkedout_by="" />
	</ext_sub_views_collection>
	<documents />
	<parties />
	<naming_options>
		<naming_option class_name="oracle.dbtools.crest.model.design.logical.Entity" max_name_length="254" case_type="2" valid_characters="" all_valid="true" />
		<naming_option class_name="oracle.dbtools.crest.model.design.logical.Attribute" max_name_length="254" case_type="2" valid_characters="" all_valid="true" />
		<naming_option class_name="oracle.dbtools.crest.model.design.logical.EntityView" max_name_length="254" case_type="2" valid_characters="" all_valid="true" />
	</naming_options>
</design>