<?xml version="1.0" encoding="UTF-8" ?>
<metadatadoc version="2.0" stdes_version="2.2">
	<!-- Specific properties for physical objects of type: Structured Types -->

	<object oid="47E390DE-0671-C4B1-8428-0F45CBEE18F8" type="SType" role="contains" marked_generate="true" />
	<!-- Specific properties for physical objects of type: TypeElements -->

	<!-- Specific properties for physical objects of type: Methods -->

	<!-- Specific properties for physical objects of type: Method Parameters -->

	<!-- Specific properties for physical objects of type: Collection Types -->

		<!-- RDBMS objects of type: Databases -->

		<!-- RDBMS objects of type: Tablespaces -->

	<object oid="8D9F9F75-2F4C-5448-22DE-977BCF0C45EF" type="TSpace" role="contains" marked_generate="true" />
		<!-- RDBMS objects of type: Temp Tablespaces -->

		<!-- RDBMS objects of type: Undo Tablespaces -->

		<!-- RDBMS objects of type: DataFile -->

		<!-- RDBMS objects of type: RLG -->

		<!-- RDBMS objects of type: Users -->

	<object oid="EF0769EA-C6DD-D4F0-CC74-C7443578AAD5" type="User" role="contains" marked_generate="true" />
		<!-- RDBMS objects of type: QuotaItem -->

	<!-- Specific properties for physical objects of type: Tables -->

	<object oid="10A86985-48EC-C6B3-8CD5-71A664C51682" type="Table" role="contains" marked_generate="true" />
	<object oid="2168CBE7-8512-43AF-48C7-517B0CF601DA" type="Table" role="contains" marked_generate="true" />
	<object oid="6F2BC1A4-E6A1-0FFC-1DF5-E47419565A76" type="Table" role="contains" marked_generate="true" />
	<object oid="D24F118A-8855-2B78-566D-208398EDD37D" type="Table" role="contains" marked_generate="true" />
	<object oid="DC6A08B0-832F-B2FC-69CA-0F7B4160D912" type="Table" role="contains" marked_generate="true" />
	<object oid="F2AB040E-C4DA-4A90-0669-94A558E06E60" type="Table" role="contains" marked_generate="true" />
	<object oid="F59CED9A-4D43-AE7B-1C14-3B7E3B448C59" type="Table" role="contains" marked_generate="true" />
		<!-- RDBMS objects of type: External Tables -->

		<!-- RDBMS objects of type: ExternCol -->

		<!-- RDBMS objects of type: ListTemplatePart -->

		<!-- RDBMS objects of type: Clusters -->

		<!-- RDBMS objects of type: CI -->

		<!-- RDBMS objects of type: Segment Templates -->

	<object oid="C3349D14-9ABD-51E2-2CE5-606C9C042D9D" type="Segment" role="contains" marked_generate="true" />
	<object oid="CF0CF955-F26F-0FE3-53FA-27086FAD4DC6" type="Segment" role="contains" marked_generate="true" />
	<object oid="C0209DC4-3513-72A4-B20D-4C5A99DAA88E" type="Segment" role="contains" marked_generate="true" />
		<!-- RDBMS objects of type: Rollback Segments -->

		<!-- RDBMS objects of type: Snapshots -->

		<!-- RDBMS objects of type: PL -->

		<!-- RDBMS objects of type: Partition -->

		<!-- RDBMS objects of type: LP -->

		<!-- RDBMS objects of type: LS -->

		<!-- RDBMS objects of type: HP -->

		<!-- RDBMS objects of type: LobStorage -->

		<!-- RDBMS objects of type: IHP -->

		<!-- RDBMS objects of type: LobStorage -->

		<!-- RDBMS objects of type: Roles -->

	<!-- Specific properties for physical objects of type: Views -->

		<!-- RDBMS objects of type: Sequences -->

		<!-- RDBMS objects of type: Permissions -->

		<!-- RDBMS objects of type: IGPL -->

		<!-- RDBMS objects of type: IGP -->

		<!-- RDBMS objects of type: CC -->

		<!-- RDBMS objects of type: Synonyms -->

		<!-- RDBMS objects of type: NNC -->

		<!-- RDBMS objects of type: Directories -->

		<!-- RDBMS objects of type: Trg -->

	<object oid="FEEAF4AB-5AE7-0DDA-CF79-B5E4A48D1BA8" type="Trigger" role="contains" marked_generate="true" />
	<object oid="0A953DE5-351C-235C-035D-4DE0439D5E4A" type="Trigger" role="contains" marked_generate="true" />
		<!-- RDBMS objects of type: Stored Procedures -->

		<!-- RDBMS objects of type: Level -->

		<!-- RDBMS objects of type: Hierarchy -->

		<!-- RDBMS objects of type: Attr -->

		<!-- RDBMS objects of type: Dimensions -->

		<!-- RDBMS objects of type: BJI -->

		<!-- RDBMS objects of type: Contexts -->

		<!-- RDBMS objects of type: Disk Groups -->

		<!-- RDBMS objects of type: FG -->

		<!-- RDBMS objects of type: ASM -->

		<!-- RDBMS objects of type: LIP -->

</metadatadoc>