<?xml version="1.0" encoding="UTF-8" ?>
<design version="2.0" id="41C4ED47-D693-4D42-5326-EBD14276A29F">
	<ref>
		<objectid role="contains" type="StructuredType" oid="47E390DE-0671-C4B1-8428-0F45CBEE18F8" />
	</ref>
	<ext_sub_views_collection>
		<sub_view subview_name="Data Types" id="65DD3FC0-73C0-68F2-9E79-30FF448D824B" sv_type="main_view" visible="false" rep_oid="null" rep_ovid="null" is_checkedout="false" checkedout_by="" />
	</ext_sub_views_collection>
	<documents />
	<parties />
</design>