<?xml version="1.0" encoding="UTF-8" ?>
<metadatadoc version="2.0">
	<sub_view subview_name="Relational_1" id="34422ECE-B0FC-1C0F-AD76-3C9C6BE47580" generator="null" visible="true" comment="" notes="" sv_type="main_view" rep_oid="null" rep_ovid="null" is_checkedout="false" checkedout_by="">
		<alter type="created">
			<user>oracle</user>
			<timestamp>2009-12-18 15:29:36</timestamp>
		</alter>
		<alter type="changed">
			<user>oracle</user>
			<timestamp>2009-12-18 15:32:36</timestamp>
		</alter>
		<main_display name="Relational_1" objectid="34422ECE-B0FC-1C0F-AD76-3C9C6BE47580" notation="1" show_all_details="true" show_names_only="false" show_elements="false" show_datatype="false" show_keys="false" auto_route="false" box_in_box="true" comment="" notes="">
			<objectid role="represents" type="Table" oid="10A86985-48EC-C6B3-8CD5-71A664C51682" viewid="98A40CE3-1F54-F45C-19D5-1BEC0891BAA7" tv_generator_id="null" viewnumber="0">
				<graphical>
					<parameter name="background_color" value="NULL" />
					<parameter name="foreground_color" value="NULL" />
					<parameter name="h" value="85.0" />
					<parameter name="use_default_color" value="true" />
					<parameter name="w" value="286.0" />
					<parameter name="x" value="21.0" />
					<parameter name="y" value="637.0" />
				</graphical>
			</objectid>
			<objectid role="represents" type="Table" oid="2168CBE7-8512-43AF-48C7-517B0CF601DA" viewid="529B63CD-20E5-A02E-A3D6-9AEC3F311431" tv_generator_id="null" viewnumber="0">
				<graphical>
					<parameter name="background_color" value="NULL" />
					<parameter name="foreground_color" value="NULL" />
					<parameter name="h" value="113.0" />
					<parameter name="use_default_color" value="true" />
					<parameter name="w" value="286.0" />
					<parameter name="x" value="20.0" />
					<parameter name="y" value="235.0" />
				</graphical>
			</objectid>
			<objectid role="represents" type="Table" oid="DC6A08B0-832F-B2FC-69CA-0F7B4160D912" viewid="929C48F7-D78B-812B-B7B4-11F35E0E91AC" tv_generator_id="null" viewnumber="0">
				<graphical>
					<parameter name="background_color" value="NULL" />
					<parameter name="foreground_color" value="NULL" />
					<parameter name="h" value="267.0" />
					<parameter name="use_default_color" value="true" />
					<parameter name="w" value="286.0" />
					<parameter name="x" value="387.0" />
					<parameter name="y" value="235.0" />
				</graphical>
			</objectid>
			<objectid role="represents" type="Table" oid="F2AB040E-C4DA-4A90-0669-94A558E06E60" viewid="F44ABE3B-CC8F-CE7A-8180-79DCDD8CA20E" tv_generator_id="null" viewnumber="0">
				<graphical>
					<parameter name="background_color" value="NULL" />
					<parameter name="foreground_color" value="NULL" />
					<parameter name="h" value="99.0" />
					<parameter name="use_default_color" value="true" />
					<parameter name="w" value="286.0" />
					<parameter name="x" value="386.0" />
					<parameter name="y" value="20.0" />
				</graphical>
			</objectid>
			<objectid role="represents" type="Table" oid="6F2BC1A4-E6A1-0FFC-1DF5-E47419565A76" viewid="91B17E55-3639-69EC-8E48-609B1D2A91F9" tv_generator_id="null" viewnumber="0">
				<graphical>
					<parameter name="background_color" value="NULL" />
					<parameter name="foreground_color" value="NULL" />
					<parameter name="h" value="155.0" />
					<parameter name="use_default_color" value="true" />
					<parameter name="w" value="286.0" />
					<parameter name="x" value="20.0" />
					<parameter name="y" value="20.0" />
				</graphical>
			</objectid>
			<objectid role="represents" type="Table" oid="F59CED9A-4D43-AE7B-1C14-3B7E3B448C59" viewid="4B2A5146-B95C-6558-FEBD-BFC63FBA46A0" tv_generator_id="null" viewnumber="0">
				<graphical>
					<parameter name="background_color" value="NULL" />
					<parameter name="foreground_color" value="NULL" />
					<parameter name="h" value="169.0" />
					<parameter name="use_default_color" value="true" />
					<parameter name="w" value="286.0" />
					<parameter name="x" value="21.0" />
					<parameter name="y" value="408.0" />
				</graphical>
			</objectid>
			<objectid role="represents" type="Table" oid="D24F118A-8855-2B78-566D-208398EDD37D" viewid="81729476-C208-D2BF-43F4-58D03442BD47" tv_generator_id="null" viewnumber="0">
				<graphical>
					<parameter name="background_color" value="NULL" />
					<parameter name="foreground_color" value="NULL" />
					<parameter name="h" value="71.0" />
					<parameter name="use_default_color" value="true" />
					<parameter name="w" value="286.0" />
					<parameter name="x" value="21.0" />
					<parameter name="y" value="782.0" />
				</graphical>
			</objectid>
			<objectid role="represents" type="FKIndexAssociation" oid="7800CE7E-104D-0494-6732-2119D4932CAB" source="D24F118A-8855-2B78-566D-208398EDD37D" target="10A86985-48EC-C6B3-8CD5-71A664C51682" viewid_source="81729476-C208-D2BF-43F4-58D03442BD47" viewid_target="98A40CE3-1F54-F45C-19D5-1BEC0891BAA7">
				<points>
					<point x_coordinate="164.0" y_coordinate="782.0" />
					<point x_coordinate="164.0" y_coordinate="722.0" />
				</points>
				<labels>
					<source x_coordinate="-1.0" y_coordinate="-1.0" width="-1.0" height="-1.0" />
					<target x_coordinate="-1.0" y_coordinate="-1.0" width="-1.0" height="-1.0" />
					<main_label x_coordinate="-1.0" y_coordinate="-1.0" width="-1.0" height="-1.0" />
				</labels>
				<graphical>
					<parameter name="use_default_color" value="true" />
				</graphical>
			</objectid>
			<objectid role="represents" type="FKIndexAssociation" oid="940CD603-AE77-DC89-F33B-44CCF3FCC2F2" source="F59CED9A-4D43-AE7B-1C14-3B7E3B448C59" target="2168CBE7-8512-43AF-48C7-517B0CF601DA" viewid_source="4B2A5146-B95C-6558-FEBD-BFC63FBA46A0" viewid_target="529B63CD-20E5-A02E-A3D6-9AEC3F311431">
				<points>
					<point x_coordinate="163.5" y_coordinate="408.0" />
					<point x_coordinate="163.5" y_coordinate="348.0" />
				</points>
				<labels>
					<source x_coordinate="-1.0" y_coordinate="-1.0" width="-1.0" height="-1.0" />
					<target x_coordinate="-1.0" y_coordinate="-1.0" width="-1.0" height="-1.0" />
					<main_label x_coordinate="-1.0" y_coordinate="-1.0" width="-1.0" height="-1.0" />
				</labels>
				<graphical>
					<parameter name="use_default_color" value="true" />
				</graphical>
			</objectid>
			<objectid role="represents" type="FKIndexAssociation" oid="47F54D76-1DCC-F612-E810-E55D4879E47B" source="DC6A08B0-832F-B2FC-69CA-0F7B4160D912" target="2168CBE7-8512-43AF-48C7-517B0CF601DA" viewid_source="929C48F7-D78B-812B-B7B4-11F35E0E91AC" viewid_target="529B63CD-20E5-A02E-A3D6-9AEC3F311431">
				<points>
					<point x_coordinate="387.0" y_coordinate="291.5" />
					<point x_coordinate="306.0" y_coordinate="291.5" />
				</points>
				<labels>
					<source x_coordinate="-1.0" y_coordinate="-1.0" width="-1.0" height="-1.0" />
					<target x_coordinate="-1.0" y_coordinate="-1.0" width="-1.0" height="-1.0" />
					<main_label x_coordinate="-1.0" y_coordinate="-1.0" width="-1.0" height="-1.0" />
				</labels>
				<graphical>
					<parameter name="use_default_color" value="true" />
				</graphical>
			</objectid>
			<objectid role="represents" type="FKIndexAssociation" oid="CEF4A7D2-F22D-E9B7-35C1-EB7EA7AF43B7" source="2168CBE7-8512-43AF-48C7-517B0CF601DA" target="DC6A08B0-832F-B2FC-69CA-0F7B4160D912" viewid_source="529B63CD-20E5-A02E-A3D6-9AEC3F311431" viewid_target="929C48F7-D78B-812B-B7B4-11F35E0E91AC">
				<points>
					<point x_coordinate="306.0" y_coordinate="301.5" />
					<point x_coordinate="387.0" y_coordinate="301.5" />
				</points>
				<labels>
					<source x_coordinate="-1.0" y_coordinate="-1.0" width="-1.0" height="-1.0" />
					<target x_coordinate="-1.0" y_coordinate="-1.0" width="-1.0" height="-1.0" />
					<main_label x_coordinate="-1.0" y_coordinate="-1.0" width="-1.0" height="-1.0" />
				</labels>
				<graphical>
					<parameter name="use_default_color" value="true" />
				</graphical>
			</objectid>
			<objectid role="represents" type="FKIndexAssociation" oid="10BD333C-B9A9-44A4-481B-F7E2234C81BA" source="F2AB040E-C4DA-4A90-0669-94A558E06E60" target="DC6A08B0-832F-B2FC-69CA-0F7B4160D912" viewid_source="F44ABE3B-CC8F-CE7A-8180-79DCDD8CA20E" viewid_target="929C48F7-D78B-812B-B7B4-11F35E0E91AC">
				<points>
					<point x_coordinate="529.5" y_coordinate="119.0" />
					<point x_coordinate="529.5" y_coordinate="235.0" />
				</points>
				<labels>
					<source x_coordinate="-1.0" y_coordinate="-1.0" width="-1.0" height="-1.0" />
					<target x_coordinate="-1.0" y_coordinate="-1.0" width="-1.0" height="-1.0" />
					<main_label x_coordinate="-1.0" y_coordinate="-1.0" width="-1.0" height="-1.0" />
				</labels>
				<graphical>
					<parameter name="use_default_color" value="true" />
				</graphical>
			</objectid>
			<objectid role="represents" type="FKIndexAssociation" oid="1072E05F-4F48-1AB5-FAAA-AC9746E678FC" source="DC6A08B0-832F-B2FC-69CA-0F7B4160D912" target="DC6A08B0-832F-B2FC-69CA-0F7B4160D912" viewid_source="929C48F7-D78B-812B-B7B4-11F35E0E91AC" viewid_target="929C48F7-D78B-812B-B7B4-11F35E0E91AC">
				<points>
					<point x_coordinate="387.0" y_coordinate="368.5" />
					<point x_coordinate="688.0" y_coordinate="368.5" />
					<point x_coordinate="688.0" y_coordinate="517.0" />
					<point x_coordinate="530.0" y_coordinate="517.0" />
					<point x_coordinate="387.0" y_coordinate="368.5" />
				</points>
				<labels>
					<source x_coordinate="-1.0" y_coordinate="-1.0" width="-1.0" height="-1.0" />
					<target x_coordinate="-1.0" y_coordinate="-1.0" width="-1.0" height="-1.0" />
					<main_label x_coordinate="-1.0" y_coordinate="-1.0" width="-1.0" height="-1.0" />
				</labels>
				<graphical>
					<parameter name="use_default_color" value="true" />
				</graphical>
			</objectid>
			<objectid role="represents" type="FKIndexAssociation" oid="CF9EF2A9-5A02-9D52-FD5F-C1EF375D9777" source="2168CBE7-8512-43AF-48C7-517B0CF601DA" target="6F2BC1A4-E6A1-0FFC-1DF5-E47419565A76" viewid_source="529B63CD-20E5-A02E-A3D6-9AEC3F311431" viewid_target="91B17E55-3639-69EC-8E48-609B1D2A91F9">
				<points>
					<point x_coordinate="163.0" y_coordinate="235.0" />
					<point x_coordinate="163.0" y_coordinate="175.0" />
				</points>
				<labels>
					<source x_coordinate="-1.0" y_coordinate="-1.0" width="-1.0" height="-1.0" />
					<target x_coordinate="-1.0" y_coordinate="-1.0" width="-1.0" height="-1.0" />
					<main_label x_coordinate="-1.0" y_coordinate="-1.0" width="-1.0" height="-1.0" />
				</labels>
				<graphical>
					<parameter name="use_default_color" value="true" />
				</graphical>
			</objectid>
			<objectid role="represents" type="FKIndexAssociation" oid="3E0C88FA-696D-CDA5-B552-2F24E238C66F" source="DC6A08B0-832F-B2FC-69CA-0F7B4160D912" target="6F2BC1A4-E6A1-0FFC-1DF5-E47419565A76" viewid_source="929C48F7-D78B-812B-B7B4-11F35E0E91AC" viewid_target="91B17E55-3639-69EC-8E48-609B1D2A91F9">
				<points>
					<point x_coordinate="387.0" y_coordinate="368.5" />
					<point x_coordinate="163.0" y_coordinate="175.0" />
				</points>
				<labels>
					<source x_coordinate="-1.0" y_coordinate="-1.0" width="-1.0" height="-1.0" />
					<target x_coordinate="-1.0" y_coordinate="-1.0" width="-1.0" height="-1.0" />
					<main_label x_coordinate="-1.0" y_coordinate="-1.0" width="-1.0" height="-1.0" />
				</labels>
				<graphical>
					<parameter name="use_default_color" value="true" />
				</graphical>
			</objectid>
			<objectid role="represents" type="FKIndexAssociation" oid="CB30C348-DA8B-C860-0E10-B2A890A29689" source="F2AB040E-C4DA-4A90-0669-94A558E06E60" target="6F2BC1A4-E6A1-0FFC-1DF5-E47419565A76" viewid_source="F44ABE3B-CC8F-CE7A-8180-79DCDD8CA20E" viewid_target="91B17E55-3639-69EC-8E48-609B1D2A91F9">
				<points>
					<point x_coordinate="386.0" y_coordinate="69.5" />
					<point x_coordinate="306.0" y_coordinate="69.5" />
				</points>
				<labels>
					<source x_coordinate="-1.0" y_coordinate="-1.0" width="-1.0" height="-1.0" />
					<target x_coordinate="-1.0" y_coordinate="-1.0" width="-1.0" height="-1.0" />
					<main_label x_coordinate="-1.0" y_coordinate="-1.0" width="-1.0" height="-1.0" />
				</labels>
				<graphical>
					<parameter name="use_default_color" value="true" />
				</graphical>
			</objectid>
			<objectid role="represents" type="FKIndexAssociation" oid="910112C4-8177-66BB-C8E0-115E8BCBB3A2" source="10A86985-48EC-C6B3-8CD5-71A664C51682" target="F59CED9A-4D43-AE7B-1C14-3B7E3B448C59" viewid_source="98A40CE3-1F54-F45C-19D5-1BEC0891BAA7" viewid_target="4B2A5146-B95C-6558-FEBD-BFC63FBA46A0">
				<points>
					<point x_coordinate="164.0" y_coordinate="637.0" />
					<point x_coordinate="164.0" y_coordinate="577.0" />
				</points>
				<labels>
					<source x_coordinate="-1.0" y_coordinate="-1.0" width="-1.0" height="-1.0" />
					<target x_coordinate="-1.0" y_coordinate="-1.0" width="-1.0" height="-1.0" />
					<main_label x_coordinate="-1.0" y_coordinate="-1.0" width="-1.0" height="-1.0" />
				</labels>
				<graphical>
					<parameter name="use_default_color" value="true" />
				</graphical>
			</objectid>
			<alter type="created">
				<user>oracle</user>
				<timestamp>2010-01-13 14:23:39</timestamp>
			</alter>
			<alter type="changed">
				<user>oracle</user>
				<timestamp>2010-01-13 14:23:39</timestamp>
			</alter>
		</main_display>
		<subordinate_displays />
	</sub_view>
</metadatadoc>