<?xml version="1.0" encoding="UTF-8" ?>
<metadatadoc version="2.0">
	<object type="Arc" id="6A604A84-82AE-26F7-2871-7BEB4C894ABB" rep_oid="null" rep_ovid="null" is_checkedout="false" checkedout_by="" visible_in_main_view="true" entity="AC4F7369-FE7B-1BE8-015D-E4E2B6323998" use_default_color="true" background_color="null" foreground_color="null">
		<name>Arc_1</name>
		<comment></comment>
		<notes></notes>
		<alter type="created">
			<user>meyoung</user>
			<timestamp>2010-02-23 09:00:12</timestamp>
		</alter>
		<alter type="changed">
			<user>meyoung</user>
			<timestamp>2010-02-23 09:00:12</timestamp>
		</alter>
		<properties>
			<parameter name="design.owner" value="demo12-2" />
			<parameter name="object.existsinrepository" value="true" />
		</properties>
		<relations>
			<parameter name="relation_1" value="6B2D5F7D-9E63-7B5F-323A-F1DBB034D775" />
			<parameter name="relation_2" value="17905361-3605-1727-18D2-7A1707D135B9" />
		</relations>
		<des_obj_version version="1.0" />
		<documents />
		<parties />
		<changerequests />
		<measurements />
		<contained />
	</object>
</metadatadoc>