<?xml version="1.0" encoding="UTF-8" ?>
<metadatadoc version="2.0">
	<object type="Table" id="F59CED9A-4D43-AE7B-1C14-3B7E3B448C59">
		<name>LOCATIONS</name>
		<comment></comment>
		<notes></notes>
		<alter type="created">
			<user>oracle</user>
			<timestamp>2009-12-18 15:30:38</timestamp>
		</alter>
		<alter type="changed">
			<user>oracle</user>
			<timestamp>2009-12-18 15:30:39</timestamp>
		</alter>
		<properties>
			<parameter name="object.property.auto.BackupOption" value="Rename" />
			<parameter name="object.property.auto.Cache" value="NO" />
			<parameter name="object.property.auto.Cluster" value="NO_OBJECT" />
			<parameter name="object.property.auto.ClusterColumns" value="" />
			<parameter name="object.property.auto.CommentChanged" value="false" />
			<parameter name="object.property.auto.CommentInRDBMSChanged" value="false" />
			<parameter name="object.property.auto.DataSegmentCompression" value="NO" />
			<parameter name="object.property.auto.Degree" value="" />
			<parameter name="object.property.auto.DeletedInPhysicalDesign" value="false" />
			<parameter name="object.property.auto.DropEnabled" value="false" />
			<parameter name="object.property.auto.GeneratePK" value="true" />
			<parameter name="object.property.auto.GeneratedInRDBMS" value="false" />
			<parameter name="object.property.auto.IOTMappingTable" value="NO" />
			<parameter name="object.property.auto.IotCompress" value="0" />
			<parameter name="object.property.auto.IotIncluding" value="NO_OBJECT" />
			<parameter name="object.property.auto.IotOverflowSegment" value="NO_OBJECT" />
			<parameter name="object.property.auto.IotPctThreshold" value="1" />
			<parameter name="object.property.auto.Logging" value="YES" />
			<parameter name="object.property.auto.LongName" value="HR.LOCATIONS" />
			<parameter name="object.property.auto.MarkedGenerate" value="true" />
			<parameter name="object.property.auto.Monitoring" value="YES" />
			<parameter name="object.property.auto.Name" value="LOCATIONS" />
			<parameter name="object.property.auto.NameChanged" value="false" />
			<parameter name="object.property.auto.NameHasQuotes" value="false" />
			<parameter name="object.property.auto.ObjectID" value="F59CED9A-4D43-AE7B-1C14-3B7E3B448C59" />
			<parameter name="object.property.auto.OidIndexName" value="" />
			<parameter name="object.property.auto.OidIndexSegment" value="NO_OBJECT" />
			<parameter name="object.property.auto.Organization" value="HEAP" />
			<parameter name="object.property.auto.PKName" value="LOC_ID_PK" />
			<parameter name="object.property.auto.Parallel" value="NO" />
			<parameter name="object.property.auto.PartitionList" value="NO_OBJECT" />
			<parameter name="object.property.auto.Partitioned" value="NO" />
			<parameter name="object.property.auto.ParttitionedRowMovement" value="DISABLE" />
			<parameter name="object.property.auto.RawObject" value="false" />
			<parameter name="object.property.auto.RestoreOption" value="Restore" />
			<parameter name="object.property.auto.Segment" value="CF0CF955-F26F-0FE3-53FA-27086FAD4DC6" />
			<parameter name="object.property.auto.Snapshot" value="NO_OBJECT" />
			<parameter name="object.property.auto.SuplementalLogColumns" value="" />
			<parameter name="object.property.auto.SuplementalLogConditions" value="ON UPDATE" />
			<parameter name="object.property.auto.SuplementalLogGroupName" value="" />
			<parameter name="object.property.auto.TableSpace" value="8D9F9F75-2F4C-5448-22DE-977BCF0C45EF" />
			<parameter name="object.property.auto.TempPreserveRows" value="YES" />
			<parameter name="object.property.auto.Temporary" value="NO" />
			<parameter name="object.property.auto.User" value="EF0769EA-C6DD-D4F0-CC74-C7443578AAD5" />
			<parameter name="design.owner" value="hr_schema" />
			<parameter name="object.existsinrepository" value="true" />
		</properties>
	</object>
	<columns>
		<Column type="Column" id="3286A712-0761-E343-8E98-D19C909F6AC8">
			<name>LOCATION_ID</name>
			<comment></comment>
			<notes></notes>
			<alter type="created">
				<user>oracle</user>
				<timestamp>2009-12-18 15:30:38</timestamp>
			</alter>
			<alter type="changed">
				<user>oracle</user>
				<timestamp>2009-12-18 15:30:38</timestamp>
			</alter>
			<properties>
				<parameter name="object.property.auto.AdditionalNTS" value="" />
				<parameter name="object.property.auto.Cache" value="CACHE" />
				<parameter name="object.property.auto.Chunk" value="0" />
				<parameter name="object.property.auto.ColumnExpression" value="" />
				<parameter name="object.property.auto.CommentChanged" value="false" />
				<parameter name="object.property.auto.CommentInRDBMSChanged" value="false" />
				<parameter name="object.property.auto.DefaultValue" value="" />
				<parameter name="object.property.auto.Deferrable" value="NO" />
				<parameter name="object.property.auto.DeletedInPhysicalDesign" value="false" />
				<parameter name="object.property.auto.DropEnabled" value="false" />
				<parameter name="object.property.auto.ElementType" value="" />
				<parameter name="object.property.auto.Enable" value="YES" />
				<parameter name="object.property.auto.ExceptionsTable" value="NO_OBJECT" />
				<parameter name="object.property.auto.ExpressionChanged" value="false" />
				<parameter name="object.property.auto.Freepools" value="0" />
				<parameter name="object.property.auto.GeneratedInRDBMS" value="false" />
				<parameter name="object.property.auto.Initially" value="IMMEDIATE" />
				<parameter name="object.property.auto.LobSegmentName" value="" />
				<parameter name="object.property.auto.LobSegname" value="" />
				<parameter name="object.property.auto.Logging" value="YES" />
				<parameter name="object.property.auto.LongName" value="LOCATIONS.LOCATION_ID" />
				<parameter name="object.property.auto.MarkedGenerate" value="true" />
				<parameter name="object.property.auto.Name" value="LOCATION_ID" />
				<parameter name="object.property.auto.NameChanged" value="false" />
				<parameter name="object.property.auto.NameHasQuotes" value="false" />
				<parameter name="object.property.auto.NncDeferrable" value="NO" />
				<parameter name="object.property.auto.NncEnable" value="YES" />
				<parameter name="object.property.auto.NncExceptionsTable" value="NO_OBJECT" />
				<parameter name="object.property.auto.NncInitially" value="IMMEDIATE" />
				<parameter name="object.property.auto.NncName" value="" />
				<parameter name="object.property.auto.NncRely" value="NO" />
				<parameter name="object.property.auto.NncValidate" value="YES" />
				<parameter name="object.property.auto.NotNullConstraintOracle" value="NO_OBJECT" />
				<parameter name="object.property.auto.NtReturn" value="" />
				<parameter name="object.property.auto.NtStorageTable" value="" />
				<parameter name="object.property.auto.ObjectID" value="3286A712-0761-E343-8E98-D19C909F6AC8" />
				<parameter name="object.property.auto.OldVersions" value="RETENTION" />
				<parameter name="object.property.auto.PCTVersion" value="0" />
				<parameter name="object.property.auto.RawObject" value="false" />
				<parameter name="object.property.auto.SCBufferPool" value="DEFAULT" />
				<parameter name="object.property.auto.SCFreeLists" value="1" />
				<parameter name="object.property.auto.SCFreelistGroups" value="1" />
				<parameter name="object.property.auto.SCInitialExtent" value="0" />
				<parameter name="object.property.auto.SCMaxExtents" value="UNLIMITED" />
				<parameter name="object.property.auto.SCMinExtents" value="1" />
				<parameter name="object.property.auto.SCNextExtent" value="0" />
				<parameter name="object.property.auto.SCPctIncrease" value="0" />
				<parameter name="object.property.auto.StorageInRow" value="ENABLE" />
				<parameter name="object.property.auto.StoreAs" value="CLOB" />
				<parameter name="object.property.auto.SubstStructuredType" value="NO_OBJECT" />
				<parameter name="object.property.auto.Subtitutable" value="" />
				<parameter name="object.property.auto.Tablespace" value="NO_OBJECT" />
				<parameter name="object.property.auto.Validate" value="YES" />
				<parameter name="object.property.auto.WithRowId" value="NO" />
				<parameter name="object.property.auto.XmlSchemaElement" value="" />
				<parameter name="object.property.auto.XmlSchemaUrl" value="" />
				<parameter name="design.owner" value="hr_schema" />
				<parameter name="object.existsinrepository" value="true" />
			</properties>
		</Column>
		<Column type="Column" id="61EE2392-5B90-C053-5E60-E99A35FE87AB">
			<name>STREET_ADDRESS</name>
			<comment></comment>
			<notes></notes>
			<alter type="created">
				<user>oracle</user>
				<timestamp>2009-12-18 15:30:38</timestamp>
			</alter>
			<alter type="changed">
				<user>oracle</user>
				<timestamp>2009-12-18 15:30:38</timestamp>
			</alter>
			<properties>
				<parameter name="object.property.auto.AdditionalNTS" value="" />
				<parameter name="object.property.auto.Cache" value="CACHE" />
				<parameter name="object.property.auto.Chunk" value="0" />
				<parameter name="object.property.auto.ColumnExpression" value="" />
				<parameter name="object.property.auto.CommentChanged" value="false" />
				<parameter name="object.property.auto.CommentInRDBMSChanged" value="false" />
				<parameter name="object.property.auto.DefaultValue" value="" />
				<parameter name="object.property.auto.Deferrable" value="NO" />
				<parameter name="object.property.auto.DeletedInPhysicalDesign" value="false" />
				<parameter name="object.property.auto.DropEnabled" value="false" />
				<parameter name="object.property.auto.ElementType" value="" />
				<parameter name="object.property.auto.Enable" value="YES" />
				<parameter name="object.property.auto.ExceptionsTable" value="NO_OBJECT" />
				<parameter name="object.property.auto.ExpressionChanged" value="false" />
				<parameter name="object.property.auto.Freepools" value="0" />
				<parameter name="object.property.auto.GeneratedInRDBMS" value="false" />
				<parameter name="object.property.auto.Initially" value="IMMEDIATE" />
				<parameter name="object.property.auto.LobSegmentName" value="" />
				<parameter name="object.property.auto.LobSegname" value="" />
				<parameter name="object.property.auto.Logging" value="YES" />
				<parameter name="object.property.auto.LongName" value="LOCATIONS.STREET_ADDRESS" />
				<parameter name="object.property.auto.MarkedGenerate" value="true" />
				<parameter name="object.property.auto.Name" value="STREET_ADDRESS" />
				<parameter name="object.property.auto.NameChanged" value="false" />
				<parameter name="object.property.auto.NameHasQuotes" value="false" />
				<parameter name="object.property.auto.NncDeferrable" value="NO" />
				<parameter name="object.property.auto.NncEnable" value="YES" />
				<parameter name="object.property.auto.NncExceptionsTable" value="NO_OBJECT" />
				<parameter name="object.property.auto.NncInitially" value="IMMEDIATE" />
				<parameter name="object.property.auto.NncName" value="" />
				<parameter name="object.property.auto.NncRely" value="NO" />
				<parameter name="object.property.auto.NncValidate" value="YES" />
				<parameter name="object.property.auto.NotNullConstraintOracle" value="NO_OBJECT" />
				<parameter name="object.property.auto.NtReturn" value="" />
				<parameter name="object.property.auto.NtStorageTable" value="" />
				<parameter name="object.property.auto.ObjectID" value="61EE2392-5B90-C053-5E60-E99A35FE87AB" />
				<parameter name="object.property.auto.OldVersions" value="RETENTION" />
				<parameter name="object.property.auto.PCTVersion" value="0" />
				<parameter name="object.property.auto.RawObject" value="false" />
				<parameter name="object.property.auto.SCBufferPool" value="DEFAULT" />
				<parameter name="object.property.auto.SCFreeLists" value="1" />
				<parameter name="object.property.auto.SCFreelistGroups" value="1" />
				<parameter name="object.property.auto.SCInitialExtent" value="0" />
				<parameter name="object.property.auto.SCMaxExtents" value="UNLIMITED" />
				<parameter name="object.property.auto.SCMinExtents" value="1" />
				<parameter name="object.property.auto.SCNextExtent" value="0" />
				<parameter name="object.property.auto.SCPctIncrease" value="0" />
				<parameter name="object.property.auto.StorageInRow" value="ENABLE" />
				<parameter name="object.property.auto.StoreAs" value="CLOB" />
				<parameter name="object.property.auto.SubstStructuredType" value="NO_OBJECT" />
				<parameter name="object.property.auto.Subtitutable" value="" />
				<parameter name="object.property.auto.Tablespace" value="NO_OBJECT" />
				<parameter name="object.property.auto.Validate" value="YES" />
				<parameter name="object.property.auto.WithRowId" value="NO" />
				<parameter name="object.property.auto.XmlSchemaElement" value="" />
				<parameter name="object.property.auto.XmlSchemaUrl" value="" />
				<parameter name="design.owner" value="hr_schema" />
				<parameter name="object.existsinrepository" value="true" />
			</properties>
		</Column>
		<Column type="Column" id="D263FD2C-7628-F4D7-E26B-CFF917384088">
			<name>POSTAL_CODE</name>
			<comment></comment>
			<notes></notes>
			<alter type="created">
				<user>oracle</user>
				<timestamp>2009-12-18 15:30:38</timestamp>
			</alter>
			<alter type="changed">
				<user>oracle</user>
				<timestamp>2009-12-18 15:30:38</timestamp>
			</alter>
			<properties>
				<parameter name="object.property.auto.AdditionalNTS" value="" />
				<parameter name="object.property.auto.Cache" value="CACHE" />
				<parameter name="object.property.auto.Chunk" value="0" />
				<parameter name="object.property.auto.ColumnExpression" value="" />
				<parameter name="object.property.auto.CommentChanged" value="false" />
				<parameter name="object.property.auto.CommentInRDBMSChanged" value="false" />
				<parameter name="object.property.auto.DefaultValue" value="" />
				<parameter name="object.property.auto.Deferrable" value="NO" />
				<parameter name="object.property.auto.DeletedInPhysicalDesign" value="false" />
				<parameter name="object.property.auto.DropEnabled" value="false" />
				<parameter name="object.property.auto.ElementType" value="" />
				<parameter name="object.property.auto.Enable" value="YES" />
				<parameter name="object.property.auto.ExceptionsTable" value="NO_OBJECT" />
				<parameter name="object.property.auto.ExpressionChanged" value="false" />
				<parameter name="object.property.auto.Freepools" value="0" />
				<parameter name="object.property.auto.GeneratedInRDBMS" value="false" />
				<parameter name="object.property.auto.Initially" value="IMMEDIATE" />
				<parameter name="object.property.auto.LobSegmentName" value="" />
				<parameter name="object.property.auto.LobSegname" value="" />
				<parameter name="object.property.auto.Logging" value="YES" />
				<parameter name="object.property.auto.LongName" value="LOCATIONS.POSTAL_CODE" />
				<parameter name="object.property.auto.MarkedGenerate" value="true" />
				<parameter name="object.property.auto.Name" value="POSTAL_CODE" />
				<parameter name="object.property.auto.NameChanged" value="false" />
				<parameter name="object.property.auto.NameHasQuotes" value="false" />
				<parameter name="object.property.auto.NncDeferrable" value="NO" />
				<parameter name="object.property.auto.NncEnable" value="YES" />
				<parameter name="object.property.auto.NncExceptionsTable" value="NO_OBJECT" />
				<parameter name="object.property.auto.NncInitially" value="IMMEDIATE" />
				<parameter name="object.property.auto.NncName" value="" />
				<parameter name="object.property.auto.NncRely" value="NO" />
				<parameter name="object.property.auto.NncValidate" value="YES" />
				<parameter name="object.property.auto.NotNullConstraintOracle" value="NO_OBJECT" />
				<parameter name="object.property.auto.NtReturn" value="" />
				<parameter name="object.property.auto.NtStorageTable" value="" />
				<parameter name="object.property.auto.ObjectID" value="D263FD2C-7628-F4D7-E26B-CFF917384088" />
				<parameter name="object.property.auto.OldVersions" value="RETENTION" />
				<parameter name="object.property.auto.PCTVersion" value="0" />
				<parameter name="object.property.auto.RawObject" value="false" />
				<parameter name="object.property.auto.SCBufferPool" value="DEFAULT" />
				<parameter name="object.property.auto.SCFreeLists" value="1" />
				<parameter name="object.property.auto.SCFreelistGroups" value="1" />
				<parameter name="object.property.auto.SCInitialExtent" value="0" />
				<parameter name="object.property.auto.SCMaxExtents" value="UNLIMITED" />
				<parameter name="object.property.auto.SCMinExtents" value="1" />
				<parameter name="object.property.auto.SCNextExtent" value="0" />
				<parameter name="object.property.auto.SCPctIncrease" value="0" />
				<parameter name="object.property.auto.StorageInRow" value="ENABLE" />
				<parameter name="object.property.auto.StoreAs" value="CLOB" />
				<parameter name="object.property.auto.SubstStructuredType" value="NO_OBJECT" />
				<parameter name="object.property.auto.Subtitutable" value="" />
				<parameter name="object.property.auto.Tablespace" value="NO_OBJECT" />
				<parameter name="object.property.auto.Validate" value="YES" />
				<parameter name="object.property.auto.WithRowId" value="NO" />
				<parameter name="object.property.auto.XmlSchemaElement" value="" />
				<parameter name="object.property.auto.XmlSchemaUrl" value="" />
				<parameter name="design.owner" value="hr_schema" />
				<parameter name="object.existsinrepository" value="true" />
			</properties>
		</Column>
		<Column type="Column" id="D81B8D1B-3EE8-F3DC-FAD9-5105601397B4">
			<name>CITY</name>
			<comment></comment>
			<notes></notes>
			<alter type="created">
				<user>oracle</user>
				<timestamp>2009-12-18 15:30:38</timestamp>
			</alter>
			<alter type="changed">
				<user>oracle</user>
				<timestamp>2009-12-18 15:30:38</timestamp>
			</alter>
			<properties>
				<parameter name="object.property.auto.AdditionalNTS" value="" />
				<parameter name="object.property.auto.Cache" value="CACHE" />
				<parameter name="object.property.auto.Chunk" value="0" />
				<parameter name="object.property.auto.ColumnExpression" value="" />
				<parameter name="object.property.auto.CommentChanged" value="false" />
				<parameter name="object.property.auto.CommentInRDBMSChanged" value="false" />
				<parameter name="object.property.auto.DefaultValue" value="" />
				<parameter name="object.property.auto.Deferrable" value="NO" />
				<parameter name="object.property.auto.DeletedInPhysicalDesign" value="false" />
				<parameter name="object.property.auto.DropEnabled" value="false" />
				<parameter name="object.property.auto.ElementType" value="" />
				<parameter name="object.property.auto.Enable" value="YES" />
				<parameter name="object.property.auto.ExceptionsTable" value="NO_OBJECT" />
				<parameter name="object.property.auto.ExpressionChanged" value="false" />
				<parameter name="object.property.auto.Freepools" value="0" />
				<parameter name="object.property.auto.GeneratedInRDBMS" value="false" />
				<parameter name="object.property.auto.Initially" value="IMMEDIATE" />
				<parameter name="object.property.auto.LobSegmentName" value="" />
				<parameter name="object.property.auto.LobSegname" value="" />
				<parameter name="object.property.auto.Logging" value="YES" />
				<parameter name="object.property.auto.LongName" value="LOCATIONS.CITY" />
				<parameter name="object.property.auto.MarkedGenerate" value="true" />
				<parameter name="object.property.auto.Name" value="CITY" />
				<parameter name="object.property.auto.NameChanged" value="false" />
				<parameter name="object.property.auto.NameHasQuotes" value="false" />
				<parameter name="object.property.auto.NncDeferrable" value="NO" />
				<parameter name="object.property.auto.NncEnable" value="YES" />
				<parameter name="object.property.auto.NncExceptionsTable" value="NO_OBJECT" />
				<parameter name="object.property.auto.NncInitially" value="IMMEDIATE" />
				<parameter name="object.property.auto.NncName" value="LOC_CITY_NN" />
				<parameter name="object.property.auto.NncRely" value="NO" />
				<parameter name="object.property.auto.NncValidate" value="YES" />
				<parameter name="object.property.auto.NotNullConstraintOracle" value="NO_OBJECT" />
				<parameter name="object.property.auto.NtReturn" value="" />
				<parameter name="object.property.auto.NtStorageTable" value="" />
				<parameter name="object.property.auto.ObjectID" value="D81B8D1B-3EE8-F3DC-FAD9-5105601397B4" />
				<parameter name="object.property.auto.OldVersions" value="RETENTION" />
				<parameter name="object.property.auto.PCTVersion" value="0" />
				<parameter name="object.property.auto.RawObject" value="false" />
				<parameter name="object.property.auto.SCBufferPool" value="DEFAULT" />
				<parameter name="object.property.auto.SCFreeLists" value="1" />
				<parameter name="object.property.auto.SCFreelistGroups" value="1" />
				<parameter name="object.property.auto.SCInitialExtent" value="0" />
				<parameter name="object.property.auto.SCMaxExtents" value="UNLIMITED" />
				<parameter name="object.property.auto.SCMinExtents" value="1" />
				<parameter name="object.property.auto.SCNextExtent" value="0" />
				<parameter name="object.property.auto.SCPctIncrease" value="0" />
				<parameter name="object.property.auto.StorageInRow" value="ENABLE" />
				<parameter name="object.property.auto.StoreAs" value="CLOB" />
				<parameter name="object.property.auto.SubstStructuredType" value="NO_OBJECT" />
				<parameter name="object.property.auto.Subtitutable" value="" />
				<parameter name="object.property.auto.Tablespace" value="NO_OBJECT" />
				<parameter name="object.property.auto.Validate" value="YES" />
				<parameter name="object.property.auto.WithRowId" value="NO" />
				<parameter name="object.property.auto.XmlSchemaElement" value="" />
				<parameter name="object.property.auto.XmlSchemaUrl" value="" />
				<parameter name="design.owner" value="hr_schema" />
				<parameter name="object.existsinrepository" value="true" />
			</properties>
		</Column>
		<Column type="Column" id="4E8ADA62-DE84-190E-C7F4-21242916D9E5">
			<name>STATE_PROVINCE</name>
			<comment></comment>
			<notes></notes>
			<alter type="created">
				<user>oracle</user>
				<timestamp>2009-12-18 15:30:38</timestamp>
			</alter>
			<alter type="changed">
				<user>oracle</user>
				<timestamp>2009-12-18 15:30:38</timestamp>
			</alter>
			<properties>
				<parameter name="object.property.auto.AdditionalNTS" value="" />
				<parameter name="object.property.auto.Cache" value="CACHE" />
				<parameter name="object.property.auto.Chunk" value="0" />
				<parameter name="object.property.auto.ColumnExpression" value="" />
				<parameter name="object.property.auto.CommentChanged" value="false" />
				<parameter name="object.property.auto.CommentInRDBMSChanged" value="false" />
				<parameter name="object.property.auto.DefaultValue" value="" />
				<parameter name="object.property.auto.Deferrable" value="NO" />
				<parameter name="object.property.auto.DeletedInPhysicalDesign" value="false" />
				<parameter name="object.property.auto.DropEnabled" value="false" />
				<parameter name="object.property.auto.ElementType" value="" />
				<parameter name="object.property.auto.Enable" value="YES" />
				<parameter name="object.property.auto.ExceptionsTable" value="NO_OBJECT" />
				<parameter name="object.property.auto.ExpressionChanged" value="false" />
				<parameter name="object.property.auto.Freepools" value="0" />
				<parameter name="object.property.auto.GeneratedInRDBMS" value="false" />
				<parameter name="object.property.auto.Initially" value="IMMEDIATE" />
				<parameter name="object.property.auto.LobSegmentName" value="" />
				<parameter name="object.property.auto.LobSegname" value="" />
				<parameter name="object.property.auto.Logging" value="YES" />
				<parameter name="object.property.auto.LongName" value="LOCATIONS.STATE_PROVINCE" />
				<parameter name="object.property.auto.MarkedGenerate" value="true" />
				<parameter name="object.property.auto.Name" value="STATE_PROVINCE" />
				<parameter name="object.property.auto.NameChanged" value="false" />
				<parameter name="object.property.auto.NameHasQuotes" value="false" />
				<parameter name="object.property.auto.NncDeferrable" value="NO" />
				<parameter name="object.property.auto.NncEnable" value="YES" />
				<parameter name="object.property.auto.NncExceptionsTable" value="NO_OBJECT" />
				<parameter name="object.property.auto.NncInitially" value="IMMEDIATE" />
				<parameter name="object.property.auto.NncName" value="" />
				<parameter name="object.property.auto.NncRely" value="NO" />
				<parameter name="object.property.auto.NncValidate" value="YES" />
				<parameter name="object.property.auto.NotNullConstraintOracle" value="NO_OBJECT" />
				<parameter name="object.property.auto.NtReturn" value="" />
				<parameter name="object.property.auto.NtStorageTable" value="" />
				<parameter name="object.property.auto.ObjectID" value="4E8ADA62-DE84-190E-C7F4-21242916D9E5" />
				<parameter name="object.property.auto.OldVersions" value="RETENTION" />
				<parameter name="object.property.auto.PCTVersion" value="0" />
				<parameter name="object.property.auto.RawObject" value="false" />
				<parameter name="object.property.auto.SCBufferPool" value="DEFAULT" />
				<parameter name="object.property.auto.SCFreeLists" value="1" />
				<parameter name="object.property.auto.SCFreelistGroups" value="1" />
				<parameter name="object.property.auto.SCInitialExtent" value="0" />
				<parameter name="object.property.auto.SCMaxExtents" value="UNLIMITED" />
				<parameter name="object.property.auto.SCMinExtents" value="1" />
				<parameter name="object.property.auto.SCNextExtent" value="0" />
				<parameter name="object.property.auto.SCPctIncrease" value="0" />
				<parameter name="object.property.auto.StorageInRow" value="ENABLE" />
				<parameter name="object.property.auto.StoreAs" value="CLOB" />
				<parameter name="object.property.auto.SubstStructuredType" value="NO_OBJECT" />
				<parameter name="object.property.auto.Subtitutable" value="" />
				<parameter name="object.property.auto.Tablespace" value="NO_OBJECT" />
				<parameter name="object.property.auto.Validate" value="YES" />
				<parameter name="object.property.auto.WithRowId" value="NO" />
				<parameter name="object.property.auto.XmlSchemaElement" value="" />
				<parameter name="object.property.auto.XmlSchemaUrl" value="" />
				<parameter name="design.owner" value="hr_schema" />
				<parameter name="object.existsinrepository" value="true" />
			</properties>
		</Column>
		<Column type="Column" id="95FDCE9B-BCC7-836C-2A01-91D2D5E322CF">
			<name>COUNTRY_ID</name>
			<comment></comment>
			<notes></notes>
			<alter type="created">
				<user>oracle</user>
				<timestamp>2009-12-18 15:30:38</timestamp>
			</alter>
			<alter type="changed">
				<user>oracle</user>
				<timestamp>2009-12-18 15:30:38</timestamp>
			</alter>
			<properties>
				<parameter name="object.property.auto.AdditionalNTS" value="" />
				<parameter name="object.property.auto.Cache" value="CACHE" />
				<parameter name="object.property.auto.Chunk" value="0" />
				<parameter name="object.property.auto.ColumnExpression" value="" />
				<parameter name="object.property.auto.CommentChanged" value="false" />
				<parameter name="object.property.auto.CommentInRDBMSChanged" value="false" />
				<parameter name="object.property.auto.DefaultValue" value="" />
				<parameter name="object.property.auto.Deferrable" value="NO" />
				<parameter name="object.property.auto.DeletedInPhysicalDesign" value="false" />
				<parameter name="object.property.auto.DropEnabled" value="false" />
				<parameter name="object.property.auto.ElementType" value="" />
				<parameter name="object.property.auto.Enable" value="YES" />
				<parameter name="object.property.auto.ExceptionsTable" value="NO_OBJECT" />
				<parameter name="object.property.auto.ExpressionChanged" value="false" />
				<parameter name="object.property.auto.Freepools" value="0" />
				<parameter name="object.property.auto.GeneratedInRDBMS" value="false" />
				<parameter name="object.property.auto.Initially" value="IMMEDIATE" />
				<parameter name="object.property.auto.LobSegmentName" value="" />
				<parameter name="object.property.auto.LobSegname" value="" />
				<parameter name="object.property.auto.Logging" value="YES" />
				<parameter name="object.property.auto.LongName" value="LOCATIONS.COUNTRY_ID" />
				<parameter name="object.property.auto.MarkedGenerate" value="true" />
				<parameter name="object.property.auto.Name" value="COUNTRY_ID" />
				<parameter name="object.property.auto.NameChanged" value="false" />
				<parameter name="object.property.auto.NameHasQuotes" value="false" />
				<parameter name="object.property.auto.NncDeferrable" value="NO" />
				<parameter name="object.property.auto.NncEnable" value="YES" />
				<parameter name="object.property.auto.NncExceptionsTable" value="NO_OBJECT" />
				<parameter name="object.property.auto.NncInitially" value="IMMEDIATE" />
				<parameter name="object.property.auto.NncName" value="" />
				<parameter name="object.property.auto.NncRely" value="NO" />
				<parameter name="object.property.auto.NncValidate" value="YES" />
				<parameter name="object.property.auto.NotNullConstraintOracle" value="NO_OBJECT" />
				<parameter name="object.property.auto.NtReturn" value="" />
				<parameter name="object.property.auto.NtStorageTable" value="" />
				<parameter name="object.property.auto.ObjectID" value="95FDCE9B-BCC7-836C-2A01-91D2D5E322CF" />
				<parameter name="object.property.auto.OldVersions" value="RETENTION" />
				<parameter name="object.property.auto.PCTVersion" value="0" />
				<parameter name="object.property.auto.RawObject" value="false" />
				<parameter name="object.property.auto.SCBufferPool" value="DEFAULT" />
				<parameter name="object.property.auto.SCFreeLists" value="1" />
				<parameter name="object.property.auto.SCFreelistGroups" value="1" />
				<parameter name="object.property.auto.SCInitialExtent" value="0" />
				<parameter name="object.property.auto.SCMaxExtents" value="UNLIMITED" />
				<parameter name="object.property.auto.SCMinExtents" value="1" />
				<parameter name="object.property.auto.SCNextExtent" value="0" />
				<parameter name="object.property.auto.SCPctIncrease" value="0" />
				<parameter name="object.property.auto.StorageInRow" value="ENABLE" />
				<parameter name="object.property.auto.StoreAs" value="CLOB" />
				<parameter name="object.property.auto.SubstStructuredType" value="NO_OBJECT" />
				<parameter name="object.property.auto.Subtitutable" value="" />
				<parameter name="object.property.auto.Tablespace" value="NO_OBJECT" />
				<parameter name="object.property.auto.Validate" value="YES" />
				<parameter name="object.property.auto.WithRowId" value="NO" />
				<parameter name="object.property.auto.XmlSchemaElement" value="" />
				<parameter name="object.property.auto.XmlSchemaUrl" value="" />
				<parameter name="design.owner" value="hr_schema" />
				<parameter name="object.existsinrepository" value="true" />
			</properties>
		</Column>
	</columns>
	<keys_and_indexes>
		<PrimaryKey type="PrimaryKey" id="83E3CA90-5BDF-B278-0368-31D060941A48">
			<name>LOC_ID_PK</name>
			<comment></comment>
			<notes></notes>
			<alter type="created">
				<user>oracle</user>
				<timestamp>2009-12-18 15:30:38</timestamp>
			</alter>
			<alter type="changed">
				<user>oracle</user>
				<timestamp>2009-12-18 15:30:38</timestamp>
			</alter>
			<properties>
				<parameter name="object.property.auto.Clustered" value="false" />
				<parameter name="object.property.auto.CommentChanged" value="false" />
				<parameter name="object.property.auto.CommentInRDBMSChanged" value="false" />
				<parameter name="object.property.auto.ComputeStatistics" value="NO" />
				<parameter name="object.property.auto.CreateIndexStatement" value="" />
				<parameter name="object.property.auto.Deferrable" value="NO" />
				<parameter name="object.property.auto.DeletedInPhysicalDesign" value="false" />
				<parameter name="object.property.auto.DropEnabled" value="false" />
				<parameter name="object.property.auto.Enable" value="YES" />
				<parameter name="object.property.auto.ExceptionsTable" value="NO_OBJECT" />
				<parameter name="object.property.auto.GeneratedInRDBMS" value="false" />
				<parameter name="object.property.auto.IndexGlobalPL" value="NO_OBJECT" />
				<parameter name="object.property.auto.IndexSegment" value="NO_OBJECT" />
				<parameter name="object.property.auto.IndexSort" value="NO" />
				<parameter name="object.property.auto.Initially" value="IMMEDIATE" />
				<parameter name="object.property.auto.Logging" value="NO" />
				<parameter name="object.property.auto.LongName" value="LOC_ID_PK" />
				<parameter name="object.property.auto.MarkGenerateIfFK" value="true" />
				<parameter name="object.property.auto.MarkedGenerate" value="true" />
				<parameter name="object.property.auto.Name" value="LOC_ID_PK" />
				<parameter name="object.property.auto.NameChanged" value="false" />
				<parameter name="object.property.auto.NameHasQuotes" value="false" />
				<parameter name="object.property.auto.ObjectID" value="83E3CA90-5BDF-B278-0368-31D060941A48" />
				<parameter name="object.property.auto.Partitioned" value="false" />
				<parameter name="object.property.auto.RawObject" value="false" />
				<parameter name="object.property.auto.TableSpace" value="NO_OBJECT" />
				<parameter name="object.property.auto.UsingIndex" value="NO" />
				<parameter name="object.property.auto.Validate" value="YES" />
				<parameter name="design.owner" value="hr_schema" />
				<parameter name="object.existsinrepository" value="true" />
			</properties>
		</PrimaryKey>
		<Index type="Index" id="28AEA37C-61A2-712F-8806-D9A91F360284">
			<name>LOC_CITY_IX</name>
			<comment></comment>
			<notes></notes>
			<alter type="created">
				<user>oracle</user>
				<timestamp>2009-12-18 15:30:38</timestamp>
			</alter>
			<alter type="changed">
				<user>oracle</user>
				<timestamp>2009-12-18 15:30:38</timestamp>
			</alter>
			<properties>
				<parameter name="object.property.auto.BatchSize" value="1000" />
				<parameter name="object.property.auto.BitmapIndex" value="false" />
				<parameter name="object.property.auto.Clustered" value="false" />
				<parameter name="object.property.auto.CommentChanged" value="false" />
				<parameter name="object.property.auto.CommentInRDBMSChanged" value="false" />
				<parameter name="object.property.auto.Compress" value="0" />
				<parameter name="object.property.auto.ComputeStatistics" value="NO" />
				<parameter name="object.property.auto.Degree" value="" />
				<parameter name="object.property.auto.DeletedInPhysicalDesign" value="false" />
				<parameter name="object.property.auto.DropEnabled" value="false" />
				<parameter name="object.property.auto.GeneratedInRDBMS" value="false" />
				<parameter name="object.property.auto.HashSubPartitionsTableSpaces" value="" />
				<parameter name="object.property.auto.IndexDomainParameters" value="null" />
				<parameter name="object.property.auto.IndexGlobalPartitionsList" value="NO_OBJECT" />
				<parameter name="object.property.auto.IndexPartitioned" value="NON_PARTITIONED" />
				<parameter name="object.property.auto.IndexType" value="null" />
				<parameter name="object.property.auto.Logging" value="NO" />
				<parameter name="object.property.auto.LongName" value="HR.LOC_CITY_IX" />
				<parameter name="object.property.auto.MarkGenerateIfFK" value="true" />
				<parameter name="object.property.auto.MarkedGenerate" value="true" />
				<parameter name="object.property.auto.Name" value="LOC_CITY_IX" />
				<parameter name="object.property.auto.NameChanged" value="false" />
				<parameter name="object.property.auto.NameHasQuotes" value="false" />
				<parameter name="object.property.auto.NonLeaf" value="NO" />
				<parameter name="object.property.auto.ObjectID" value="28AEA37C-61A2-712F-8806-D9A91F360284" />
				<parameter name="object.property.auto.Online" value="NO" />
				<parameter name="object.property.auto.Parallel" value="NO" />
				<parameter name="object.property.auto.Partitioned" value="false" />
				<parameter name="object.property.auto.RawObject" value="false" />
				<parameter name="object.property.auto.Segment" value="C0209DC4-3513-72A4-B20D-4C5A99DAA88E" />
				<parameter name="object.property.auto.SortedRows" value="NO" />
				<parameter name="object.property.auto.TableSpace" value="8D9F9F75-2F4C-5448-22DE-977BCF0C45EF" />
				<parameter name="object.property.auto.User" value="EF0769EA-C6DD-D4F0-CC74-C7443578AAD5" />
				<parameter name="object.property.auto.WorkTablespace" value="NO_OBJECT" />
				<parameter name="design.owner" value="hr_schema" />
				<parameter name="object.existsinrepository" value="true" />
			</properties>
		</Index>
		<Index type="Index" id="AA04C832-4234-7AB3-A00E-B95EE7A4B950">
			<name>LOC_STATE_PROVINCE_IX</name>
			<comment></comment>
			<notes></notes>
			<alter type="created">
				<user>oracle</user>
				<timestamp>2009-12-18 15:30:38</timestamp>
			</alter>
			<alter type="changed">
				<user>oracle</user>
				<timestamp>2009-12-18 15:30:38</timestamp>
			</alter>
			<properties>
				<parameter name="object.property.auto.BatchSize" value="1000" />
				<parameter name="object.property.auto.BitmapIndex" value="false" />
				<parameter name="object.property.auto.Clustered" value="false" />
				<parameter name="object.property.auto.CommentChanged" value="false" />
				<parameter name="object.property.auto.CommentInRDBMSChanged" value="false" />
				<parameter name="object.property.auto.Compress" value="0" />
				<parameter name="object.property.auto.ComputeStatistics" value="NO" />
				<parameter name="object.property.auto.Degree" value="" />
				<parameter name="object.property.auto.DeletedInPhysicalDesign" value="false" />
				<parameter name="object.property.auto.DropEnabled" value="false" />
				<parameter name="object.property.auto.GeneratedInRDBMS" value="false" />
				<parameter name="object.property.auto.HashSubPartitionsTableSpaces" value="" />
				<parameter name="object.property.auto.IndexDomainParameters" value="null" />
				<parameter name="object.property.auto.IndexGlobalPartitionsList" value="NO_OBJECT" />
				<parameter name="object.property.auto.IndexPartitioned" value="NON_PARTITIONED" />
				<parameter name="object.property.auto.IndexType" value="null" />
				<parameter name="object.property.auto.Logging" value="NO" />
				<parameter name="object.property.auto.LongName" value="HR.LOC_STATE_PROVINCE_IX" />
				<parameter name="object.property.auto.MarkGenerateIfFK" value="true" />
				<parameter name="object.property.auto.MarkedGenerate" value="true" />
				<parameter name="object.property.auto.Name" value="LOC_STATE_PROVINCE_IX" />
				<parameter name="object.property.auto.NameChanged" value="false" />
				<parameter name="object.property.auto.NameHasQuotes" value="false" />
				<parameter name="object.property.auto.NonLeaf" value="NO" />
				<parameter name="object.property.auto.ObjectID" value="AA04C832-4234-7AB3-A00E-B95EE7A4B950" />
				<parameter name="object.property.auto.Online" value="NO" />
				<parameter name="object.property.auto.Parallel" value="NO" />
				<parameter name="object.property.auto.Partitioned" value="false" />
				<parameter name="object.property.auto.RawObject" value="false" />
				<parameter name="object.property.auto.Segment" value="C0209DC4-3513-72A4-B20D-4C5A99DAA88E" />
				<parameter name="object.property.auto.SortedRows" value="NO" />
				<parameter name="object.property.auto.TableSpace" value="8D9F9F75-2F4C-5448-22DE-977BCF0C45EF" />
				<parameter name="object.property.auto.User" value="EF0769EA-C6DD-D4F0-CC74-C7443578AAD5" />
				<parameter name="object.property.auto.WorkTablespace" value="NO_OBJECT" />
				<parameter name="design.owner" value="hr_schema" />
				<parameter name="object.existsinrepository" value="true" />
			</properties>
		</Index>
		<Index type="Index" id="F3D3AA0B-C18A-B6DE-B383-063BA2F47B05">
			<name>LOC_COUNTRY_IX</name>
			<comment></comment>
			<notes></notes>
			<alter type="created">
				<user>oracle</user>
				<timestamp>2009-12-18 15:30:38</timestamp>
			</alter>
			<alter type="changed">
				<user>oracle</user>
				<timestamp>2009-12-18 15:30:38</timestamp>
			</alter>
			<properties>
				<parameter name="object.property.auto.BatchSize" value="1000" />
				<parameter name="object.property.auto.BitmapIndex" value="false" />
				<parameter name="object.property.auto.Clustered" value="false" />
				<parameter name="object.property.auto.CommentChanged" value="false" />
				<parameter name="object.property.auto.CommentInRDBMSChanged" value="false" />
				<parameter name="object.property.auto.Compress" value="0" />
				<parameter name="object.property.auto.ComputeStatistics" value="NO" />
				<parameter name="object.property.auto.Degree" value="" />
				<parameter name="object.property.auto.DeletedInPhysicalDesign" value="false" />
				<parameter name="object.property.auto.DropEnabled" value="false" />
				<parameter name="object.property.auto.GeneratedInRDBMS" value="false" />
				<parameter name="object.property.auto.HashSubPartitionsTableSpaces" value="" />
				<parameter name="object.property.auto.IndexDomainParameters" value="null" />
				<parameter name="object.property.auto.IndexGlobalPartitionsList" value="NO_OBJECT" />
				<parameter name="object.property.auto.IndexPartitioned" value="NON_PARTITIONED" />
				<parameter name="object.property.auto.IndexType" value="null" />
				<parameter name="object.property.auto.Logging" value="NO" />
				<parameter name="object.property.auto.LongName" value="HR.LOC_COUNTRY_IX" />
				<parameter name="object.property.auto.MarkGenerateIfFK" value="true" />
				<parameter name="object.property.auto.MarkedGenerate" value="true" />
				<parameter name="object.property.auto.Name" value="LOC_COUNTRY_IX" />
				<parameter name="object.property.auto.NameChanged" value="false" />
				<parameter name="object.property.auto.NameHasQuotes" value="false" />
				<parameter name="object.property.auto.NonLeaf" value="NO" />
				<parameter name="object.property.auto.ObjectID" value="F3D3AA0B-C18A-B6DE-B383-063BA2F47B05" />
				<parameter name="object.property.auto.Online" value="NO" />
				<parameter name="object.property.auto.Parallel" value="NO" />
				<parameter name="object.property.auto.Partitioned" value="false" />
				<parameter name="object.property.auto.RawObject" value="false" />
				<parameter name="object.property.auto.Segment" value="C0209DC4-3513-72A4-B20D-4C5A99DAA88E" />
				<parameter name="object.property.auto.SortedRows" value="NO" />
				<parameter name="object.property.auto.TableSpace" value="8D9F9F75-2F4C-5448-22DE-977BCF0C45EF" />
				<parameter name="object.property.auto.User" value="EF0769EA-C6DD-D4F0-CC74-C7443578AAD5" />
				<parameter name="object.property.auto.WorkTablespace" value="NO_OBJECT" />
				<parameter name="design.owner" value="hr_schema" />
				<parameter name="object.existsinrepository" value="true" />
			</properties>
		</Index>
		<ForeignKey type="ForeignKey" id="DC513F8E-F4A5-5530-1161-FE19422ACE44">
			<name>LOC_C_ID_FK</name>
			<comment></comment>
			<notes></notes>
			<alter type="created">
				<user>oracle</user>
				<timestamp>2009-12-18 15:30:39</timestamp>
			</alter>
			<alter type="changed">
				<user>oracle</user>
				<timestamp>2009-12-18 15:30:39</timestamp>
			</alter>
			<properties>
				<parameter name="object.property.auto.Clustered" value="false" />
				<parameter name="object.property.auto.CommentChanged" value="false" />
				<parameter name="object.property.auto.CommentInRDBMSChanged" value="false" />
				<parameter name="object.property.auto.Deferrable" value="NO" />
				<parameter name="object.property.auto.DeletedInPhysicalDesign" value="false" />
				<parameter name="object.property.auto.DropEnabled" value="false" />
				<parameter name="object.property.auto.Enable" value="YES" />
				<parameter name="object.property.auto.ExceptionsTable" value="NO_OBJECT" />
				<parameter name="object.property.auto.GeneratedInRDBMS" value="false" />
				<parameter name="object.property.auto.Initially" value="IMMEDIATE" />
				<parameter name="object.property.auto.LongName" value="LOC_C_ID_FK" />
				<parameter name="object.property.auto.MarkGenerateIfFK" value="true" />
				<parameter name="object.property.auto.MarkedGenerate" value="true" />
				<parameter name="object.property.auto.Name" value="LOC_C_ID_FK" />
				<parameter name="object.property.auto.NameChanged" value="false" />
				<parameter name="object.property.auto.NameHasQuotes" value="false" />
				<parameter name="object.property.auto.ObjectID" value="DC513F8E-F4A5-5530-1161-FE19422ACE44" />
				<parameter name="object.property.auto.OnDelete" value="CASCADE" />
				<parameter name="object.property.auto.Partitioned" value="false" />
				<parameter name="object.property.auto.RawObject" value="false" />
				<parameter name="object.property.auto.Rely" value="NO" />
				<parameter name="object.property.auto.Validate" value="YES" />
				<parameter name="design.owner" value="hr_schema" />
				<parameter name="object.existsinrepository" value="true" />
			</properties>
		</ForeignKey>
	</keys_and_indexes>
	<storage_objects />
</metadatadoc>