<?xml version="1.0" encoding="UTF-8" ?>
<metadatadoc version="2.0">
	<object type="User" id="EF0769EA-C6DD-D4F0-CC74-C7443578AAD5">
		<name>HR</name>
		<comment></comment>
		<notes></notes>
		<alter type="created">
			<user>oracle</user>
			<timestamp>2009-12-18 15:30:37</timestamp>
		</alter>
		<alter type="changed">
			<user>oracle</user>
			<timestamp>2009-12-18 15:30:37</timestamp>
		</alter>
		<properties>
			<parameter name="object.property.auto.AccountLock" value="NO" />
			<parameter name="object.property.auto.AdminOption" value="NO" />
			<parameter name="object.property.auto.AuthType" value="BY_PASSWORD" />
			<parameter name="object.property.auto.DefTableSpace" value="NO_OBJECT" />
			<parameter name="object.property.auto.ExternalName" value="" />
			<parameter name="object.property.auto.GeneratedInRDBMS" value="false" />
			<parameter name="object.property.auto.IdentifiedByPassword" value="" />
			<parameter name="object.property.auto.Identifier" value="" />
			<parameter name="object.property.auto.LongName" value="HR" />
			<parameter name="object.property.auto.MarkedGenerate" value="true" />
			<parameter name="object.property.auto.Name" value="HR" />
			<parameter name="object.property.auto.NameHasQuotes" value="false" />
			<parameter name="object.property.auto.PasswordExpire" value="NO" />
			<parameter name="object.property.auto.Privileges" value="" />
			<parameter name="object.property.auto.PrivilegesWithAdminOption" value="" />
			<parameter name="object.property.auto.Profile" value="" />
			<parameter name="object.property.auto.RawObject" value="false" />
			<parameter name="object.property.auto.Roles" value="" />
			<parameter name="object.property.auto.RolesWithAdminOption" value="" />
			<parameter name="object.property.auto.TempTSGroupName" value="" />
			<parameter name="object.property.auto.TempTableSpace" value="NO_OBJECT" />
			<parameter name="design.owner" value="hr_schema" />
			<parameter name="object.existsinrepository" value="true" />
		</properties>
	</object>
</metadatadoc>