<?xml version="1.0" encoding="UTF-8" ?>
<metadatadoc version="2.0">
	<object type="FKIndexAssociation" id="1072E05F-4F48-1AB5-FAAA-AC9746E678FC" rep_oid="null" rep_ovid="null" is_checkedout="false" checkedout_by="" visible_in_main_view="true" tableid="DC6A08B0-832F-B2FC-69CA-0F7B4160D912" reftableid="DC6A08B0-832F-B2FC-69CA-0F7B4160D912" references="A8096854-4BF3-53AC-BF1B-9C53C6C5F9BC" localindexid="A3287B4F-8681-02E8-5BB4-6743643B09FD" delrule="NO ACTION" mandatory="false" transferable="true" use_default_color="true" background_color="null" foreground_color="null">
		<name>EMP_MANAGER_FK</name>
		<comment></comment>
		<notes></notes>
		<alter type="created">
			<user>oracle</user>
			<timestamp>2009-12-18 15:30:39</timestamp>
		</alter>
		<alter type="changed">
			<user>oracle</user>
			<timestamp>2009-12-18 15:30:39</timestamp>
		</alter>
		<properties>
			<parameter name="design.owner" value="hr_schema" />
			<parameter name="object.existsinrepository" value="true" />
		</properties>
		<engineering should="true" />
		<des_obj_version version="1.0" />
		<documents />
		<parties />
		<changerequests />
		<measurements />
	</object>
</metadatadoc>