<?xml version="1.0" encoding="UTF-8" ?>
<metadatadoc version="2.0">
	<object type="FKIndexAssociation" id="10BD333C-B9A9-44A4-481B-F7E2234C81BA" rep_oid="null" rep_ovid="null" is_checkedout="false" checkedout_by="" visible_in_main_view="true" tableid="DC6A08B0-832F-B2FC-69CA-0F7B4160D912" reftableid="F2AB040E-C4DA-4A90-0669-94A558E06E60" references="F6DDA131-761A-18E1-26C3-C8A517678DD2" localindexid="388DF15C-EE31-4690-4E00-D690A58D9F75" delrule="NO ACTION" mandatory="true" transferable="true" use_default_color="true" background_color="null" foreground_color="null">
		<name>EMP_JOB_FK</name>
		<comment></comment>
		<notes></notes>
		<alter type="created">
			<user>oracle</user>
			<timestamp>2009-12-18 15:30:39</timestamp>
		</alter>
		<alter type="changed">
			<user>oracle</user>
			<timestamp>2009-12-18 15:30:39</timestamp>
		</alter>
		<properties>
			<parameter name="design.owner" value="hr_schema" />
			<parameter name="object.existsinrepository" value="true" />
		</properties>
		<engineering should="true" />
		<des_obj_version version="1.0" />
		<documents />
		<parties />
		<changerequests />
		<measurements />
	</object>
</metadatadoc>