<?xml version="1.0" encoding="UTF-8" ?>
<metadatadoc version="2.0">
	<object type="FKIndexAssociation" id="3E0C88FA-696D-CDA5-B552-2F24E238C66F" rep_oid="null" rep_ovid="null" is_checkedout="false" checkedout_by="" visible_in_main_view="true" tableid="6F2BC1A4-E6A1-0FFC-1DF5-E47419565A76" reftableid="DC6A08B0-832F-B2FC-69CA-0F7B4160D912" references="A8096854-4BF3-53AC-BF1B-9C53C6C5F9BC" localindexid="55A07436-6557-6FED-695D-C0C68727B0E0" delrule="NO ACTION" mandatory="true" transferable="true" use_default_color="true" background_color="null" foreground_color="null">
		<name>JHIST_EMP_FK</name>
		<comment></comment>
		<notes></notes>
		<alter type="created">
			<user>oracle</user>
			<timestamp>2009-12-18 15:30:39</timestamp>
		</alter>
		<alter type="changed">
			<user>oracle</user>
			<timestamp>2009-12-18 15:30:39</timestamp>
		</alter>
		<properties>
			<parameter name="design.owner" value="hr_schema" />
			<parameter name="object.existsinrepository" value="true" />
		</properties>
		<engineering should="true" />
		<des_obj_version version="1.0" />
		<documents />
		<parties />
		<changerequests />
		<measurements />
	</object>
</metadatadoc>