<?xml version="1.0" encoding="UTF-8" ?>
<metadatadoc version="2.0">
	<object type="FKIndexAssociation" id="7800CE7E-104D-0494-6732-2119D4932CAB" rep_oid="null" rep_ovid="null" is_checkedout="false" checkedout_by="" visible_in_main_view="true" tableid="10A86985-48EC-C6B3-8CD5-71A664C51682" reftableid="D24F118A-8855-2B78-566D-208398EDD37D" references="A41463F1-0BA4-A06E-DECE-A6CFA91C371C" localindexid="5294AC31-53EF-FBA1-32E2-6EB0B70D7C03" delrule="NO ACTION" mandatory="false" transferable="true" use_default_color="true" background_color="null" foreground_color="null">
		<name>COUNTR_REG_FK</name>
		<comment></comment>
		<notes></notes>
		<alter type="created">
			<user>oracle</user>
			<timestamp>2009-12-18 15:30:39</timestamp>
		</alter>
		<alter type="changed">
			<user>oracle</user>
			<timestamp>2009-12-18 15:30:39</timestamp>
		</alter>
		<properties>
			<parameter name="design.owner" value="hr_schema" />
			<parameter name="object.existsinrepository" value="true" />
		</properties>
		<engineering should="true" />
		<des_obj_version version="1.0" />
		<documents />
		<parties />
		<changerequests />
		<measurements />
	</object>
</metadatadoc>