<?xml version="1.0" encoding="UTF-8" ?>
<metadatadoc version="2.0">
	<object type="FKIndexAssociation" id="910112C4-8177-66BB-C8E0-115E8BCBB3A2" rep_oid="null" rep_ovid="null" is_checkedout="false" checkedout_by="" visible_in_main_view="true" tableid="F59CED9A-4D43-AE7B-1C14-3B7E3B448C59" reftableid="10A86985-48EC-C6B3-8CD5-71A664C51682" references="6B2D0E8C-C3D3-740D-9220-5B43390A1500" localindexid="DC513F8E-F4A5-5530-1161-FE19422ACE44" delrule="NO ACTION" mandatory="false" transferable="true" use_default_color="true" background_color="null" foreground_color="null">
		<name>LOC_C_ID_FK</name>
		<comment></comment>
		<notes></notes>
		<alter type="created">
			<user>oracle</user>
			<timestamp>2009-12-18 15:30:39</timestamp>
		</alter>
		<alter type="changed">
			<user>oracle</user>
			<timestamp>2009-12-18 15:30:39</timestamp>
		</alter>
		<properties>
			<parameter name="design.owner" value="hr_schema" />
			<parameter name="object.existsinrepository" value="true" />
		</properties>
		<engineering should="true" />
		<des_obj_version version="1.0" />
		<documents />
		<parties />
		<changerequests />
		<measurements />
	</object>
</metadatadoc>