<?xml version="1.0" encoding="UTF-8" ?>
<metadatadoc version="2.0">
	<object type="FKIndexAssociation" id="940CD603-AE77-DC89-F33B-44CCF3FCC2F2" rep_oid="null" rep_ovid="null" is_checkedout="false" checkedout_by="" visible_in_main_view="true" tableid="2168CBE7-8512-43AF-48C7-517B0CF601DA" reftableid="F59CED9A-4D43-AE7B-1C14-3B7E3B448C59" references="83E3CA90-5BDF-B278-0368-31D060941A48" localindexid="509E07CC-69FA-99FA-7608-65CC8514023F" delrule="NO ACTION" mandatory="false" transferable="true" use_default_color="true" background_color="null" foreground_color="null">
		<name>DEPT_LOC_FK</name>
		<comment></comment>
		<notes></notes>
		<alter type="created">
			<user>oracle</user>
			<timestamp>2009-12-18 15:30:39</timestamp>
		</alter>
		<alter type="changed">
			<user>oracle</user>
			<timestamp>2009-12-18 15:30:39</timestamp>
		</alter>
		<properties>
			<parameter name="design.owner" value="hr_schema" />
			<parameter name="object.existsinrepository" value="true" />
		</properties>
		<engineering should="true" />
		<des_obj_version version="1.0" />
		<documents />
		<parties />
		<changerequests />
		<measurements />
	</object>
</metadatadoc>