<?xml version="1.0" encoding="UTF-8" ?>
<metadatadoc version="2.0">
	<object type="FKIndexAssociation" id="CB30C348-DA8B-C860-0E10-B2A890A29689" rep_oid="null" rep_ovid="null" is_checkedout="false" checkedout_by="" visible_in_main_view="true" tableid="6F2BC1A4-E6A1-0FFC-1DF5-E47419565A76" reftableid="F2AB040E-C4DA-4A90-0669-94A558E06E60" references="F6DDA131-761A-18E1-26C3-C8A517678DD2" localindexid="0B173A7F-CE4B-8F19-0B6A-73F8856181DB" delrule="NO ACTION" mandatory="true" transferable="true" use_default_color="true" background_color="null" foreground_color="null">
		<name>JHIST_JOB_FK</name>
		<comment></comment>
		<notes></notes>
		<alter type="created">
			<user>oracle</user>
			<timestamp>2009-12-18 15:30:39</timestamp>
		</alter>
		<alter type="changed">
			<user>oracle</user>
			<timestamp>2009-12-18 15:30:39</timestamp>
		</alter>
		<properties>
			<parameter name="design.owner" value="hr_schema" />
			<parameter name="object.existsinrepository" value="true" />
		</properties>
		<engineering should="true" />
		<des_obj_version version="1.0" />
		<documents />
		<parties />
		<changerequests />
		<measurements />
	</object>
</metadatadoc>