<?xml version="1.0" encoding="UTF-8" ?>
<metadatadoc version="2.0">
	<object type="FKIndexAssociation" id="CF9EF2A9-5A02-9D52-FD5F-C1EF375D9777" rep_oid="null" rep_ovid="null" is_checkedout="false" checkedout_by="" visible_in_main_view="true" tableid="6F2BC1A4-E6A1-0FFC-1DF5-E47419565A76" reftableid="2168CBE7-8512-43AF-48C7-517B0CF601DA" references="943B23A4-CA22-86F8-106B-3A0394BA0076" localindexid="9FB1A3F8-FEC9-DC6F-C2AE-5E245D9EB139" delrule="NO ACTION" mandatory="false" transferable="true" use_default_color="true" background_color="null" foreground_color="null">
		<name>JHIST_DEPT_FK</name>
		<comment></comment>
		<notes></notes>
		<alter type="created">
			<user>oracle</user>
			<timestamp>2009-12-18 15:30:39</timestamp>
		</alter>
		<alter type="changed">
			<user>oracle</user>
			<timestamp>2009-12-18 15:30:39</timestamp>
		</alter>
		<properties>
			<parameter name="design.owner" value="hr_schema" />
			<parameter name="object.existsinrepository" value="true" />
		</properties>
		<engineering should="true" />
		<des_obj_version version="1.0" />
		<documents />
		<parties />
		<changerequests />
		<measurements />
	</object>
</metadatadoc>