<?xml version="1.0" encoding="UTF-8" ?>
<metadatadoc version="2.0">
	<object type="Table" id="2CFA16A9-6179-37AF-1EBE-1EB2E5D0C2A0">
		<name>HR_EMPLOYEES</name>
		<comment></comment>
		<notes></notes>
		<alter type="created">
			<user>meyoung</user>
			<timestamp>2010-02-25 13:24:01</timestamp>
		</alter>
		<alter type="changed">
			<user>meyoung</user>
			<timestamp>2010-02-25 14:18:33</timestamp>
		</alter>
		<properties>
			<parameter name="object.property.auto.BackupOption" value="Rename" />
			<parameter name="object.property.auto.Cache" value="NO" />
			<parameter name="object.property.auto.Cluster" value="NO_OBJECT" />
			<parameter name="object.property.auto.ClusterColumns" value="" />
			<parameter name="object.property.auto.CommentChanged" value="false" />
			<parameter name="object.property.auto.CommentInRDBMSChanged" value="false" />
			<parameter name="object.property.auto.DataSegmentCompression" value="NO" />
			<parameter name="object.property.auto.Degree" value="" />
			<parameter name="object.property.auto.DeletedInPhysicalDesign" value="false" />
			<parameter name="object.property.auto.DropEnabled" value="false" />
			<parameter name="object.property.auto.GeneratePK" value="true" />
			<parameter name="object.property.auto.GeneratedInRDBMS" value="false" />
			<parameter name="object.property.auto.IOTMappingTable" value="NO" />
			<parameter name="object.property.auto.IotCompress" value="0" />
			<parameter name="object.property.auto.IotIncluding" value="NO_OBJECT" />
			<parameter name="object.property.auto.IotOverflowSegment" value="NO_OBJECT" />
			<parameter name="object.property.auto.IotPctThreshold" value="1" />
			<parameter name="object.property.auto.Logging" value="YES" />
			<parameter name="object.property.auto.LongName" value="DMUSER.HR_EMPLOYEES" />
			<parameter name="object.property.auto.MarkedGenerate" value="true" />
			<parameter name="object.property.auto.Monitoring" value="NO" />
			<parameter name="object.property.auto.Name" value="HR_EMPLOYEES" />
			<parameter name="object.property.auto.NameChanged" value="false" />
			<parameter name="object.property.auto.NameHasQuotes" value="false" />
			<parameter name="object.property.auto.ObjectID" value="2CFA16A9-6179-37AF-1EBE-1EB2E5D0C2A0" />
			<parameter name="object.property.auto.OidIndexName" value="" />
			<parameter name="object.property.auto.OidIndexSegment" value="5FDED5C2-0F93-5826-7042-6105E897D3BF" />
			<parameter name="object.property.auto.Organization" value="HEAP" />
			<parameter name="object.property.auto.PKName" value="PK_EMPLOYEES" />
			<parameter name="object.property.auto.Parallel" value="NO" />
			<parameter name="object.property.auto.PartitionList" value="B1033C8E-AC5D-C481-CAFF-2EC1C47D0597" />
			<parameter name="object.property.auto.Partitioned" value="YES" />
			<parameter name="object.property.auto.ParttitionedRowMovement" value="ENABLE" />
			<parameter name="object.property.auto.RawObject" value="false" />
			<parameter name="object.property.auto.RestoreOption" value="Restore" />
			<parameter name="object.property.auto.Segment" value="NO_OBJECT" />
			<parameter name="object.property.auto.Snapshot" value="NO_OBJECT" />
			<parameter name="object.property.auto.SuplementalLogColumns" value="" />
			<parameter name="object.property.auto.SuplementalLogConditions" value="ON UPDATE" />
			<parameter name="object.property.auto.SuplementalLogGroupName" value="" />
			<parameter name="object.property.auto.TableSpace" value="6A260092-03B2-49F7-0031-288A951FB842" />
			<parameter name="object.property.auto.TempPreserveRows" value="YES" />
			<parameter name="object.property.auto.Temporary" value="NO" />
			<parameter name="object.property.auto.User" value="FF596676-D2E7-C094-7D7F-642433B92555" />
			<parameter name="design.owner" value="demo19-1a" />
			<parameter name="object.existsinrepository" value="true" />
		</properties>
	</object>
	<columns>
		<Column type="Column" id="6192FC27-6899-AB05-9A9E-7A2D9F2DB88E">
			<name>ID</name>
			<comment></comment>
			<notes></notes>
			<alter type="created">
				<user>meyoung</user>
				<timestamp>2010-02-25 13:24:01</timestamp>
			</alter>
			<alter type="changed">
				<user>meyoung</user>
				<timestamp>2010-02-25 13:24:01</timestamp>
			</alter>
			<properties>
				<parameter name="object.property.auto.AdditionalNTS" value="" />
				<parameter name="object.property.auto.Cache" value="CACHE" />
				<parameter name="object.property.auto.Chunk" value="0" />
				<parameter name="object.property.auto.ColumnExpression" value="" />
				<parameter name="object.property.auto.CommentChanged" value="false" />
				<parameter name="object.property.auto.CommentInRDBMSChanged" value="false" />
				<parameter name="object.property.auto.DefaultValue" value="" />
				<parameter name="object.property.auto.Deferrable" value="NO" />
				<parameter name="object.property.auto.DeletedInPhysicalDesign" value="false" />
				<parameter name="object.property.auto.DropEnabled" value="false" />
				<parameter name="object.property.auto.ElementType" value="" />
				<parameter name="object.property.auto.Enable" value="YES" />
				<parameter name="object.property.auto.ExceptionsTable" value="NO_OBJECT" />
				<parameter name="object.property.auto.ExpressionChanged" value="false" />
				<parameter name="object.property.auto.Freepools" value="0" />
				<parameter name="object.property.auto.GeneratedInRDBMS" value="false" />
				<parameter name="object.property.auto.Initially" value="IMMEDIATE" />
				<parameter name="object.property.auto.LobSegmentName" value="" />
				<parameter name="object.property.auto.LobSegname" value="" />
				<parameter name="object.property.auto.Logging" value="YES" />
				<parameter name="object.property.auto.LongName" value="HR_EMPLOYEES.ID" />
				<parameter name="object.property.auto.MarkedGenerate" value="true" />
				<parameter name="object.property.auto.Name" value="ID" />
				<parameter name="object.property.auto.NameChanged" value="false" />
				<parameter name="object.property.auto.NameHasQuotes" value="false" />
				<parameter name="object.property.auto.NncDeferrable" value="NO" />
				<parameter name="object.property.auto.NncEnable" value="YES" />
				<parameter name="object.property.auto.NncExceptionsTable" value="NO_OBJECT" />
				<parameter name="object.property.auto.NncInitially" value="IMMEDIATE" />
				<parameter name="object.property.auto.NncName" value="" />
				<parameter name="object.property.auto.NncRely" value="NO" />
				<parameter name="object.property.auto.NncValidate" value="YES" />
				<parameter name="object.property.auto.NotNullConstraintOracle" value="NO_OBJECT" />
				<parameter name="object.property.auto.NtReturn" value="" />
				<parameter name="object.property.auto.NtStorageTable" value="" />
				<parameter name="object.property.auto.ObjectID" value="6192FC27-6899-AB05-9A9E-7A2D9F2DB88E" />
				<parameter name="object.property.auto.OldVersions" value="RETENTION" />
				<parameter name="object.property.auto.PCTVersion" value="0" />
				<parameter name="object.property.auto.RawObject" value="false" />
				<parameter name="object.property.auto.SCBufferPool" value="DEFAULT" />
				<parameter name="object.property.auto.SCFreeLists" value="1" />
				<parameter name="object.property.auto.SCFreelistGroups" value="1" />
				<parameter name="object.property.auto.SCInitialExtent" value="0" />
				<parameter name="object.property.auto.SCMaxExtents" value="UNLIMITED" />
				<parameter name="object.property.auto.SCMinExtents" value="1" />
				<parameter name="object.property.auto.SCNextExtent" value="0" />
				<parameter name="object.property.auto.SCPctIncrease" value="0" />
				<parameter name="object.property.auto.StorageInRow" value="ENABLE" />
				<parameter name="object.property.auto.StoreAs" value="CLOB" />
				<parameter name="object.property.auto.SubstStructuredType" value="NO_OBJECT" />
				<parameter name="object.property.auto.Subtitutable" value="" />
				<parameter name="object.property.auto.Tablespace" value="NO_OBJECT" />
				<parameter name="object.property.auto.Validate" value="YES" />
				<parameter name="object.property.auto.WithRowId" value="NO" />
				<parameter name="object.property.auto.XmlSchemaElement" value="" />
				<parameter name="object.property.auto.XmlSchemaUrl" value="" />
				<parameter name="design.owner" value="demo19-1a" />
				<parameter name="object.existsinrepository" value="true" />
			</properties>
		</Column>
		<Column type="Column" id="256E31E1-39E0-776F-C47D-5651060680FB">
			<name>FIRST_NM</name>
			<comment></comment>
			<notes></notes>
			<alter type="created">
				<user>meyoung</user>
				<timestamp>2010-02-25 13:24:01</timestamp>
			</alter>
			<alter type="changed">
				<user>meyoung</user>
				<timestamp>2010-02-25 13:24:01</timestamp>
			</alter>
			<properties>
				<parameter name="object.property.auto.AdditionalNTS" value="" />
				<parameter name="object.property.auto.Cache" value="CACHE" />
				<parameter name="object.property.auto.Chunk" value="0" />
				<parameter name="object.property.auto.ColumnExpression" value="" />
				<parameter name="object.property.auto.CommentChanged" value="false" />
				<parameter name="object.property.auto.CommentInRDBMSChanged" value="false" />
				<parameter name="object.property.auto.DefaultValue" value="" />
				<parameter name="object.property.auto.Deferrable" value="NO" />
				<parameter name="object.property.auto.DeletedInPhysicalDesign" value="false" />
				<parameter name="object.property.auto.DropEnabled" value="false" />
				<parameter name="object.property.auto.ElementType" value="" />
				<parameter name="object.property.auto.Enable" value="YES" />
				<parameter name="object.property.auto.ExceptionsTable" value="NO_OBJECT" />
				<parameter name="object.property.auto.ExpressionChanged" value="false" />
				<parameter name="object.property.auto.Freepools" value="0" />
				<parameter name="object.property.auto.GeneratedInRDBMS" value="false" />
				<parameter name="object.property.auto.Initially" value="IMMEDIATE" />
				<parameter name="object.property.auto.LobSegmentName" value="" />
				<parameter name="object.property.auto.LobSegname" value="" />
				<parameter name="object.property.auto.Logging" value="YES" />
				<parameter name="object.property.auto.LongName" value="HR_EMPLOYEES.FIRST_NM" />
				<parameter name="object.property.auto.MarkedGenerate" value="true" />
				<parameter name="object.property.auto.Name" value="FIRST_NM" />
				<parameter name="object.property.auto.NameChanged" value="false" />
				<parameter name="object.property.auto.NameHasQuotes" value="false" />
				<parameter name="object.property.auto.NncDeferrable" value="NO" />
				<parameter name="object.property.auto.NncEnable" value="YES" />
				<parameter name="object.property.auto.NncExceptionsTable" value="NO_OBJECT" />
				<parameter name="object.property.auto.NncInitially" value="IMMEDIATE" />
				<parameter name="object.property.auto.NncName" value="" />
				<parameter name="object.property.auto.NncRely" value="NO" />
				<parameter name="object.property.auto.NncValidate" value="YES" />
				<parameter name="object.property.auto.NotNullConstraintOracle" value="NO_OBJECT" />
				<parameter name="object.property.auto.NtReturn" value="" />
				<parameter name="object.property.auto.NtStorageTable" value="" />
				<parameter name="object.property.auto.ObjectID" value="256E31E1-39E0-776F-C47D-5651060680FB" />
				<parameter name="object.property.auto.OldVersions" value="RETENTION" />
				<parameter name="object.property.auto.PCTVersion" value="0" />
				<parameter name="object.property.auto.RawObject" value="false" />
				<parameter name="object.property.auto.SCBufferPool" value="DEFAULT" />
				<parameter name="object.property.auto.SCFreeLists" value="1" />
				<parameter name="object.property.auto.SCFreelistGroups" value="1" />
				<parameter name="object.property.auto.SCInitialExtent" value="0" />
				<parameter name="object.property.auto.SCMaxExtents" value="UNLIMITED" />
				<parameter name="object.property.auto.SCMinExtents" value="1" />
				<parameter name="object.property.auto.SCNextExtent" value="0" />
				<parameter name="object.property.auto.SCPctIncrease" value="0" />
				<parameter name="object.property.auto.StorageInRow" value="ENABLE" />
				<parameter name="object.property.auto.StoreAs" value="CLOB" />
				<parameter name="object.property.auto.SubstStructuredType" value="NO_OBJECT" />
				<parameter name="object.property.auto.Subtitutable" value="" />
				<parameter name="object.property.auto.Tablespace" value="NO_OBJECT" />
				<parameter name="object.property.auto.Validate" value="YES" />
				<parameter name="object.property.auto.WithRowId" value="NO" />
				<parameter name="object.property.auto.XmlSchemaElement" value="" />
				<parameter name="object.property.auto.XmlSchemaUrl" value="" />
				<parameter name="design.owner" value="demo19-1a" />
				<parameter name="object.existsinrepository" value="true" />
			</properties>
		</Column>
		<Column type="Column" id="5D38773F-DDD8-98E0-CFD4-FE26DD4ADF54">
			<name>LAST_NM</name>
			<comment></comment>
			<notes></notes>
			<alter type="created">
				<user>meyoung</user>
				<timestamp>2010-02-25 13:24:01</timestamp>
			</alter>
			<alter type="changed">
				<user>meyoung</user>
				<timestamp>2010-02-25 13:24:01</timestamp>
			</alter>
			<properties>
				<parameter name="object.property.auto.AdditionalNTS" value="" />
				<parameter name="object.property.auto.Cache" value="CACHE" />
				<parameter name="object.property.auto.Chunk" value="0" />
				<parameter name="object.property.auto.ColumnExpression" value="" />
				<parameter name="object.property.auto.CommentChanged" value="false" />
				<parameter name="object.property.auto.CommentInRDBMSChanged" value="false" />
				<parameter name="object.property.auto.DefaultValue" value="" />
				<parameter name="object.property.auto.Deferrable" value="NO" />
				<parameter name="object.property.auto.DeletedInPhysicalDesign" value="false" />
				<parameter name="object.property.auto.DropEnabled" value="false" />
				<parameter name="object.property.auto.ElementType" value="" />
				<parameter name="object.property.auto.Enable" value="YES" />
				<parameter name="object.property.auto.ExceptionsTable" value="NO_OBJECT" />
				<parameter name="object.property.auto.ExpressionChanged" value="false" />
				<parameter name="object.property.auto.Freepools" value="0" />
				<parameter name="object.property.auto.GeneratedInRDBMS" value="false" />
				<parameter name="object.property.auto.Initially" value="IMMEDIATE" />
				<parameter name="object.property.auto.LobSegmentName" value="" />
				<parameter name="object.property.auto.LobSegname" value="" />
				<parameter name="object.property.auto.Logging" value="YES" />
				<parameter name="object.property.auto.LongName" value="HR_EMPLOYEES.LAST_NM" />
				<parameter name="object.property.auto.MarkedGenerate" value="true" />
				<parameter name="object.property.auto.Name" value="LAST_NM" />
				<parameter name="object.property.auto.NameChanged" value="false" />
				<parameter name="object.property.auto.NameHasQuotes" value="false" />
				<parameter name="object.property.auto.NncDeferrable" value="NO" />
				<parameter name="object.property.auto.NncEnable" value="YES" />
				<parameter name="object.property.auto.NncExceptionsTable" value="NO_OBJECT" />
				<parameter name="object.property.auto.NncInitially" value="IMMEDIATE" />
				<parameter name="object.property.auto.NncName" value="" />
				<parameter name="object.property.auto.NncRely" value="NO" />
				<parameter name="object.property.auto.NncValidate" value="YES" />
				<parameter name="object.property.auto.NotNullConstraintOracle" value="NO_OBJECT" />
				<parameter name="object.property.auto.NtReturn" value="" />
				<parameter name="object.property.auto.NtStorageTable" value="" />
				<parameter name="object.property.auto.ObjectID" value="5D38773F-DDD8-98E0-CFD4-FE26DD4ADF54" />
				<parameter name="object.property.auto.OldVersions" value="RETENTION" />
				<parameter name="object.property.auto.PCTVersion" value="0" />
				<parameter name="object.property.auto.RawObject" value="false" />
				<parameter name="object.property.auto.SCBufferPool" value="DEFAULT" />
				<parameter name="object.property.auto.SCFreeLists" value="1" />
				<parameter name="object.property.auto.SCFreelistGroups" value="1" />
				<parameter name="object.property.auto.SCInitialExtent" value="0" />
				<parameter name="object.property.auto.SCMaxExtents" value="UNLIMITED" />
				<parameter name="object.property.auto.SCMinExtents" value="1" />
				<parameter name="object.property.auto.SCNextExtent" value="0" />
				<parameter name="object.property.auto.SCPctIncrease" value="0" />
				<parameter name="object.property.auto.StorageInRow" value="ENABLE" />
				<parameter name="object.property.auto.StoreAs" value="CLOB" />
				<parameter name="object.property.auto.SubstStructuredType" value="NO_OBJECT" />
				<parameter name="object.property.auto.Subtitutable" value="" />
				<parameter name="object.property.auto.Tablespace" value="NO_OBJECT" />
				<parameter name="object.property.auto.Validate" value="YES" />
				<parameter name="object.property.auto.WithRowId" value="NO" />
				<parameter name="object.property.auto.XmlSchemaElement" value="" />
				<parameter name="object.property.auto.XmlSchemaUrl" value="" />
				<parameter name="design.owner" value="demo19-1a" />
				<parameter name="object.existsinrepository" value="true" />
			</properties>
		</Column>
		<Column type="Column" id="0572D949-184D-28D4-4A34-D1BA8C04E362">
			<name>EMAIL</name>
			<comment></comment>
			<notes></notes>
			<alter type="created">
				<user>meyoung</user>
				<timestamp>2010-02-25 13:24:01</timestamp>
			</alter>
			<alter type="changed">
				<user>meyoung</user>
				<timestamp>2010-02-25 13:24:01</timestamp>
			</alter>
			<properties>
				<parameter name="object.property.auto.AdditionalNTS" value="" />
				<parameter name="object.property.auto.Cache" value="CACHE" />
				<parameter name="object.property.auto.Chunk" value="0" />
				<parameter name="object.property.auto.ColumnExpression" value="" />
				<parameter name="object.property.auto.CommentChanged" value="false" />
				<parameter name="object.property.auto.CommentInRDBMSChanged" value="false" />
				<parameter name="object.property.auto.DefaultValue" value="" />
				<parameter name="object.property.auto.Deferrable" value="NO" />
				<parameter name="object.property.auto.DeletedInPhysicalDesign" value="false" />
				<parameter name="object.property.auto.DropEnabled" value="false" />
				<parameter name="object.property.auto.ElementType" value="" />
				<parameter name="object.property.auto.Enable" value="YES" />
				<parameter name="object.property.auto.ExceptionsTable" value="NO_OBJECT" />
				<parameter name="object.property.auto.ExpressionChanged" value="false" />
				<parameter name="object.property.auto.Freepools" value="0" />
				<parameter name="object.property.auto.GeneratedInRDBMS" value="false" />
				<parameter name="object.property.auto.Initially" value="IMMEDIATE" />
				<parameter name="object.property.auto.LobSegmentName" value="" />
				<parameter name="object.property.auto.LobSegname" value="" />
				<parameter name="object.property.auto.Logging" value="YES" />
				<parameter name="object.property.auto.LongName" value="HR_EMPLOYEES.EMAIL" />
				<parameter name="object.property.auto.MarkedGenerate" value="true" />
				<parameter name="object.property.auto.Name" value="EMAIL" />
				<parameter name="object.property.auto.NameChanged" value="false" />
				<parameter name="object.property.auto.NameHasQuotes" value="false" />
				<parameter name="object.property.auto.NncDeferrable" value="NO" />
				<parameter name="object.property.auto.NncEnable" value="YES" />
				<parameter name="object.property.auto.NncExceptionsTable" value="NO_OBJECT" />
				<parameter name="object.property.auto.NncInitially" value="IMMEDIATE" />
				<parameter name="object.property.auto.NncName" value="" />
				<parameter name="object.property.auto.NncRely" value="NO" />
				<parameter name="object.property.auto.NncValidate" value="YES" />
				<parameter name="object.property.auto.NotNullConstraintOracle" value="NO_OBJECT" />
				<parameter name="object.property.auto.NtReturn" value="" />
				<parameter name="object.property.auto.NtStorageTable" value="" />
				<parameter name="object.property.auto.ObjectID" value="0572D949-184D-28D4-4A34-D1BA8C04E362" />
				<parameter name="object.property.auto.OldVersions" value="RETENTION" />
				<parameter name="object.property.auto.PCTVersion" value="0" />
				<parameter name="object.property.auto.RawObject" value="false" />
				<parameter name="object.property.auto.SCBufferPool" value="DEFAULT" />
				<parameter name="object.property.auto.SCFreeLists" value="1" />
				<parameter name="object.property.auto.SCFreelistGroups" value="1" />
				<parameter name="object.property.auto.SCInitialExtent" value="0" />
				<parameter name="object.property.auto.SCMaxExtents" value="UNLIMITED" />
				<parameter name="object.property.auto.SCMinExtents" value="1" />
				<parameter name="object.property.auto.SCNextExtent" value="0" />
				<parameter name="object.property.auto.SCPctIncrease" value="0" />
				<parameter name="object.property.auto.StorageInRow" value="ENABLE" />
				<parameter name="object.property.auto.StoreAs" value="CLOB" />
				<parameter name="object.property.auto.SubstStructuredType" value="NO_OBJECT" />
				<parameter name="object.property.auto.Subtitutable" value="" />
				<parameter name="object.property.auto.Tablespace" value="NO_OBJECT" />
				<parameter name="object.property.auto.Validate" value="YES" />
				<parameter name="object.property.auto.WithRowId" value="NO" />
				<parameter name="object.property.auto.XmlSchemaElement" value="" />
				<parameter name="object.property.auto.XmlSchemaUrl" value="" />
				<parameter name="design.owner" value="demo19-1a" />
				<parameter name="object.existsinrepository" value="true" />
			</properties>
		</Column>
		<Column type="Column" id="C99F995F-9926-D8B7-4181-A5408BEAD8CF">
			<name>PH_NO</name>
			<comment></comment>
			<notes></notes>
			<alter type="created">
				<user>meyoung</user>
				<timestamp>2010-02-25 13:24:01</timestamp>
			</alter>
			<alter type="changed">
				<user>meyoung</user>
				<timestamp>2010-02-25 13:24:01</timestamp>
			</alter>
			<properties>
				<parameter name="object.property.auto.AdditionalNTS" value="" />
				<parameter name="object.property.auto.Cache" value="CACHE" />
				<parameter name="object.property.auto.Chunk" value="0" />
				<parameter name="object.property.auto.ColumnExpression" value="" />
				<parameter name="object.property.auto.CommentChanged" value="false" />
				<parameter name="object.property.auto.CommentInRDBMSChanged" value="false" />
				<parameter name="object.property.auto.DefaultValue" value="" />
				<parameter name="object.property.auto.Deferrable" value="NO" />
				<parameter name="object.property.auto.DeletedInPhysicalDesign" value="false" />
				<parameter name="object.property.auto.DropEnabled" value="false" />
				<parameter name="object.property.auto.ElementType" value="" />
				<parameter name="object.property.auto.Enable" value="YES" />
				<parameter name="object.property.auto.ExceptionsTable" value="NO_OBJECT" />
				<parameter name="object.property.auto.ExpressionChanged" value="false" />
				<parameter name="object.property.auto.Freepools" value="0" />
				<parameter name="object.property.auto.GeneratedInRDBMS" value="false" />
				<parameter name="object.property.auto.Initially" value="IMMEDIATE" />
				<parameter name="object.property.auto.LobSegmentName" value="" />
				<parameter name="object.property.auto.LobSegname" value="" />
				<parameter name="object.property.auto.Logging" value="YES" />
				<parameter name="object.property.auto.LongName" value="HR_EMPLOYEES.PH_NO" />
				<parameter name="object.property.auto.MarkedGenerate" value="true" />
				<parameter name="object.property.auto.Name" value="PH_NO" />
				<parameter name="object.property.auto.NameChanged" value="false" />
				<parameter name="object.property.auto.NameHasQuotes" value="false" />
				<parameter name="object.property.auto.NncDeferrable" value="NO" />
				<parameter name="object.property.auto.NncEnable" value="YES" />
				<parameter name="object.property.auto.NncExceptionsTable" value="NO_OBJECT" />
				<parameter name="object.property.auto.NncInitially" value="IMMEDIATE" />
				<parameter name="object.property.auto.NncName" value="" />
				<parameter name="object.property.auto.NncRely" value="NO" />
				<parameter name="object.property.auto.NncValidate" value="YES" />
				<parameter name="object.property.auto.NotNullConstraintOracle" value="NO_OBJECT" />
				<parameter name="object.property.auto.NtReturn" value="" />
				<parameter name="object.property.auto.NtStorageTable" value="" />
				<parameter name="object.property.auto.ObjectID" value="C99F995F-9926-D8B7-4181-A5408BEAD8CF" />
				<parameter name="object.property.auto.OldVersions" value="RETENTION" />
				<parameter name="object.property.auto.PCTVersion" value="0" />
				<parameter name="object.property.auto.RawObject" value="false" />
				<parameter name="object.property.auto.SCBufferPool" value="DEFAULT" />
				<parameter name="object.property.auto.SCFreeLists" value="1" />
				<parameter name="object.property.auto.SCFreelistGroups" value="1" />
				<parameter name="object.property.auto.SCInitialExtent" value="0" />
				<parameter name="object.property.auto.SCMaxExtents" value="UNLIMITED" />
				<parameter name="object.property.auto.SCMinExtents" value="1" />
				<parameter name="object.property.auto.SCNextExtent" value="0" />
				<parameter name="object.property.auto.SCPctIncrease" value="0" />
				<parameter name="object.property.auto.StorageInRow" value="ENABLE" />
				<parameter name="object.property.auto.StoreAs" value="CLOB" />
				<parameter name="object.property.auto.SubstStructuredType" value="NO_OBJECT" />
				<parameter name="object.property.auto.Subtitutable" value="" />
				<parameter name="object.property.auto.Tablespace" value="NO_OBJECT" />
				<parameter name="object.property.auto.Validate" value="YES" />
				<parameter name="object.property.auto.WithRowId" value="NO" />
				<parameter name="object.property.auto.XmlSchemaElement" value="" />
				<parameter name="object.property.auto.XmlSchemaUrl" value="" />
				<parameter name="design.owner" value="demo19-1a" />
				<parameter name="object.existsinrepository" value="true" />
			</properties>
		</Column>
		<Column type="Column" id="486E4CC1-2DDF-061B-6684-2D53C4ED52EC">
			<name>HIRE_DATE</name>
			<comment></comment>
			<notes></notes>
			<alter type="created">
				<user>meyoung</user>
				<timestamp>2010-02-25 13:24:01</timestamp>
			</alter>
			<alter type="changed">
				<user>meyoung</user>
				<timestamp>2010-02-25 13:24:01</timestamp>
			</alter>
			<properties>
				<parameter name="object.property.auto.AdditionalNTS" value="" />
				<parameter name="object.property.auto.Cache" value="CACHE" />
				<parameter name="object.property.auto.Chunk" value="0" />
				<parameter name="object.property.auto.ColumnExpression" value="" />
				<parameter name="object.property.auto.CommentChanged" value="false" />
				<parameter name="object.property.auto.CommentInRDBMSChanged" value="false" />
				<parameter name="object.property.auto.DefaultValue" value="" />
				<parameter name="object.property.auto.Deferrable" value="NO" />
				<parameter name="object.property.auto.DeletedInPhysicalDesign" value="false" />
				<parameter name="object.property.auto.DropEnabled" value="false" />
				<parameter name="object.property.auto.ElementType" value="" />
				<parameter name="object.property.auto.Enable" value="YES" />
				<parameter name="object.property.auto.ExceptionsTable" value="NO_OBJECT" />
				<parameter name="object.property.auto.ExpressionChanged" value="false" />
				<parameter name="object.property.auto.Freepools" value="0" />
				<parameter name="object.property.auto.GeneratedInRDBMS" value="false" />
				<parameter name="object.property.auto.Initially" value="IMMEDIATE" />
				<parameter name="object.property.auto.LobSegmentName" value="" />
				<parameter name="object.property.auto.LobSegname" value="" />
				<parameter name="object.property.auto.Logging" value="YES" />
				<parameter name="object.property.auto.LongName" value="HR_EMPLOYEES.HIRE_DATE" />
				<parameter name="object.property.auto.MarkedGenerate" value="true" />
				<parameter name="object.property.auto.Name" value="HIRE_DATE" />
				<parameter name="object.property.auto.NameChanged" value="false" />
				<parameter name="object.property.auto.NameHasQuotes" value="false" />
				<parameter name="object.property.auto.NncDeferrable" value="NO" />
				<parameter name="object.property.auto.NncEnable" value="YES" />
				<parameter name="object.property.auto.NncExceptionsTable" value="NO_OBJECT" />
				<parameter name="object.property.auto.NncInitially" value="IMMEDIATE" />
				<parameter name="object.property.auto.NncName" value="" />
				<parameter name="object.property.auto.NncRely" value="NO" />
				<parameter name="object.property.auto.NncValidate" value="YES" />
				<parameter name="object.property.auto.NotNullConstraintOracle" value="NO_OBJECT" />
				<parameter name="object.property.auto.NtReturn" value="" />
				<parameter name="object.property.auto.NtStorageTable" value="" />
				<parameter name="object.property.auto.ObjectID" value="486E4CC1-2DDF-061B-6684-2D53C4ED52EC" />
				<parameter name="object.property.auto.OldVersions" value="RETENTION" />
				<parameter name="object.property.auto.PCTVersion" value="0" />
				<parameter name="object.property.auto.RawObject" value="false" />
				<parameter name="object.property.auto.SCBufferPool" value="DEFAULT" />
				<parameter name="object.property.auto.SCFreeLists" value="1" />
				<parameter name="object.property.auto.SCFreelistGroups" value="1" />
				<parameter name="object.property.auto.SCInitialExtent" value="0" />
				<parameter name="object.property.auto.SCMaxExtents" value="UNLIMITED" />
				<parameter name="object.property.auto.SCMinExtents" value="1" />
				<parameter name="object.property.auto.SCNextExtent" value="0" />
				<parameter name="object.property.auto.SCPctIncrease" value="0" />
				<parameter name="object.property.auto.StorageInRow" value="ENABLE" />
				<parameter name="object.property.auto.StoreAs" value="CLOB" />
				<parameter name="object.property.auto.SubstStructuredType" value="NO_OBJECT" />
				<parameter name="object.property.auto.Subtitutable" value="" />
				<parameter name="object.property.auto.Tablespace" value="NO_OBJECT" />
				<parameter name="object.property.auto.Validate" value="YES" />
				<parameter name="object.property.auto.WithRowId" value="NO" />
				<parameter name="object.property.auto.XmlSchemaElement" value="" />
				<parameter name="object.property.auto.XmlSchemaUrl" value="" />
				<parameter name="design.owner" value="demo19-1a" />
				<parameter name="object.existsinrepository" value="true" />
			</properties>
		</Column>
		<Column type="Column" id="A97E5C96-EE1D-12FD-4838-5A4D577EBADE">
			<name>SAL</name>
			<comment></comment>
			<notes></notes>
			<alter type="created">
				<user>meyoung</user>
				<timestamp>2010-02-25 13:24:01</timestamp>
			</alter>
			<alter type="changed">
				<user>meyoung</user>
				<timestamp>2010-02-25 13:24:01</timestamp>
			</alter>
			<properties>
				<parameter name="object.property.auto.AdditionalNTS" value="" />
				<parameter name="object.property.auto.Cache" value="CACHE" />
				<parameter name="object.property.auto.Chunk" value="0" />
				<parameter name="object.property.auto.ColumnExpression" value="" />
				<parameter name="object.property.auto.CommentChanged" value="false" />
				<parameter name="object.property.auto.CommentInRDBMSChanged" value="false" />
				<parameter name="object.property.auto.DefaultValue" value="" />
				<parameter name="object.property.auto.Deferrable" value="NO" />
				<parameter name="object.property.auto.DeletedInPhysicalDesign" value="false" />
				<parameter name="object.property.auto.DropEnabled" value="false" />
				<parameter name="object.property.auto.ElementType" value="" />
				<parameter name="object.property.auto.Enable" value="YES" />
				<parameter name="object.property.auto.ExceptionsTable" value="NO_OBJECT" />
				<parameter name="object.property.auto.ExpressionChanged" value="false" />
				<parameter name="object.property.auto.Freepools" value="0" />
				<parameter name="object.property.auto.GeneratedInRDBMS" value="false" />
				<parameter name="object.property.auto.Initially" value="IMMEDIATE" />
				<parameter name="object.property.auto.LobSegmentName" value="" />
				<parameter name="object.property.auto.LobSegname" value="" />
				<parameter name="object.property.auto.Logging" value="YES" />
				<parameter name="object.property.auto.LongName" value="HR_EMPLOYEES.SAL" />
				<parameter name="object.property.auto.MarkedGenerate" value="true" />
				<parameter name="object.property.auto.Name" value="SAL" />
				<parameter name="object.property.auto.NameChanged" value="false" />
				<parameter name="object.property.auto.NameHasQuotes" value="false" />
				<parameter name="object.property.auto.NncDeferrable" value="NO" />
				<parameter name="object.property.auto.NncEnable" value="YES" />
				<parameter name="object.property.auto.NncExceptionsTable" value="NO_OBJECT" />
				<parameter name="object.property.auto.NncInitially" value="IMMEDIATE" />
				<parameter name="object.property.auto.NncName" value="" />
				<parameter name="object.property.auto.NncRely" value="NO" />
				<parameter name="object.property.auto.NncValidate" value="YES" />
				<parameter name="object.property.auto.NotNullConstraintOracle" value="NO_OBJECT" />
				<parameter name="object.property.auto.NtReturn" value="" />
				<parameter name="object.property.auto.NtStorageTable" value="" />
				<parameter name="object.property.auto.ObjectID" value="A97E5C96-EE1D-12FD-4838-5A4D577EBADE" />
				<parameter name="object.property.auto.OldVersions" value="RETENTION" />
				<parameter name="object.property.auto.PCTVersion" value="0" />
				<parameter name="object.property.auto.RawObject" value="false" />
				<parameter name="object.property.auto.SCBufferPool" value="DEFAULT" />
				<parameter name="object.property.auto.SCFreeLists" value="1" />
				<parameter name="object.property.auto.SCFreelistGroups" value="1" />
				<parameter name="object.property.auto.SCInitialExtent" value="0" />
				<parameter name="object.property.auto.SCMaxExtents" value="UNLIMITED" />
				<parameter name="object.property.auto.SCMinExtents" value="1" />
				<parameter name="object.property.auto.SCNextExtent" value="0" />
				<parameter name="object.property.auto.SCPctIncrease" value="0" />
				<parameter name="object.property.auto.StorageInRow" value="ENABLE" />
				<parameter name="object.property.auto.StoreAs" value="CLOB" />
				<parameter name="object.property.auto.SubstStructuredType" value="NO_OBJECT" />
				<parameter name="object.property.auto.Subtitutable" value="" />
				<parameter name="object.property.auto.Tablespace" value="NO_OBJECT" />
				<parameter name="object.property.auto.Validate" value="YES" />
				<parameter name="object.property.auto.WithRowId" value="NO" />
				<parameter name="object.property.auto.XmlSchemaElement" value="" />
				<parameter name="object.property.auto.XmlSchemaUrl" value="" />
				<parameter name="design.owner" value="demo19-1a" />
				<parameter name="object.existsinrepository" value="true" />
			</properties>
		</Column>
		<Column type="Column" id="2CE05BAF-0E85-9231-CDCD-747EDD9C20D3">
			<name>COMM_PCT</name>
			<comment></comment>
			<notes></notes>
			<alter type="created">
				<user>meyoung</user>
				<timestamp>2010-02-25 13:24:01</timestamp>
			</alter>
			<alter type="changed">
				<user>meyoung</user>
				<timestamp>2010-02-25 13:24:01</timestamp>
			</alter>
			<properties>
				<parameter name="object.property.auto.AdditionalNTS" value="" />
				<parameter name="object.property.auto.Cache" value="CACHE" />
				<parameter name="object.property.auto.Chunk" value="0" />
				<parameter name="object.property.auto.ColumnExpression" value="" />
				<parameter name="object.property.auto.CommentChanged" value="false" />
				<parameter name="object.property.auto.CommentInRDBMSChanged" value="false" />
				<parameter name="object.property.auto.DefaultValue" value="" />
				<parameter name="object.property.auto.Deferrable" value="NO" />
				<parameter name="object.property.auto.DeletedInPhysicalDesign" value="false" />
				<parameter name="object.property.auto.DropEnabled" value="false" />
				<parameter name="object.property.auto.ElementType" value="" />
				<parameter name="object.property.auto.Enable" value="YES" />
				<parameter name="object.property.auto.ExceptionsTable" value="NO_OBJECT" />
				<parameter name="object.property.auto.ExpressionChanged" value="false" />
				<parameter name="object.property.auto.Freepools" value="0" />
				<parameter name="object.property.auto.GeneratedInRDBMS" value="false" />
				<parameter name="object.property.auto.Initially" value="IMMEDIATE" />
				<parameter name="object.property.auto.LobSegmentName" value="" />
				<parameter name="object.property.auto.LobSegname" value="" />
				<parameter name="object.property.auto.Logging" value="YES" />
				<parameter name="object.property.auto.LongName" value="HR_EMPLOYEES.COMM_PCT" />
				<parameter name="object.property.auto.MarkedGenerate" value="true" />
				<parameter name="object.property.auto.Name" value="COMM_PCT" />
				<parameter name="object.property.auto.NameChanged" value="false" />
				<parameter name="object.property.auto.NameHasQuotes" value="false" />
				<parameter name="object.property.auto.NncDeferrable" value="NO" />
				<parameter name="object.property.auto.NncEnable" value="YES" />
				<parameter name="object.property.auto.NncExceptionsTable" value="NO_OBJECT" />
				<parameter name="object.property.auto.NncInitially" value="IMMEDIATE" />
				<parameter name="object.property.auto.NncName" value="" />
				<parameter name="object.property.auto.NncRely" value="NO" />
				<parameter name="object.property.auto.NncValidate" value="YES" />
				<parameter name="object.property.auto.NotNullConstraintOracle" value="NO_OBJECT" />
				<parameter name="object.property.auto.NtReturn" value="" />
				<parameter name="object.property.auto.NtStorageTable" value="" />
				<parameter name="object.property.auto.ObjectID" value="2CE05BAF-0E85-9231-CDCD-747EDD9C20D3" />
				<parameter name="object.property.auto.OldVersions" value="RETENTION" />
				<parameter name="object.property.auto.PCTVersion" value="0" />
				<parameter name="object.property.auto.RawObject" value="false" />
				<parameter name="object.property.auto.SCBufferPool" value="DEFAULT" />
				<parameter name="object.property.auto.SCFreeLists" value="1" />
				<parameter name="object.property.auto.SCFreelistGroups" value="1" />
				<parameter name="object.property.auto.SCInitialExtent" value="0" />
				<parameter name="object.property.auto.SCMaxExtents" value="UNLIMITED" />
				<parameter name="object.property.auto.SCMinExtents" value="1" />
				<parameter name="object.property.auto.SCNextExtent" value="0" />
				<parameter name="object.property.auto.SCPctIncrease" value="0" />
				<parameter name="object.property.auto.StorageInRow" value="ENABLE" />
				<parameter name="object.property.auto.StoreAs" value="CLOB" />
				<parameter name="object.property.auto.SubstStructuredType" value="NO_OBJECT" />
				<parameter name="object.property.auto.Subtitutable" value="" />
				<parameter name="object.property.auto.Tablespace" value="NO_OBJECT" />
				<parameter name="object.property.auto.Validate" value="YES" />
				<parameter name="object.property.auto.WithRowId" value="NO" />
				<parameter name="object.property.auto.XmlSchemaElement" value="" />
				<parameter name="object.property.auto.XmlSchemaUrl" value="" />
				<parameter name="design.owner" value="demo19-1a" />
				<parameter name="object.existsinrepository" value="true" />
			</properties>
		</Column>
		<Column type="Column" id="CDA86444-9804-3B84-E6DE-A71CB778B62C">
			<name>DEPARTMENTS_ID</name>
			<comment></comment>
			<notes></notes>
			<alter type="created">
				<user>meyoung</user>
				<timestamp>2010-02-25 13:24:01</timestamp>
			</alter>
			<alter type="changed">
				<user>meyoung</user>
				<timestamp>2010-02-25 13:24:01</timestamp>
			</alter>
			<properties>
				<parameter name="object.property.auto.AdditionalNTS" value="" />
				<parameter name="object.property.auto.Cache" value="CACHE" />
				<parameter name="object.property.auto.Chunk" value="0" />
				<parameter name="object.property.auto.ColumnExpression" value="" />
				<parameter name="object.property.auto.CommentChanged" value="false" />
				<parameter name="object.property.auto.CommentInRDBMSChanged" value="false" />
				<parameter name="object.property.auto.DefaultValue" value="" />
				<parameter name="object.property.auto.Deferrable" value="NO" />
				<parameter name="object.property.auto.DeletedInPhysicalDesign" value="false" />
				<parameter name="object.property.auto.DropEnabled" value="false" />
				<parameter name="object.property.auto.ElementType" value="" />
				<parameter name="object.property.auto.Enable" value="YES" />
				<parameter name="object.property.auto.ExceptionsTable" value="NO_OBJECT" />
				<parameter name="object.property.auto.ExpressionChanged" value="false" />
				<parameter name="object.property.auto.Freepools" value="0" />
				<parameter name="object.property.auto.GeneratedInRDBMS" value="false" />
				<parameter name="object.property.auto.Initially" value="IMMEDIATE" />
				<parameter name="object.property.auto.LobSegmentName" value="" />
				<parameter name="object.property.auto.LobSegname" value="" />
				<parameter name="object.property.auto.Logging" value="YES" />
				<parameter name="object.property.auto.LongName" value="HR_EMPLOYEES.DEPARTMENTS_ID" />
				<parameter name="object.property.auto.MarkedGenerate" value="true" />
				<parameter name="object.property.auto.Name" value="DEPARTMENTS_ID" />
				<parameter name="object.property.auto.NameChanged" value="false" />
				<parameter name="object.property.auto.NameHasQuotes" value="false" />
				<parameter name="object.property.auto.NncDeferrable" value="NO" />
				<parameter name="object.property.auto.NncEnable" value="YES" />
				<parameter name="object.property.auto.NncExceptionsTable" value="NO_OBJECT" />
				<parameter name="object.property.auto.NncInitially" value="IMMEDIATE" />
				<parameter name="object.property.auto.NncName" value="" />
				<parameter name="object.property.auto.NncRely" value="NO" />
				<parameter name="object.property.auto.NncValidate" value="YES" />
				<parameter name="object.property.auto.NotNullConstraintOracle" value="NO_OBJECT" />
				<parameter name="object.property.auto.NtReturn" value="" />
				<parameter name="object.property.auto.NtStorageTable" value="" />
				<parameter name="object.property.auto.ObjectID" value="CDA86444-9804-3B84-E6DE-A71CB778B62C" />
				<parameter name="object.property.auto.OldVersions" value="RETENTION" />
				<parameter name="object.property.auto.PCTVersion" value="0" />
				<parameter name="object.property.auto.RawObject" value="false" />
				<parameter name="object.property.auto.SCBufferPool" value="DEFAULT" />
				<parameter name="object.property.auto.SCFreeLists" value="1" />
				<parameter name="object.property.auto.SCFreelistGroups" value="1" />
				<parameter name="object.property.auto.SCInitialExtent" value="0" />
				<parameter name="object.property.auto.SCMaxExtents" value="UNLIMITED" />
				<parameter name="object.property.auto.SCMinExtents" value="1" />
				<parameter name="object.property.auto.SCNextExtent" value="0" />
				<parameter name="object.property.auto.SCPctIncrease" value="0" />
				<parameter name="object.property.auto.StorageInRow" value="ENABLE" />
				<parameter name="object.property.auto.StoreAs" value="CLOB" />
				<parameter name="object.property.auto.SubstStructuredType" value="NO_OBJECT" />
				<parameter name="object.property.auto.Subtitutable" value="" />
				<parameter name="object.property.auto.Tablespace" value="NO_OBJECT" />
				<parameter name="object.property.auto.Validate" value="YES" />
				<parameter name="object.property.auto.WithRowId" value="NO" />
				<parameter name="object.property.auto.XmlSchemaElement" value="" />
				<parameter name="object.property.auto.XmlSchemaUrl" value="" />
				<parameter name="design.owner" value="demo19-1a" />
				<parameter name="object.existsinrepository" value="true" />
			</properties>
		</Column>
		<Column type="Column" id="F5EB6488-1C26-8436-8320-D6F5918B58F0">
			<name>LOCATION</name>
			<comment></comment>
			<notes></notes>
			<alter type="created">
				<user>meyoung</user>
				<timestamp>2010-02-25 13:24:01</timestamp>
			</alter>
			<alter type="changed">
				<user>meyoung</user>
				<timestamp>2010-02-25 13:24:01</timestamp>
			</alter>
			<properties>
				<parameter name="object.property.auto.AdditionalNTS" value="" />
				<parameter name="object.property.auto.Cache" value="CACHE" />
				<parameter name="object.property.auto.Chunk" value="0" />
				<parameter name="object.property.auto.ColumnExpression" value="" />
				<parameter name="object.property.auto.CommentChanged" value="false" />
				<parameter name="object.property.auto.CommentInRDBMSChanged" value="false" />
				<parameter name="object.property.auto.DefaultValue" value="" />
				<parameter name="object.property.auto.Deferrable" value="NO" />
				<parameter name="object.property.auto.DeletedInPhysicalDesign" value="false" />
				<parameter name="object.property.auto.DropEnabled" value="false" />
				<parameter name="object.property.auto.ElementType" value="" />
				<parameter name="object.property.auto.Enable" value="YES" />
				<parameter name="object.property.auto.ExceptionsTable" value="NO_OBJECT" />
				<parameter name="object.property.auto.ExpressionChanged" value="false" />
				<parameter name="object.property.auto.Freepools" value="0" />
				<parameter name="object.property.auto.GeneratedInRDBMS" value="false" />
				<parameter name="object.property.auto.Initially" value="IMMEDIATE" />
				<parameter name="object.property.auto.LobSegmentName" value="" />
				<parameter name="object.property.auto.LobSegname" value="" />
				<parameter name="object.property.auto.Logging" value="YES" />
				<parameter name="object.property.auto.LongName" value="HR_EMPLOYEES.LOCATION" />
				<parameter name="object.property.auto.MarkedGenerate" value="true" />
				<parameter name="object.property.auto.Name" value="LOCATION" />
				<parameter name="object.property.auto.NameChanged" value="false" />
				<parameter name="object.property.auto.NameHasQuotes" value="false" />
				<parameter name="object.property.auto.NncDeferrable" value="NO" />
				<parameter name="object.property.auto.NncEnable" value="YES" />
				<parameter name="object.property.auto.NncExceptionsTable" value="NO_OBJECT" />
				<parameter name="object.property.auto.NncInitially" value="IMMEDIATE" />
				<parameter name="object.property.auto.NncName" value="" />
				<parameter name="object.property.auto.NncRely" value="NO" />
				<parameter name="object.property.auto.NncValidate" value="YES" />
				<parameter name="object.property.auto.NotNullConstraintOracle" value="NO_OBJECT" />
				<parameter name="object.property.auto.NtReturn" value="" />
				<parameter name="object.property.auto.NtStorageTable" value="" />
				<parameter name="object.property.auto.ObjectID" value="F5EB6488-1C26-8436-8320-D6F5918B58F0" />
				<parameter name="object.property.auto.OldVersions" value="RETENTION" />
				<parameter name="object.property.auto.PCTVersion" value="0" />
				<parameter name="object.property.auto.RawObject" value="false" />
				<parameter name="object.property.auto.SCBufferPool" value="DEFAULT" />
				<parameter name="object.property.auto.SCFreeLists" value="1" />
				<parameter name="object.property.auto.SCFreelistGroups" value="1" />
				<parameter name="object.property.auto.SCInitialExtent" value="0" />
				<parameter name="object.property.auto.SCMaxExtents" value="UNLIMITED" />
				<parameter name="object.property.auto.SCMinExtents" value="1" />
				<parameter name="object.property.auto.SCNextExtent" value="0" />
				<parameter name="object.property.auto.SCPctIncrease" value="0" />
				<parameter name="object.property.auto.StorageInRow" value="ENABLE" />
				<parameter name="object.property.auto.StoreAs" value="CLOB" />
				<parameter name="object.property.auto.SubstStructuredType" value="NO_OBJECT" />
				<parameter name="object.property.auto.Subtitutable" value="" />
				<parameter name="object.property.auto.Tablespace" value="NO_OBJECT" />
				<parameter name="object.property.auto.Validate" value="YES" />
				<parameter name="object.property.auto.WithRowId" value="NO" />
				<parameter name="object.property.auto.XmlSchemaElement" value="" />
				<parameter name="object.property.auto.XmlSchemaUrl" value="" />
				<parameter name="design.owner" value="demo19-1a" />
				<parameter name="object.existsinrepository" value="true" />
			</properties>
		</Column>
	</columns>
	<keys_and_indexes>
		<PrimaryKey type="PrimaryKey" id="C2FC43B5-04DA-10AF-4B6A-B9F12403D062">
			<name>PK_EMPLOYEES</name>
			<comment></comment>
			<notes></notes>
			<alter type="created">
				<user>meyoung</user>
				<timestamp>2010-02-25 13:24:01</timestamp>
			</alter>
			<alter type="changed">
				<user>meyoung</user>
				<timestamp>2010-02-25 13:24:01</timestamp>
			</alter>
			<properties>
				<parameter name="object.property.auto.Clustered" value="false" />
				<parameter name="object.property.auto.CommentChanged" value="false" />
				<parameter name="object.property.auto.CommentInRDBMSChanged" value="false" />
				<parameter name="object.property.auto.ComputeStatistics" value="NO" />
				<parameter name="object.property.auto.CreateIndexStatement" value="" />
				<parameter name="object.property.auto.Deferrable" value="NO" />
				<parameter name="object.property.auto.DeletedInPhysicalDesign" value="false" />
				<parameter name="object.property.auto.DropEnabled" value="false" />
				<parameter name="object.property.auto.Enable" value="YES" />
				<parameter name="object.property.auto.ExceptionsTable" value="NO_OBJECT" />
				<parameter name="object.property.auto.GeneratedInRDBMS" value="false" />
				<parameter name="object.property.auto.IndexGlobalPL" value="NO_OBJECT" />
				<parameter name="object.property.auto.IndexSegment" value="NO_OBJECT" />
				<parameter name="object.property.auto.IndexSort" value="NO" />
				<parameter name="object.property.auto.Initially" value="IMMEDIATE" />
				<parameter name="object.property.auto.Logging" value="NO" />
				<parameter name="object.property.auto.LongName" value="PK_EMPLOYEES" />
				<parameter name="object.property.auto.MarkGenerateIfFK" value="true" />
				<parameter name="object.property.auto.MarkedGenerate" value="true" />
				<parameter name="object.property.auto.Name" value="PK_EMPLOYEES" />
				<parameter name="object.property.auto.NameChanged" value="false" />
				<parameter name="object.property.auto.NameHasQuotes" value="false" />
				<parameter name="object.property.auto.ObjectID" value="C2FC43B5-04DA-10AF-4B6A-B9F12403D062" />
				<parameter name="object.property.auto.Partitioned" value="false" />
				<parameter name="object.property.auto.RawObject" value="false" />
				<parameter name="object.property.auto.TableSpace" value="NO_OBJECT" />
				<parameter name="object.property.auto.UsingIndex" value="NO" />
				<parameter name="object.property.auto.Validate" value="YES" />
				<parameter name="design.owner" value="demo19-1a" />
				<parameter name="object.existsinrepository" value="true" />
			</properties>
		</PrimaryKey>
		<Index type="Index" id="BE3FC750-1135-F945-D006-73C08FB6F0C8">
			<name>HR_EMPLOYEES__IDXv2</name>
			<comment></comment>
			<notes></notes>
			<alter type="created">
				<user>meyoung</user>
				<timestamp>2010-02-25 13:24:01</timestamp>
			</alter>
			<alter type="changed">
				<user>meyoung</user>
				<timestamp>2010-02-25 13:24:01</timestamp>
			</alter>
			<properties>
				<parameter name="object.property.auto.BatchSize" value="1000" />
				<parameter name="object.property.auto.BitmapIndex" value="false" />
				<parameter name="object.property.auto.Clustered" value="false" />
				<parameter name="object.property.auto.CommentChanged" value="false" />
				<parameter name="object.property.auto.CommentInRDBMSChanged" value="false" />
				<parameter name="object.property.auto.Compress" value="0" />
				<parameter name="object.property.auto.ComputeStatistics" value="NO" />
				<parameter name="object.property.auto.Degree" value="" />
				<parameter name="object.property.auto.DeletedInPhysicalDesign" value="false" />
				<parameter name="object.property.auto.DropEnabled" value="false" />
				<parameter name="object.property.auto.GeneratedInRDBMS" value="false" />
				<parameter name="object.property.auto.HashSubPartitionsTableSpaces" value="" />
				<parameter name="object.property.auto.IndexDomainParameters" value="null" />
				<parameter name="object.property.auto.IndexGlobalPartitionsList" value="NO_OBJECT" />
				<parameter name="object.property.auto.IndexPartitioned" value="NON_PARTITIONED" />
				<parameter name="object.property.auto.IndexType" value="null" />
				<parameter name="object.property.auto.Logging" value="NO" />
				<parameter name="object.property.auto.LongName" value="HR_EMPLOYEES__IDXv2" />
				<parameter name="object.property.auto.MarkGenerateIfFK" value="true" />
				<parameter name="object.property.auto.MarkedGenerate" value="true" />
				<parameter name="object.property.auto.Name" value="HR_EMPLOYEES__IDXv2" />
				<parameter name="object.property.auto.NameChanged" value="false" />
				<parameter name="object.property.auto.NameHasQuotes" value="false" />
				<parameter name="object.property.auto.NonLeaf" value="NO" />
				<parameter name="object.property.auto.ObjectID" value="BE3FC750-1135-F945-D006-73C08FB6F0C8" />
				<parameter name="object.property.auto.Online" value="NO" />
				<parameter name="object.property.auto.Parallel" value="NO" />
				<parameter name="object.property.auto.Partitioned" value="false" />
				<parameter name="object.property.auto.RawObject" value="false" />
				<parameter name="object.property.auto.Segment" value="NO_OBJECT" />
				<parameter name="object.property.auto.SortedRows" value="NO" />
				<parameter name="object.property.auto.TableSpace" value="NO_OBJECT" />
				<parameter name="object.property.auto.User" value="NO_OBJECT" />
				<parameter name="object.property.auto.WorkTablespace" value="NO_OBJECT" />
				<parameter name="design.owner" value="demo19-1a" />
				<parameter name="object.existsinrepository" value="true" />
			</properties>
		</Index>
		<Index type="Index" id="4B34F57A-1659-3725-C2F6-18EC256E762E">
			<name>HR_LOCATIONXv3</name>
			<comment></comment>
			<notes></notes>
			<alter type="created">
				<user>meyoung</user>
				<timestamp>2010-02-25 13:24:01</timestamp>
			</alter>
			<alter type="changed">
				<user>meyoung</user>
				<timestamp>2010-02-25 13:24:01</timestamp>
			</alter>
			<properties>
				<parameter name="object.property.auto.BatchSize" value="1000" />
				<parameter name="object.property.auto.BitmapIndex" value="false" />
				<parameter name="object.property.auto.Clustered" value="false" />
				<parameter name="object.property.auto.CommentChanged" value="false" />
				<parameter name="object.property.auto.CommentInRDBMSChanged" value="false" />
				<parameter name="object.property.auto.Compress" value="0" />
				<parameter name="object.property.auto.ComputeStatistics" value="NO" />
				<parameter name="object.property.auto.Degree" value="" />
				<parameter name="object.property.auto.DeletedInPhysicalDesign" value="false" />
				<parameter name="object.property.auto.DropEnabled" value="false" />
				<parameter name="object.property.auto.GeneratedInRDBMS" value="false" />
				<parameter name="object.property.auto.HashSubPartitionsTableSpaces" value="" />
				<parameter name="object.property.auto.IndexDomainParameters" value="null" />
				<parameter name="object.property.auto.IndexGlobalPartitionsList" value="NO_OBJECT" />
				<parameter name="object.property.auto.IndexPartitioned" value="NON_PARTITIONED" />
				<parameter name="object.property.auto.IndexType" value="null" />
				<parameter name="object.property.auto.Logging" value="NO" />
				<parameter name="object.property.auto.LongName" value="HR_LOCATIONXv3" />
				<parameter name="object.property.auto.MarkGenerateIfFK" value="true" />
				<parameter name="object.property.auto.MarkedGenerate" value="true" />
				<parameter name="object.property.auto.Name" value="HR_LOCATIONXv3" />
				<parameter name="object.property.auto.NameChanged" value="false" />
				<parameter name="object.property.auto.NameHasQuotes" value="false" />
				<parameter name="object.property.auto.NonLeaf" value="NO" />
				<parameter name="object.property.auto.ObjectID" value="4B34F57A-1659-3725-C2F6-18EC256E762E" />
				<parameter name="object.property.auto.Online" value="NO" />
				<parameter name="object.property.auto.Parallel" value="NO" />
				<parameter name="object.property.auto.Partitioned" value="false" />
				<parameter name="object.property.auto.RawObject" value="false" />
				<parameter name="object.property.auto.Segment" value="NO_OBJECT" />
				<parameter name="object.property.auto.SortedRows" value="NO" />
				<parameter name="object.property.auto.TableSpace" value="NO_OBJECT" />
				<parameter name="object.property.auto.User" value="NO_OBJECT" />
				<parameter name="object.property.auto.WorkTablespace" value="NO_OBJECT" />
				<parameter name="design.owner" value="demo19-1a" />
				<parameter name="object.existsinrepository" value="true" />
			</properties>
		</Index>
		<ForeignKey type="ForeignKey" id="C2F5EF3E-FFE1-8795-3F89-CEC85CDEDA1C">
			<name>EMPLOYEES_DEPARTMENTS_FK</name>
			<comment></comment>
			<notes></notes>
			<alter type="created">
				<user>meyoung</user>
				<timestamp>2010-02-25 13:24:01</timestamp>
			</alter>
			<alter type="changed">
				<user>meyoung</user>
				<timestamp>2010-02-25 13:24:01</timestamp>
			</alter>
			<properties>
				<parameter name="object.property.auto.Clustered" value="false" />
				<parameter name="object.property.auto.CommentChanged" value="false" />
				<parameter name="object.property.auto.CommentInRDBMSChanged" value="false" />
				<parameter name="object.property.auto.Deferrable" value="NO" />
				<parameter name="object.property.auto.DeletedInPhysicalDesign" value="false" />
				<parameter name="object.property.auto.DropEnabled" value="false" />
				<parameter name="object.property.auto.Enable" value="YES" />
				<parameter name="object.property.auto.ExceptionsTable" value="NO_OBJECT" />
				<parameter name="object.property.auto.GeneratedInRDBMS" value="false" />
				<parameter name="object.property.auto.Initially" value="IMMEDIATE" />
				<parameter name="object.property.auto.LongName" value="EMPLOYEES_DEPARTMENTS_FK" />
				<parameter name="object.property.auto.MarkGenerateIfFK" value="true" />
				<parameter name="object.property.auto.MarkedGenerate" value="true" />
				<parameter name="object.property.auto.Name" value="EMPLOYEES_DEPARTMENTS_FK" />
				<parameter name="object.property.auto.NameChanged" value="false" />
				<parameter name="object.property.auto.NameHasQuotes" value="false" />
				<parameter name="object.property.auto.ObjectID" value="C2F5EF3E-FFE1-8795-3F89-CEC85CDEDA1C" />
				<parameter name="object.property.auto.OnDelete" value="CASCADE" />
				<parameter name="object.property.auto.Partitioned" value="false" />
				<parameter name="object.property.auto.RawObject" value="false" />
				<parameter name="object.property.auto.Rely" value="NO" />
				<parameter name="object.property.auto.Validate" value="YES" />
				<parameter name="design.owner" value="demo19-1a" />
				<parameter name="object.existsinrepository" value="true" />
			</properties>
		</ForeignKey>
	</keys_and_indexes>
	<storage_objects />
</metadatadoc>