<?xml version="1.0" encoding="UTF-8" ?>
<metadatadoc version="2.0">
	<object type="Table" id="20EFE58C-E998-7676-D099-A78F90DF8595" rep_oid="null" rep_ovid="null" is_checkedout="false" checkedout_by="" visible_in_main_view="true" entitytype="" splittedTableID="" allow_type_substitution="true" minVolumes="0" expectedVolumes="0" maxVolumes="9999999" growthPercent="0" growthType="Year" normalForm="Third" adequatelyNormalized="NO" abbreviation="" oid_is_pk="false" use_default_color="true" background_color="null" foreground_color="null">
		<name>EMPLOYEES</name>
		<comment></comment>
		<notes></notes>
		<alter type="created">
			<user>meyoung</user>
			<timestamp>2010-02-25 11:23:24</timestamp>
		</alter>
		<alter type="changed">
			<user>meyoung</user>
			<timestamp>2010-02-25 11:23:24</timestamp>
		</alter>
		<generator>65117BA7-C4E2-FEF3-E391-E1C612C9BCF3</generator>
		<properties>
			<parameter name="design.owner" value="demo15-2a" />
			<parameter name="object.existsinrepository" value="true" />
			<parameter name="property.comment.rdbms" value="" />
		</properties>
		<include_in_ddl value="false" />
		<beforeDrop value="" />
		<beforeCreate value="" />
		<beforeAlter value="" />
		<afterCreate value="" />
		<afterAlter value="" />
		<endOfScript value="" />
		<spatial_table value="false" />
		<oid_pk_columns />
		<engineering should="true" />
		<des_obj_version version="1.0" />
		<fonts>
			<font_object>
				<parameter name="fo_type" value="Title" />
				<parameter name="font_color" value="-16776961" />
				<parameter name="font_name" value="Dialog" />
				<parameter name="font_size" value="10" />
				<parameter name="font_style" value="1" />
			</font_object>
			<font_object>
				<parameter name="fo_type" value="Column" />
				<parameter name="font_color" value="-16777216" />
				<parameter name="font_name" value="Dialog" />
				<parameter name="font_size" value="10" />
				<parameter name="font_style" value="0" />
			</font_object>
			<font_object>
				<parameter name="fo_type" value="Datatype" />
				<parameter name="font_color" value="-16744448" />
				<parameter name="font_name" value="Dialog" />
				<parameter name="font_size" value="10" />
				<parameter name="font_style" value="0" />
			</font_object>
			<font_object>
				<parameter name="fo_type" value="PK Element" />
				<parameter name="font_color" value="-16776961" />
				<parameter name="font_name" value="Dialog" />
				<parameter name="font_size" value="10" />
				<parameter name="font_style" value="0" />
			</font_object>
			<font_object>
				<parameter name="fo_type" value="FK Element" />
				<parameter name="font_color" value="-16777216" />
				<parameter name="font_name" value="Dialog" />
				<parameter name="font_size" value="10" />
				<parameter name="font_style" value="0" />
			</font_object>
			<font_object>
				<parameter name="fo_type" value="UK Element" />
				<parameter name="font_color" value="-16776961" />
				<parameter name="font_name" value="Dialog" />
				<parameter name="font_size" value="10" />
				<parameter name="font_style" value="0" />
			</font_object>
			<font_object>
				<parameter name="fo_type" value="Not Null" />
				<parameter name="font_color" value="-65536" />
				<parameter name="font_name" value="Dialog" />
				<parameter name="font_size" value="10" />
				<parameter name="font_style" value="0" />
			</font_object>
			<font_object>
				<parameter name="fo_type" value="Key" />
				<parameter name="font_color" value="-16777216" />
				<parameter name="font_name" value="Dialog" />
				<parameter name="font_size" value="10" />
				<parameter name="font_style" value="0" />
			</font_object>
		</fonts>
		<documents />
		<parties />
		<changerequests />
		<measurements />
		<contained>
			<object type="Column" id="A38D6BFB-C4B7-72F5-5363-F2B5FBE8D2F4" rep_oid="null" rep_ovid="null" is_checkedout="false" checkedout_by="" visible_in_main_view="false" use_default_color="true" background_color="null" foreground_color="null" unique="false" allownull="false" usedomainconstraints="true" is_oid="false" structured_attribute_id="" fk="false">
				<name>ID</name>
				<comment></comment>
				<notes></notes>
				<alter type="created">
					<user>meyoung</user>
					<timestamp>2010-02-25 11:23:24</timestamp>
				</alter>
				<alter type="changed">
					<user>meyoung</user>
					<timestamp>2010-02-25 11:23:24</timestamp>
				</alter>
				<generator>F2C09DA8-D296-8958-5021-FD491025A2BE</generator>
				<properties>
					<parameter name="design.owner" value="demo15-2a" />
					<parameter name="object.existsinrepository" value="true" />
					<parameter name="object.property.defaultvalue" value="" />
					<parameter name="object.property.usesdefault" value="false" />
					<parameter name="property.comment.rdbms" value="" />
				</properties>
				<engineering should="true" />
				<des_obj_version version="1.0" />
				<domain oid="DOM3000004" file="defaultdomains" />
				<datatype dttype="packed" precision="6" scale="0" typename="NUMBER" />
				<abbreviation />
				<reference value="false" />
				<logicaltype dttype="NUMERIC" oid="LOGDT019" />
				<use value="logical type" />
				<sourcetype sort="" />
				<computed value="false" />
				<formula desc="" />
				<subtypeSubstitution value="true" />
				<restricted_substitution value="false" />
				<security />
				<ui_defaults readOnly="false" displayedOnReports="true" displayedOnForms="true" displayAs="Text" />
				<eng_attribute_id eng_id="F2C09DA8-D296-8958-5021-FD491025A2BE" />
				<documents />
				<parties />
				<changerequests />
				<measurements />
			</object>
			<object type="Column" id="AD0A6E76-2D1A-2E1F-0988-F7DE5E6713B0" rep_oid="null" rep_ovid="null" is_checkedout="false" checkedout_by="" visible_in_main_view="false" use_default_color="true" background_color="null" foreground_color="null" unique="false" allownull="true" usedomainconstraints="true" is_oid="false" structured_attribute_id="" fk="false">
				<name>FIRST_NM</name>
				<comment></comment>
				<notes></notes>
				<alter type="created">
					<user>meyoung</user>
					<timestamp>2010-02-25 11:23:24</timestamp>
				</alter>
				<alter type="changed">
					<user>meyoung</user>
					<timestamp>2010-02-25 11:23:24</timestamp>
				</alter>
				<generator>7BA38F91-867F-F85B-9196-32A2D48C613D</generator>
				<properties>
					<parameter name="design.owner" value="demo15-2a" />
					<parameter name="object.existsinrepository" value="true" />
					<parameter name="object.property.defaultvalue" value="" />
					<parameter name="object.property.usesdefault" value="false" />
					<parameter name="property.comment.rdbms" value="" />
				</properties>
				<engineering should="true" />
				<des_obj_version version="1.0" />
				<domain oid="DOM3000004" file="defaultdomains" />
				<datatype dttype="var" size="20" typename="VARCHAR2" />
				<abbreviation />
				<reference value="false" />
				<logicaltype dttype="VARCHAR" oid="LOGDT024" />
				<use value="logical type" />
				<sourcetype sort="" />
				<computed value="false" />
				<formula desc="" />
				<subtypeSubstitution value="true" />
				<restricted_substitution value="false" />
				<security />
				<ui_defaults readOnly="false" displayedOnReports="true" displayedOnForms="true" displayAs="Text" />
				<eng_attribute_id eng_id="7BA38F91-867F-F85B-9196-32A2D48C613D" />
				<documents />
				<parties />
				<changerequests />
				<measurements />
			</object>
			<object type="Column" id="93353F61-1C6D-DE4D-90D3-A1412CA44FC1" rep_oid="null" rep_ovid="null" is_checkedout="false" checkedout_by="" visible_in_main_view="false" use_default_color="true" background_color="null" foreground_color="null" unique="false" allownull="true" usedomainconstraints="true" is_oid="false" structured_attribute_id="" fk="false">
				<name>LAST_NM</name>
				<comment></comment>
				<notes></notes>
				<alter type="created">
					<user>meyoung</user>
					<timestamp>2010-02-25 11:23:24</timestamp>
				</alter>
				<alter type="changed">
					<user>meyoung</user>
					<timestamp>2010-02-25 11:23:24</timestamp>
				</alter>
				<generator>37ABEBE6-F865-D8A1-0F19-EB4AE445CD99</generator>
				<properties>
					<parameter name="design.owner" value="demo15-2a" />
					<parameter name="object.existsinrepository" value="true" />
					<parameter name="object.property.defaultvalue" value="" />
					<parameter name="object.property.usesdefault" value="false" />
					<parameter name="property.comment.rdbms" value="" />
				</properties>
				<engineering should="true" />
				<des_obj_version version="1.0" />
				<domain oid="DOM3000004" file="defaultdomains" />
				<datatype dttype="var" size="25" typename="VARCHAR2" />
				<abbreviation />
				<reference value="false" />
				<logicaltype dttype="VARCHAR" oid="LOGDT024" />
				<use value="logical type" />
				<sourcetype sort="" />
				<computed value="false" />
				<formula desc="" />
				<subtypeSubstitution value="true" />
				<restricted_substitution value="false" />
				<security />
				<ui_defaults readOnly="false" displayedOnReports="true" displayedOnForms="true" displayAs="Text" />
				<eng_attribute_id eng_id="37ABEBE6-F865-D8A1-0F19-EB4AE445CD99" />
				<documents />
				<parties />
				<changerequests />
				<measurements />
			</object>
			<object type="Column" id="A20F59B4-5A62-E006-3D20-AB6B42B151B6" rep_oid="null" rep_ovid="null" is_checkedout="false" checkedout_by="" visible_in_main_view="false" use_default_color="true" background_color="null" foreground_color="null" unique="false" allownull="true" usedomainconstraints="true" is_oid="false" structured_attribute_id="" fk="false">
				<name>EMAIL</name>
				<comment></comment>
				<notes></notes>
				<alter type="created">
					<user>meyoung</user>
					<timestamp>2010-02-25 11:23:24</timestamp>
				</alter>
				<alter type="changed">
					<user>meyoung</user>
					<timestamp>2010-02-25 11:23:24</timestamp>
				</alter>
				<generator>5FAE70D2-CB24-D7EB-ACC8-2AC435C0B8AB</generator>
				<properties>
					<parameter name="design.owner" value="demo15-2a" />
					<parameter name="object.existsinrepository" value="true" />
					<parameter name="object.property.defaultvalue" value="" />
					<parameter name="object.property.usesdefault" value="false" />
					<parameter name="property.comment.rdbms" value="" />
				</properties>
				<engineering should="true" />
				<des_obj_version version="1.0" />
				<domain oid="DOM3000004" file="defaultdomains" />
				<datatype dttype="var" size="25" typename="VARCHAR2" />
				<abbreviation />
				<reference value="false" />
				<logicaltype dttype="VARCHAR" oid="LOGDT024" />
				<use value="logical type" />
				<sourcetype sort="" />
				<computed value="false" />
				<formula desc="" />
				<subtypeSubstitution value="true" />
				<restricted_substitution value="false" />
				<security />
				<ui_defaults readOnly="false" displayedOnReports="true" displayedOnForms="true" displayAs="Text" />
				<eng_attribute_id eng_id="5FAE70D2-CB24-D7EB-ACC8-2AC435C0B8AB" />
				<documents />
				<parties />
				<changerequests />
				<measurements />
			</object>
			<object type="Column" id="27F00F25-2683-AFF1-831E-9B65AEE73BCD" rep_oid="null" rep_ovid="null" is_checkedout="false" checkedout_by="" visible_in_main_view="false" use_default_color="true" background_color="null" foreground_color="null" unique="false" allownull="true" usedomainconstraints="true" is_oid="false" structured_attribute_id="" fk="false">
				<name>PH_NO</name>
				<comment></comment>
				<notes></notes>
				<alter type="created">
					<user>meyoung</user>
					<timestamp>2010-02-25 11:23:24</timestamp>
				</alter>
				<alter type="changed">
					<user>meyoung</user>
					<timestamp>2010-02-25 11:23:24</timestamp>
				</alter>
				<generator>10B449ED-A24D-1E31-5658-5F8958C13CB9</generator>
				<properties>
					<parameter name="design.owner" value="demo15-2a" />
					<parameter name="object.existsinrepository" value="true" />
					<parameter name="object.property.defaultvalue" value="" />
					<parameter name="object.property.usesdefault" value="false" />
					<parameter name="property.comment.rdbms" value="" />
				</properties>
				<engineering should="true" />
				<des_obj_version version="1.0" />
				<domain oid="DOM3000004" file="defaultdomains" />
				<datatype dttype="var" size="20" typename="VARCHAR2" />
				<abbreviation />
				<reference value="false" />
				<logicaltype dttype="VARCHAR" oid="LOGDT024" />
				<use value="logical type" />
				<sourcetype sort="" />
				<computed value="false" />
				<formula desc="" />
				<subtypeSubstitution value="true" />
				<restricted_substitution value="false" />
				<security />
				<ui_defaults readOnly="false" displayedOnReports="true" displayedOnForms="true" displayAs="Text" />
				<eng_attribute_id eng_id="10B449ED-A24D-1E31-5658-5F8958C13CB9" />
				<documents />
				<parties />
				<changerequests />
				<measurements />
			</object>
			<object type="Column" id="F2A18462-F46A-E9C4-18EC-41C88704D431" rep_oid="null" rep_ovid="null" is_checkedout="false" checkedout_by="" visible_in_main_view="false" use_default_color="true" background_color="null" foreground_color="null" unique="false" allownull="true" usedomainconstraints="true" is_oid="false" structured_attribute_id="" fk="false">
				<name>HIRE__DATE</name>
				<comment></comment>
				<notes></notes>
				<alter type="created">
					<user>meyoung</user>
					<timestamp>2010-02-25 11:23:24</timestamp>
				</alter>
				<alter type="changed">
					<user>meyoung</user>
					<timestamp>2010-02-25 11:23:24</timestamp>
				</alter>
				<generator>E0E76CAE-CD30-CF47-B078-0575BF628929</generator>
				<properties>
					<parameter name="design.owner" value="demo15-2a" />
					<parameter name="object.existsinrepository" value="true" />
					<parameter name="object.property.defaultvalue" value="" />
					<parameter name="object.property.usesdefault" value="false" />
					<parameter name="property.comment.rdbms" value="" />
				</properties>
				<engineering should="true" />
				<des_obj_version version="1.0" />
				<domain oid="DOM3000004" file="defaultdomains" />
				<datatype dttype="builtin" typename="DATE" />
				<abbreviation />
				<reference value="false" />
				<logicaltype dttype="Date" oid="LOGDT007" />
				<use value="logical type" />
				<sourcetype sort="" />
				<computed value="false" />
				<formula desc="" />
				<subtypeSubstitution value="true" />
				<restricted_substitution value="false" />
				<security />
				<ui_defaults readOnly="false" displayedOnReports="true" displayedOnForms="true" displayAs="Text" />
				<eng_attribute_id eng_id="E0E76CAE-CD30-CF47-B078-0575BF628929" />
				<documents />
				<parties />
				<changerequests />
				<measurements />
			</object>
			<object type="Column" id="0FA799A9-16CA-F271-0898-BF863E4EEB7F" rep_oid="null" rep_ovid="null" is_checkedout="false" checkedout_by="" visible_in_main_view="false" use_default_color="true" background_color="null" foreground_color="null" unique="false" allownull="false" usedomainconstraints="true" is_oid="false" structured_attribute_id="" fk="true" beforeDrop="">
				<name>DEPT__ID</name>
				<comment></comment>
				<notes></notes>
				<alter type="created">
					<user>meyoung</user>
					<timestamp>2010-02-25 11:23:24</timestamp>
				</alter>
				<alter type="changed">
					<user>meyoung</user>
					<timestamp>2010-02-25 11:23:24</timestamp>
				</alter>
				<generator>C45EF44E-BED0-8968-000B-8565B6517AF0</generator>
				<properties>
					<parameter name="design.owner" value="demo15-2a" />
					<parameter name="object.existsinrepository" value="true" />
					<parameter name="object.property.defaultvalue" value="" />
					<parameter name="object.property.usesdefault" value="false" />
					<parameter name="property.comment.rdbms" value="" />
				</properties>
				<engineering should="true" />
				<des_obj_version version="1.0" />
				<domain oid="DOM3000004" file="defaultdomains" />
				<datatype dttype="packed" precision="6" scale="0" typename="NUMBER" />
				<abbreviation />
				<reference value="false" />
				<logicaltype dttype="NUMERIC" oid="LOGDT019" />
				<use value="logical type" />
				<sourcetype sort="" />
				<computed value="false" />
				<formula desc="" />
				<subtypeSubstitution value="true" />
				<restricted_substitution value="false" />
				<security />
				<ui_defaults readOnly="false" displayedOnReports="true" displayedOnForms="true" displayAs="Text" />
				<eng_attribute_id eng_id="C45EF44E-BED0-8968-000B-8565B6517AF0" />
				<is_previous_column value="false" />
				<associations>
					<associated tableid="725B226B-0572-9D61-AF7D-DD410B946DDC" indexid="D4C0C238-F0D7-D58C-DE2D-CEE964A3F4BC" references="F49FAC47-599D-F900-7B3A-32BADCC14920" fkassid="A314310F-881E-56E7-A233-B50133F366C8" />
				</associations>
				<documents />
				<parties />
				<changerequests />
				<measurements />
			</object>
			<object type="Column" id="BA5487E8-FAE1-79A9-72E8-23518124647F" rep_oid="null" rep_ovid="null" is_checkedout="false" checkedout_by="" visible_in_main_view="false" use_default_color="true" background_color="null" foreground_color="null" unique="false" allownull="false" usedomainconstraints="true" is_oid="false" structured_attribute_id="" fk="true" beforeDrop="">
				<name>CTRY__CODE</name>
				<comment></comment>
				<notes></notes>
				<alter type="created">
					<user>meyoung</user>
					<timestamp>2010-02-25 11:23:24</timestamp>
				</alter>
				<alter type="changed">
					<user>meyoung</user>
					<timestamp>2010-02-25 11:23:24</timestamp>
				</alter>
				<generator>3B588F22-9C49-6EC8-59AF-E38EC9167CFF</generator>
				<properties>
					<parameter name="design.owner" value="demo15-2a" />
					<parameter name="object.existsinrepository" value="true" />
					<parameter name="object.property.defaultvalue" value="" />
					<parameter name="object.property.usesdefault" value="false" />
					<parameter name="property.comment.rdbms" value="" />
				</properties>
				<engineering should="true" />
				<des_obj_version version="1.0" />
				<domain oid="DOM3000004" file="defaultdomains" />
				<datatype dttype="packed" precision="6" scale="0" typename="NUMBER" />
				<abbreviation />
				<reference value="false" />
				<logicaltype dttype="NUMERIC" oid="LOGDT019" />
				<use value="logical type" />
				<sourcetype sort="" />
				<computed value="false" />
				<formula desc="" />
				<subtypeSubstitution value="true" />
				<restricted_substitution value="false" />
				<security />
				<ui_defaults readOnly="false" displayedOnReports="true" displayedOnForms="true" displayAs="Text" />
				<eng_attribute_id eng_id="3B588F22-9C49-6EC8-59AF-E38EC9167CFF" />
				<is_previous_column value="false" />
				<associations>
					<associated tableid="4423EE64-2B45-6D18-DF5E-2E0B31C85ECA" indexid="55B30D34-0A6C-175B-BC53-B7DF1000DACB" references="A1D6098D-D9A1-C193-6F14-9971D4EC9C22" fkassid="931BCC0F-7402-DDDA-9803-0B08D83CF51F" />
				</associations>
				<documents />
				<parties />
				<changerequests />
				<measurements />
			</object>
			<object type="Column" id="494575CC-1505-CDB6-15C9-49A8C682940C" rep_oid="null" rep_ovid="null" is_checkedout="false" checkedout_by="" visible_in_main_view="false" use_default_color="true" background_color="null" foreground_color="null" unique="false" allownull="false" usedomainconstraints="true" is_oid="false" structured_attribute_id="" fk="true" beforeDrop="">
				<name>COUNTY_CODE</name>
				<comment></comment>
				<notes></notes>
				<alter type="created">
					<user>meyoung</user>
					<timestamp>2010-02-25 11:23:24</timestamp>
				</alter>
				<alter type="changed">
					<user>meyoung</user>
					<timestamp>2010-02-25 11:23:24</timestamp>
				</alter>
				<generator>BA17A6EB-67F6-811C-6AFD-C59DDDB1A0C5</generator>
				<properties>
					<parameter name="design.owner" value="demo15-2a" />
					<parameter name="object.existsinrepository" value="true" />
					<parameter name="object.property.defaultvalue" value="" />
					<parameter name="object.property.usesdefault" value="false" />
					<parameter name="property.comment.rdbms" value="" />
				</properties>
				<engineering should="true" />
				<des_obj_version version="1.0" />
				<domain oid="DOM3000004" file="defaultdomains" />
				<datatype dttype="packed" precision="6" scale="0" typename="NUMBER" />
				<abbreviation />
				<reference value="false" />
				<logicaltype dttype="NUMERIC" oid="LOGDT019" />
				<use value="logical type" />
				<sourcetype sort="" />
				<computed value="false" />
				<formula desc="" />
				<subtypeSubstitution value="true" />
				<restricted_substitution value="false" />
				<security />
				<ui_defaults readOnly="false" displayedOnReports="true" displayedOnForms="true" displayAs="Text" />
				<eng_attribute_id eng_id="BA17A6EB-67F6-811C-6AFD-C59DDDB1A0C5" />
				<is_previous_column value="false" />
				<associations>
					<associated tableid="B40CB2EA-164C-3A03-3547-D3AA8E2C5117" indexid="36818027-5319-684C-4C9F-0BC7E6F7CEC9" references="7CA5D8CD-21BE-174D-2C10-457467BD3D3D" fkassid="A000F11F-848C-DB5A-0A07-6E6B2755BCFC" />
				</associations>
				<documents />
				<parties />
				<changerequests />
				<measurements />
			</object>
			<object type="Column" id="3AD406F9-0A57-0D06-629B-97A6DD5F5912" rep_oid="null" rep_ovid="null" is_checkedout="false" checkedout_by="" visible_in_main_view="false" use_default_color="true" background_color="null" foreground_color="null" unique="false" allownull="false" usedomainconstraints="true" is_oid="false" structured_attribute_id="" fk="true" beforeDrop="">
				<name>OTHER_STATE__ID</name>
				<comment></comment>
				<notes></notes>
				<alter type="created">
					<user>meyoung</user>
					<timestamp>2010-02-25 11:23:24</timestamp>
				</alter>
				<alter type="changed">
					<user>meyoung</user>
					<timestamp>2010-02-25 11:23:24</timestamp>
				</alter>
				<generator>2281DF0D-778D-EFFC-5BC3-9E24A9A786D1</generator>
				<properties>
					<parameter name="design.owner" value="demo15-2a" />
					<parameter name="object.existsinrepository" value="true" />
					<parameter name="object.property.defaultvalue" value="" />
					<parameter name="object.property.usesdefault" value="false" />
					<parameter name="property.comment.rdbms" value="" />
				</properties>
				<engineering should="true" />
				<des_obj_version version="1.0" />
				<domain oid="DOM3000004" file="defaultdomains" />
				<datatype dttype="packed" precision="6" scale="0" typename="NUMBER" />
				<abbreviation />
				<reference value="false" />
				<logicaltype dttype="NUMERIC" oid="LOGDT019" />
				<use value="logical type" />
				<sourcetype sort="" />
				<computed value="false" />
				<formula desc="" />
				<subtypeSubstitution value="true" />
				<restricted_substitution value="false" />
				<security />
				<ui_defaults readOnly="false" displayedOnReports="true" displayedOnForms="true" displayAs="Text" />
				<eng_attribute_id eng_id="2281DF0D-778D-EFFC-5BC3-9E24A9A786D1" />
				<is_previous_column value="false" />
				<associations>
					<associated tableid="122C63CC-FEB6-011A-55E4-6EDF7F43D999" indexid="BBD121FB-DE01-B3A4-A958-C42D4AEEC17F" references="765B161F-B06F-612B-EE07-F7429C3D39C8" fkassid="E05793B9-D67C-0197-CC56-5A4922431B8C" />
				</associations>
				<documents />
				<parties />
				<changerequests />
				<measurements />
			</object>
			<object type="Column" id="212EC912-151E-0991-B936-E8860CABFD55" rep_oid="null" rep_ovid="null" is_checkedout="false" checkedout_by="" visible_in_main_view="false" use_default_color="true" background_color="null" foreground_color="null" unique="false" allownull="true" usedomainconstraints="true" is_oid="false" structured_attribute_id="" fk="false">
				<name>SAL</name>
				<comment></comment>
				<notes></notes>
				<alter type="created">
					<user>meyoung</user>
					<timestamp>2010-02-25 11:23:24</timestamp>
				</alter>
				<alter type="changed">
					<user>meyoung</user>
					<timestamp>2010-02-25 11:23:24</timestamp>
				</alter>
				<generator>794C5E9D-E924-82AB-5702-A28AEE4B6995</generator>
				<properties>
					<parameter name="design.owner" value="demo15-2a" />
					<parameter name="object.existsinrepository" value="true" />
					<parameter name="object.property.defaultvalue" value="" />
					<parameter name="object.property.usesdefault" value="false" />
					<parameter name="property.comment.rdbms" value="" />
				</properties>
				<engineering should="true" />
				<des_obj_version version="1.0" />
				<domain oid="DOM3000004" file="defaultdomains" />
				<datatype dttype="packed" precision="6" scale="2" typename="NUMBER" />
				<abbreviation />
				<reference value="false" />
				<logicaltype dttype="NUMERIC" oid="LOGDT019" />
				<use value="logical type" />
				<sourcetype sort="" />
				<computed value="false" />
				<formula desc="" />
				<subtypeSubstitution value="true" />
				<restricted_substitution value="false" />
				<security />
				<ui_defaults readOnly="false" displayedOnReports="true" displayedOnForms="true" displayAs="Text" />
				<eng_attribute_id eng_id="794C5E9D-E924-82AB-5702-A28AEE4B6995" />
				<documents />
				<parties />
				<changerequests />
				<measurements />
			</object>
			<object type="Column" id="53FA0D65-5717-5C9E-E0F2-50FB22182E4D" rep_oid="null" rep_ovid="null" is_checkedout="false" checkedout_by="" visible_in_main_view="false" use_default_color="true" background_color="null" foreground_color="null" unique="false" allownull="true" usedomainconstraints="true" is_oid="false" structured_attribute_id="" fk="false">
				<name>COMM_PCT</name>
				<comment></comment>
				<notes></notes>
				<alter type="created">
					<user>meyoung</user>
					<timestamp>2010-02-25 11:23:24</timestamp>
				</alter>
				<alter type="changed">
					<user>meyoung</user>
					<timestamp>2010-02-25 11:23:24</timestamp>
				</alter>
				<generator>C56BD789-AB68-F8AF-B94E-364CAD45B45B</generator>
				<properties>
					<parameter name="design.owner" value="demo15-2a" />
					<parameter name="object.existsinrepository" value="true" />
					<parameter name="object.property.defaultvalue" value="" />
					<parameter name="object.property.usesdefault" value="false" />
					<parameter name="property.comment.rdbms" value="" />
				</properties>
				<engineering should="true" />
				<des_obj_version version="1.0" />
				<domain oid="DOM3000004" file="defaultdomains" />
				<datatype dttype="packed" precision="2" scale="2" typename="NUMBER" />
				<abbreviation />
				<reference value="false" />
				<logicaltype dttype="DECIMAL" oid="LOGDT026" />
				<use value="logical type" />
				<sourcetype sort="" />
				<computed value="false" />
				<formula desc="" />
				<subtypeSubstitution value="true" />
				<restricted_substitution value="false" />
				<security />
				<ui_defaults readOnly="false" displayedOnReports="true" displayedOnForms="true" displayAs="Text" />
				<eng_attribute_id eng_id="C56BD789-AB68-F8AF-B94E-364CAD45B45B" />
				<documents />
				<parties />
				<changerequests />
				<measurements />
			</object>
			<object type="Column" id="06F04FF5-1011-0E66-CB9F-2AA373D7F019" rep_oid="null" rep_ovid="null" is_checkedout="false" checkedout_by="" visible_in_main_view="false" use_default_color="true" background_color="null" foreground_color="null" unique="false" allownull="true" usedomainconstraints="true" is_oid="false" structured_attribute_id="" fk="false">
				<name>HOURLY RATE</name>
				<comment></comment>
				<notes></notes>
				<alter type="created">
					<user>meyoung</user>
					<timestamp>2010-02-25 11:23:24</timestamp>
				</alter>
				<alter type="changed">
					<user>meyoung</user>
					<timestamp>2010-02-25 11:23:24</timestamp>
				</alter>
				<generator>36D67A47-961E-1174-87B7-22A7E400F232</generator>
				<properties>
					<parameter name="design.owner" value="demo15-2a" />
					<parameter name="object.existsinrepository" value="true" />
					<parameter name="object.property.defaultvalue" value="" />
					<parameter name="object.property.usesdefault" value="false" />
					<parameter name="property.comment.rdbms" value="" />
				</properties>
				<engineering should="true" />
				<des_obj_version version="1.0" />
				<domain oid="DOM3000004" file="defaultdomains" />
				<datatype dttype="packed" precision="6" scale="2" typename="NUMBER" />
				<abbreviation />
				<reference value="false" />
				<logicaltype dttype="NUMERIC" oid="LOGDT019" />
				<use value="logical type" />
				<sourcetype sort="" />
				<computed value="false" />
				<formula desc="" />
				<subtypeSubstitution value="true" />
				<restricted_substitution value="false" />
				<security />
				<ui_defaults readOnly="false" displayedOnReports="true" displayedOnForms="true" displayAs="Text" />
				<eng_attribute_id eng_id="36D67A47-961E-1174-87B7-22A7E400F232" />
				<documents />
				<parties />
				<changerequests />
				<measurements />
			</object>
			<object type="Column" id="B9B24B19-3F3B-8B8F-FAA8-C712FB28884B" rep_oid="null" rep_ovid="null" is_checkedout="false" checkedout_by="" visible_in_main_view="false" use_default_color="true" background_color="null" foreground_color="null" unique="false" allownull="true" usedomainconstraints="true" is_oid="false" structured_attribute_id="" fk="false">
				<name>OVERTIME RATE</name>
				<comment></comment>
				<notes></notes>
				<alter type="created">
					<user>meyoung</user>
					<timestamp>2010-02-25 11:23:24</timestamp>
				</alter>
				<alter type="changed">
					<user>meyoung</user>
					<timestamp>2010-02-25 11:23:24</timestamp>
				</alter>
				<generator>B04D2AD8-3834-C213-B138-3298E32A171D</generator>
				<properties>
					<parameter name="design.owner" value="demo15-2a" />
					<parameter name="object.existsinrepository" value="true" />
					<parameter name="object.property.defaultvalue" value="" />
					<parameter name="object.property.usesdefault" value="false" />
					<parameter name="property.comment.rdbms" value="" />
				</properties>
				<engineering should="true" />
				<des_obj_version version="1.0" />
				<domain oid="DOM3000004" file="defaultdomains" />
				<datatype dttype="packed" precision="6" scale="2" typename="NUMBER" />
				<abbreviation />
				<reference value="false" />
				<logicaltype dttype="NUMERIC" oid="LOGDT019" />
				<use value="logical type" />
				<sourcetype sort="" />
				<computed value="false" />
				<formula desc="" />
				<subtypeSubstitution value="true" />
				<restricted_substitution value="false" />
				<security />
				<ui_defaults readOnly="false" displayedOnReports="true" displayedOnForms="true" displayAs="Text" />
				<eng_attribute_id eng_id="B04D2AD8-3834-C213-B138-3298E32A171D" />
				<documents />
				<parties />
				<changerequests />
				<measurements />
			</object>
		</contained>
		<key>
			<object type="Index" id="E6026B00-EA21-C36C-55C4-8C202A22BAEE" rep_oid="null" rep_ovid="null" is_checkedout="false" checkedout_by="" visible_in_main_view="false" use_default_color="true" background_color="null" foreground_color="null" pk="true" indexstate="Primary Constraint">
				<name>EMP_S_PK</name>
				<comment></comment>
				<notes></notes>
				<alter type="created">
					<user>meyoung</user>
					<timestamp>2010-02-25 11:23:24</timestamp>
				</alter>
				<alter type="changed">
					<user>meyoung</user>
					<timestamp>2010-02-25 11:23:24</timestamp>
				</alter>
				<generator>7929E9AD-A0A0-F61D-8CC4-D09218300996</generator>
				<properties>
					<parameter name="design.owner" value="demo15-2a" />
					<parameter name="object.existsinrepository" value="true" />
					<parameter name="property.comment.rdbms" value="" />
				</properties>
				<engineering should="true" />
				<des_obj_version version="1.0" />
				<functional></functional>
				<contains type="Column" sortorder="ASC">A38D6BFB-C4B7-72F5-5363-F2B5FBE8D2F4</contains>
				<documents />
				<parties />
				<changerequests />
				<measurements />
			</object>
			<object type="Index" id="620B9A5A-0FBE-9F5B-D399-5D785D9C1AC5" rep_oid="null" rep_ovid="null" is_checkedout="false" checkedout_by="" visible_in_main_view="false" use_default_color="true" background_color="null" foreground_color="null" pk="false" indexstate="Plain Index">
				<name>Relation_1</name>
				<comment></comment>
				<notes></notes>
				<alter type="created">
					<user>meyoung</user>
					<timestamp>2010-02-25 11:23:24</timestamp>
				</alter>
				<alter type="changed">
					<user>meyoung</user>
					<timestamp>2010-02-25 11:23:24</timestamp>
				</alter>
				<generator>1CB3BE1E-005C-610C-3CF0-EDAF388A0C2C</generator>
				<properties>
					<parameter name="design.owner" value="demo15-2a" />
					<parameter name="object.existsinrepository" value="true" />
				</properties>
				<engineering should="true" />
				<des_obj_version version="1.0" />
				<functional></functional>
				<contains type="Column">0FA799A9-16CA-F271-0898-BF863E4EEB7F</contains>
				<documents />
				<parties />
				<changerequests />
				<measurements />
			</object>
			<object type="Index" id="3A90BD1E-CB18-6DE5-128F-67D6E46868B1" rep_oid="null" rep_ovid="null" is_checkedout="false" checkedout_by="" visible_in_main_view="false" use_default_color="true" background_color="null" foreground_color="null" pk="false" indexstate="Plain Index">
				<name>Relation_5</name>
				<comment></comment>
				<notes></notes>
				<alter type="created">
					<user>meyoung</user>
					<timestamp>2010-02-25 11:23:24</timestamp>
				</alter>
				<alter type="changed">
					<user>meyoung</user>
					<timestamp>2010-02-25 11:23:24</timestamp>
				</alter>
				<generator>19526F58-B186-8CBD-A543-715231797DB9</generator>
				<properties>
					<parameter name="design.owner" value="demo15-2a" />
					<parameter name="object.existsinrepository" value="true" />
				</properties>
				<engineering should="true" />
				<des_obj_version version="1.0" />
				<functional></functional>
				<contains type="Column">BA5487E8-FAE1-79A9-72E8-23518124647F</contains>
				<documents />
				<parties />
				<changerequests />
				<measurements />
			</object>
			<object type="Index" id="3DC5B574-55FD-95F8-5C96-58C3C100AA9C" rep_oid="null" rep_ovid="null" is_checkedout="false" checkedout_by="" visible_in_main_view="false" use_default_color="true" background_color="null" foreground_color="null" pk="false" indexstate="Plain Index">
				<name>Relation_6</name>
				<comment></comment>
				<notes></notes>
				<alter type="created">
					<user>meyoung</user>
					<timestamp>2010-02-25 11:23:24</timestamp>
				</alter>
				<alter type="changed">
					<user>meyoung</user>
					<timestamp>2010-02-25 11:23:24</timestamp>
				</alter>
				<generator>B46D9368-B5DD-135D-9925-391271EE6901</generator>
				<properties>
					<parameter name="design.owner" value="demo15-2a" />
					<parameter name="object.existsinrepository" value="true" />
				</properties>
				<engineering should="true" />
				<des_obj_version version="1.0" />
				<functional></functional>
				<contains type="Column">494575CC-1505-CDB6-15C9-49A8C682940C</contains>
				<documents />
				<parties />
				<changerequests />
				<measurements />
			</object>
			<object type="Index" id="6E8D9260-9453-520D-5728-D048E82254D4" rep_oid="null" rep_ovid="null" is_checkedout="false" checkedout_by="" visible_in_main_view="false" use_default_color="true" background_color="null" foreground_color="null" pk="false" indexstate="Plain Index">
				<name>Relation_7</name>
				<comment></comment>
				<notes></notes>
				<alter type="created">
					<user>meyoung</user>
					<timestamp>2010-02-25 11:23:24</timestamp>
				</alter>
				<alter type="changed">
					<user>meyoung</user>
					<timestamp>2010-02-25 11:23:24</timestamp>
				</alter>
				<generator>DFBAB855-F723-3C61-656E-4AB47AEF8A3D</generator>
				<properties>
					<parameter name="design.owner" value="demo15-2a" />
					<parameter name="object.existsinrepository" value="true" />
				</properties>
				<engineering should="true" />
				<des_obj_version version="1.0" />
				<functional></functional>
				<contains type="Column">3AD406F9-0A57-0D06-629B-97A6DD5F5912</contains>
				<documents />
				<parties />
				<changerequests />
				<measurements />
			</object>
		</key>
	</object>
</metadatadoc>