<?xml version="1.0" encoding="UTF-8" ?>
<metadatadoc version="2.0">
	<object type="Table" id="00D08E75-B18E-3E82-CE78-8953B8261A87">
		<name>DEPENDENTS</name>
		<comment></comment>
		<notes></notes>
		<alter type="created">
			<user>meyoung</user>
			<timestamp>2010-02-26 11:22:37</timestamp>
		</alter>
		<alter type="changed">
			<user>meyoung</user>
			<timestamp>2010-02-26 11:22:37</timestamp>
		</alter>
		<properties>
			<parameter name="object.property.auto.BackupOption" value="Rename" />
			<parameter name="object.property.auto.Cache" value="NO" />
			<parameter name="object.property.auto.Cluster" value="NO_OBJECT" />
			<parameter name="object.property.auto.ClusterColumns" value="" />
			<parameter name="object.property.auto.CommentChanged" value="false" />
			<parameter name="object.property.auto.CommentInRDBMSChanged" value="false" />
			<parameter name="object.property.auto.DataSegmentCompression" value="NO" />
			<parameter name="object.property.auto.Degree" value="" />
			<parameter name="object.property.auto.DeletedInPhysicalDesign" value="false" />
			<parameter name="object.property.auto.DropEnabled" value="false" />
			<parameter name="object.property.auto.GeneratePK" value="true" />
			<parameter name="object.property.auto.GeneratedInRDBMS" value="false" />
			<parameter name="object.property.auto.IOTMappingTable" value="NO" />
			<parameter name="object.property.auto.IotCompress" value="0" />
			<parameter name="object.property.auto.IotIncluding" value="NO_OBJECT" />
			<parameter name="object.property.auto.IotOverflowSegment" value="NO_OBJECT" />
			<parameter name="object.property.auto.IotPctThreshold" value="1" />
			<parameter name="object.property.auto.Logging" value="YES" />
			<parameter name="object.property.auto.LongName" value="DEPENDENTS" />
			<parameter name="object.property.auto.MarkedGenerate" value="true" />
			<parameter name="object.property.auto.Monitoring" value="NO" />
			<parameter name="object.property.auto.Name" value="DEPENDENTS" />
			<parameter name="object.property.auto.NameChanged" value="false" />
			<parameter name="object.property.auto.NameHasQuotes" value="false" />
			<parameter name="object.property.auto.ObjectID" value="00D08E75-B18E-3E82-CE78-8953B8261A87" />
			<parameter name="object.property.auto.OidIndexName" value="" />
			<parameter name="object.property.auto.OidIndexSegment" value="NO_OBJECT" />
			<parameter name="object.property.auto.Organization" value="HEAP" />
			<parameter name="object.property.auto.PKName" value="DEPENDENTS_PK" />
			<parameter name="object.property.auto.Parallel" value="NO" />
			<parameter name="object.property.auto.PartitionList" value="NO_OBJECT" />
			<parameter name="object.property.auto.Partitioned" value="NO" />
			<parameter name="object.property.auto.ParttitionedRowMovement" value="ENABLE" />
			<parameter name="object.property.auto.RawObject" value="false" />
			<parameter name="object.property.auto.RestoreOption" value="Restore" />
			<parameter name="object.property.auto.Segment" value="NO_OBJECT" />
			<parameter name="object.property.auto.Snapshot" value="NO_OBJECT" />
			<parameter name="object.property.auto.SuplementalLogColumns" value="" />
			<parameter name="object.property.auto.SuplementalLogConditions" value="ON UPDATE" />
			<parameter name="object.property.auto.SuplementalLogGroupName" value="" />
			<parameter name="object.property.auto.TableSpace" value="NO_OBJECT" />
			<parameter name="object.property.auto.TempPreserveRows" value="YES" />
			<parameter name="object.property.auto.Temporary" value="NO" />
			<parameter name="object.property.auto.User" value="NO_OBJECT" />
			<parameter name="design.owner" value="demo20-1a" />
			<parameter name="object.existsinrepository" value="true" />
		</properties>
	</object>
	<columns>
		<Column type="Column" id="6792E6DD-C47D-8B2F-DF45-806566220724">
			<name>ID</name>
			<comment></comment>
			<notes></notes>
			<alter type="created">
				<user>meyoung</user>
				<timestamp>2010-02-26 11:22:37</timestamp>
			</alter>
			<alter type="changed">
				<user>meyoung</user>
				<timestamp>2010-02-26 11:22:37</timestamp>
			</alter>
			<properties>
				<parameter name="object.property.auto.AdditionalNTS" value="" />
				<parameter name="object.property.auto.Cache" value="CACHE" />
				<parameter name="object.property.auto.Chunk" value="0" />
				<parameter name="object.property.auto.ColumnExpression" value="" />
				<parameter name="object.property.auto.CommentChanged" value="false" />
				<parameter name="object.property.auto.CommentInRDBMSChanged" value="false" />
				<parameter name="object.property.auto.DefaultValue" value="" />
				<parameter name="object.property.auto.Deferrable" value="NO" />
				<parameter name="object.property.auto.DeletedInPhysicalDesign" value="false" />
				<parameter name="object.property.auto.DropEnabled" value="false" />
				<parameter name="object.property.auto.ElementType" value="" />
				<parameter name="object.property.auto.Enable" value="YES" />
				<parameter name="object.property.auto.ExceptionsTable" value="NO_OBJECT" />
				<parameter name="object.property.auto.ExpressionChanged" value="false" />
				<parameter name="object.property.auto.Freepools" value="0" />
				<parameter name="object.property.auto.GeneratedInRDBMS" value="false" />
				<parameter name="object.property.auto.Initially" value="IMMEDIATE" />
				<parameter name="object.property.auto.LobSegmentName" value="" />
				<parameter name="object.property.auto.LobSegname" value="" />
				<parameter name="object.property.auto.Logging" value="YES" />
				<parameter name="object.property.auto.LongName" value="DEPENDENTS.ID" />
				<parameter name="object.property.auto.MarkedGenerate" value="true" />
				<parameter name="object.property.auto.Name" value="ID" />
				<parameter name="object.property.auto.NameChanged" value="false" />
				<parameter name="object.property.auto.NameHasQuotes" value="false" />
				<parameter name="object.property.auto.NncDeferrable" value="NO" />
				<parameter name="object.property.auto.NncEnable" value="YES" />
				<parameter name="object.property.auto.NncExceptionsTable" value="NO_OBJECT" />
				<parameter name="object.property.auto.NncInitially" value="IMMEDIATE" />
				<parameter name="object.property.auto.NncName" value="" />
				<parameter name="object.property.auto.NncRely" value="NO" />
				<parameter name="object.property.auto.NncValidate" value="YES" />
				<parameter name="object.property.auto.NotNullConstraintOracle" value="NO_OBJECT" />
				<parameter name="object.property.auto.NtReturn" value="" />
				<parameter name="object.property.auto.NtStorageTable" value="" />
				<parameter name="object.property.auto.ObjectID" value="6792E6DD-C47D-8B2F-DF45-806566220724" />
				<parameter name="object.property.auto.OldVersions" value="RETENTION" />
				<parameter name="object.property.auto.PCTVersion" value="0" />
				<parameter name="object.property.auto.RawObject" value="false" />
				<parameter name="object.property.auto.SCBufferPool" value="DEFAULT" />
				<parameter name="object.property.auto.SCFreeLists" value="1" />
				<parameter name="object.property.auto.SCFreelistGroups" value="1" />
				<parameter name="object.property.auto.SCInitialExtent" value="0" />
				<parameter name="object.property.auto.SCMaxExtents" value="UNLIMITED" />
				<parameter name="object.property.auto.SCMinExtents" value="1" />
				<parameter name="object.property.auto.SCNextExtent" value="0" />
				<parameter name="object.property.auto.SCPctIncrease" value="0" />
				<parameter name="object.property.auto.StorageInRow" value="ENABLE" />
				<parameter name="object.property.auto.StoreAs" value="CLOB" />
				<parameter name="object.property.auto.SubstStructuredType" value="NO_OBJECT" />
				<parameter name="object.property.auto.Subtitutable" value="" />
				<parameter name="object.property.auto.Tablespace" value="NO_OBJECT" />
				<parameter name="object.property.auto.Validate" value="YES" />
				<parameter name="object.property.auto.WithRowId" value="NO" />
				<parameter name="object.property.auto.XmlSchemaElement" value="" />
				<parameter name="object.property.auto.XmlSchemaUrl" value="" />
				<parameter name="design.owner" value="demo20-1a" />
				<parameter name="object.existsinrepository" value="true" />
			</properties>
		</Column>
		<Column type="Column" id="28832440-4AA1-A255-8426-B12CF883AC28">
			<name>Name</name>
			<comment></comment>
			<notes></notes>
			<alter type="created">
				<user>meyoung</user>
				<timestamp>2010-02-26 11:22:37</timestamp>
			</alter>
			<alter type="changed">
				<user>meyoung</user>
				<timestamp>2010-02-26 11:22:37</timestamp>
			</alter>
			<properties>
				<parameter name="object.property.auto.AdditionalNTS" value="" />
				<parameter name="object.property.auto.Cache" value="CACHE" />
				<parameter name="object.property.auto.Chunk" value="0" />
				<parameter name="object.property.auto.ColumnExpression" value="" />
				<parameter name="object.property.auto.CommentChanged" value="false" />
				<parameter name="object.property.auto.CommentInRDBMSChanged" value="false" />
				<parameter name="object.property.auto.DefaultValue" value="" />
				<parameter name="object.property.auto.Deferrable" value="NO" />
				<parameter name="object.property.auto.DeletedInPhysicalDesign" value="false" />
				<parameter name="object.property.auto.DropEnabled" value="false" />
				<parameter name="object.property.auto.ElementType" value="" />
				<parameter name="object.property.auto.Enable" value="YES" />
				<parameter name="object.property.auto.ExceptionsTable" value="NO_OBJECT" />
				<parameter name="object.property.auto.ExpressionChanged" value="false" />
				<parameter name="object.property.auto.Freepools" value="0" />
				<parameter name="object.property.auto.GeneratedInRDBMS" value="false" />
				<parameter name="object.property.auto.Initially" value="IMMEDIATE" />
				<parameter name="object.property.auto.LobSegmentName" value="" />
				<parameter name="object.property.auto.LobSegname" value="" />
				<parameter name="object.property.auto.Logging" value="YES" />
				<parameter name="object.property.auto.LongName" value="DEPENDENTS.Name" />
				<parameter name="object.property.auto.MarkedGenerate" value="true" />
				<parameter name="object.property.auto.Name" value="Name" />
				<parameter name="object.property.auto.NameChanged" value="false" />
				<parameter name="object.property.auto.NameHasQuotes" value="false" />
				<parameter name="object.property.auto.NncDeferrable" value="NO" />
				<parameter name="object.property.auto.NncEnable" value="YES" />
				<parameter name="object.property.auto.NncExceptionsTable" value="NO_OBJECT" />
				<parameter name="object.property.auto.NncInitially" value="IMMEDIATE" />
				<parameter name="object.property.auto.NncName" value="" />
				<parameter name="object.property.auto.NncRely" value="NO" />
				<parameter name="object.property.auto.NncValidate" value="YES" />
				<parameter name="object.property.auto.NotNullConstraintOracle" value="NO_OBJECT" />
				<parameter name="object.property.auto.NtReturn" value="" />
				<parameter name="object.property.auto.NtStorageTable" value="" />
				<parameter name="object.property.auto.ObjectID" value="28832440-4AA1-A255-8426-B12CF883AC28" />
				<parameter name="object.property.auto.OldVersions" value="RETENTION" />
				<parameter name="object.property.auto.PCTVersion" value="0" />
				<parameter name="object.property.auto.RawObject" value="false" />
				<parameter name="object.property.auto.SCBufferPool" value="DEFAULT" />
				<parameter name="object.property.auto.SCFreeLists" value="1" />
				<parameter name="object.property.auto.SCFreelistGroups" value="1" />
				<parameter name="object.property.auto.SCInitialExtent" value="0" />
				<parameter name="object.property.auto.SCMaxExtents" value="UNLIMITED" />
				<parameter name="object.property.auto.SCMinExtents" value="1" />
				<parameter name="object.property.auto.SCNextExtent" value="0" />
				<parameter name="object.property.auto.SCPctIncrease" value="0" />
				<parameter name="object.property.auto.StorageInRow" value="ENABLE" />
				<parameter name="object.property.auto.StoreAs" value="CLOB" />
				<parameter name="object.property.auto.SubstStructuredType" value="NO_OBJECT" />
				<parameter name="object.property.auto.Subtitutable" value="" />
				<parameter name="object.property.auto.Tablespace" value="NO_OBJECT" />
				<parameter name="object.property.auto.Validate" value="YES" />
				<parameter name="object.property.auto.WithRowId" value="NO" />
				<parameter name="object.property.auto.XmlSchemaElement" value="" />
				<parameter name="object.property.auto.XmlSchemaUrl" value="" />
				<parameter name="design.owner" value="demo20-1a" />
				<parameter name="object.existsinrepository" value="true" />
			</properties>
		</Column>
		<Column type="Column" id="E1FFF653-1A56-F96E-DB03-49D9FBFAEB86">
			<name>Birthdate</name>
			<comment></comment>
			<notes></notes>
			<alter type="created">
				<user>meyoung</user>
				<timestamp>2010-02-26 11:22:37</timestamp>
			</alter>
			<alter type="changed">
				<user>meyoung</user>
				<timestamp>2010-02-26 11:22:37</timestamp>
			</alter>
			<properties>
				<parameter name="object.property.auto.AdditionalNTS" value="" />
				<parameter name="object.property.auto.Cache" value="CACHE" />
				<parameter name="object.property.auto.Chunk" value="0" />
				<parameter name="object.property.auto.ColumnExpression" value="" />
				<parameter name="object.property.auto.CommentChanged" value="false" />
				<parameter name="object.property.auto.CommentInRDBMSChanged" value="false" />
				<parameter name="object.property.auto.DefaultValue" value="" />
				<parameter name="object.property.auto.Deferrable" value="NO" />
				<parameter name="object.property.auto.DeletedInPhysicalDesign" value="false" />
				<parameter name="object.property.auto.DropEnabled" value="false" />
				<parameter name="object.property.auto.ElementType" value="" />
				<parameter name="object.property.auto.Enable" value="YES" />
				<parameter name="object.property.auto.ExceptionsTable" value="NO_OBJECT" />
				<parameter name="object.property.auto.ExpressionChanged" value="false" />
				<parameter name="object.property.auto.Freepools" value="0" />
				<parameter name="object.property.auto.GeneratedInRDBMS" value="false" />
				<parameter name="object.property.auto.Initially" value="IMMEDIATE" />
				<parameter name="object.property.auto.LobSegmentName" value="" />
				<parameter name="object.property.auto.LobSegname" value="" />
				<parameter name="object.property.auto.Logging" value="YES" />
				<parameter name="object.property.auto.LongName" value="DEPENDENTS.Birthdate" />
				<parameter name="object.property.auto.MarkedGenerate" value="true" />
				<parameter name="object.property.auto.Name" value="Birthdate" />
				<parameter name="object.property.auto.NameChanged" value="false" />
				<parameter name="object.property.auto.NameHasQuotes" value="false" />
				<parameter name="object.property.auto.NncDeferrable" value="NO" />
				<parameter name="object.property.auto.NncEnable" value="YES" />
				<parameter name="object.property.auto.NncExceptionsTable" value="NO_OBJECT" />
				<parameter name="object.property.auto.NncInitially" value="IMMEDIATE" />
				<parameter name="object.property.auto.NncName" value="" />
				<parameter name="object.property.auto.NncRely" value="NO" />
				<parameter name="object.property.auto.NncValidate" value="YES" />
				<parameter name="object.property.auto.NotNullConstraintOracle" value="NO_OBJECT" />
				<parameter name="object.property.auto.NtReturn" value="" />
				<parameter name="object.property.auto.NtStorageTable" value="" />
				<parameter name="object.property.auto.ObjectID" value="E1FFF653-1A56-F96E-DB03-49D9FBFAEB86" />
				<parameter name="object.property.auto.OldVersions" value="RETENTION" />
				<parameter name="object.property.auto.PCTVersion" value="0" />
				<parameter name="object.property.auto.RawObject" value="false" />
				<parameter name="object.property.auto.SCBufferPool" value="DEFAULT" />
				<parameter name="object.property.auto.SCFreeLists" value="1" />
				<parameter name="object.property.auto.SCFreelistGroups" value="1" />
				<parameter name="object.property.auto.SCInitialExtent" value="0" />
				<parameter name="object.property.auto.SCMaxExtents" value="UNLIMITED" />
				<parameter name="object.property.auto.SCMinExtents" value="1" />
				<parameter name="object.property.auto.SCNextExtent" value="0" />
				<parameter name="object.property.auto.SCPctIncrease" value="0" />
				<parameter name="object.property.auto.StorageInRow" value="ENABLE" />
				<parameter name="object.property.auto.StoreAs" value="CLOB" />
				<parameter name="object.property.auto.SubstStructuredType" value="NO_OBJECT" />
				<parameter name="object.property.auto.Subtitutable" value="" />
				<parameter name="object.property.auto.Tablespace" value="NO_OBJECT" />
				<parameter name="object.property.auto.Validate" value="YES" />
				<parameter name="object.property.auto.WithRowId" value="NO" />
				<parameter name="object.property.auto.XmlSchemaElement" value="" />
				<parameter name="object.property.auto.XmlSchemaUrl" value="" />
				<parameter name="design.owner" value="demo20-1a" />
				<parameter name="object.existsinrepository" value="true" />
			</properties>
		</Column>
		<Column type="Column" id="FEC7B788-0E41-B2F1-F0F4-1CD98CBD5102">
			<name>EMPLOYEES_EMPLOYEE_ID</name>
			<comment></comment>
			<notes></notes>
			<alter type="created">
				<user>meyoung</user>
				<timestamp>2010-02-26 11:22:37</timestamp>
			</alter>
			<alter type="changed">
				<user>meyoung</user>
				<timestamp>2010-02-26 11:22:37</timestamp>
			</alter>
			<properties>
				<parameter name="object.property.auto.AdditionalNTS" value="" />
				<parameter name="object.property.auto.Cache" value="CACHE" />
				<parameter name="object.property.auto.Chunk" value="0" />
				<parameter name="object.property.auto.ColumnExpression" value="" />
				<parameter name="object.property.auto.CommentChanged" value="false" />
				<parameter name="object.property.auto.CommentInRDBMSChanged" value="false" />
				<parameter name="object.property.auto.DefaultValue" value="" />
				<parameter name="object.property.auto.Deferrable" value="NO" />
				<parameter name="object.property.auto.DeletedInPhysicalDesign" value="false" />
				<parameter name="object.property.auto.DropEnabled" value="false" />
				<parameter name="object.property.auto.ElementType" value="" />
				<parameter name="object.property.auto.Enable" value="YES" />
				<parameter name="object.property.auto.ExceptionsTable" value="NO_OBJECT" />
				<parameter name="object.property.auto.ExpressionChanged" value="false" />
				<parameter name="object.property.auto.Freepools" value="0" />
				<parameter name="object.property.auto.GeneratedInRDBMS" value="false" />
				<parameter name="object.property.auto.Initially" value="IMMEDIATE" />
				<parameter name="object.property.auto.LobSegmentName" value="" />
				<parameter name="object.property.auto.LobSegname" value="" />
				<parameter name="object.property.auto.Logging" value="YES" />
				<parameter name="object.property.auto.LongName" value="DEPENDENTS.EMPLOYEES_EMPLOYEE_ID" />
				<parameter name="object.property.auto.MarkedGenerate" value="true" />
				<parameter name="object.property.auto.Name" value="EMPLOYEES_EMPLOYEE_ID" />
				<parameter name="object.property.auto.NameChanged" value="false" />
				<parameter name="object.property.auto.NameHasQuotes" value="false" />
				<parameter name="object.property.auto.NncDeferrable" value="NO" />
				<parameter name="object.property.auto.NncEnable" value="YES" />
				<parameter name="object.property.auto.NncExceptionsTable" value="NO_OBJECT" />
				<parameter name="object.property.auto.NncInitially" value="IMMEDIATE" />
				<parameter name="object.property.auto.NncName" value="" />
				<parameter name="object.property.auto.NncRely" value="NO" />
				<parameter name="object.property.auto.NncValidate" value="YES" />
				<parameter name="object.property.auto.NotNullConstraintOracle" value="NO_OBJECT" />
				<parameter name="object.property.auto.NtReturn" value="" />
				<parameter name="object.property.auto.NtStorageTable" value="" />
				<parameter name="object.property.auto.ObjectID" value="FEC7B788-0E41-B2F1-F0F4-1CD98CBD5102" />
				<parameter name="object.property.auto.OldVersions" value="RETENTION" />
				<parameter name="object.property.auto.PCTVersion" value="0" />
				<parameter name="object.property.auto.RawObject" value="false" />
				<parameter name="object.property.auto.SCBufferPool" value="DEFAULT" />
				<parameter name="object.property.auto.SCFreeLists" value="1" />
				<parameter name="object.property.auto.SCFreelistGroups" value="1" />
				<parameter name="object.property.auto.SCInitialExtent" value="0" />
				<parameter name="object.property.auto.SCMaxExtents" value="UNLIMITED" />
				<parameter name="object.property.auto.SCMinExtents" value="1" />
				<parameter name="object.property.auto.SCNextExtent" value="0" />
				<parameter name="object.property.auto.SCPctIncrease" value="0" />
				<parameter name="object.property.auto.StorageInRow" value="ENABLE" />
				<parameter name="object.property.auto.StoreAs" value="CLOB" />
				<parameter name="object.property.auto.SubstStructuredType" value="NO_OBJECT" />
				<parameter name="object.property.auto.Subtitutable" value="" />
				<parameter name="object.property.auto.Tablespace" value="NO_OBJECT" />
				<parameter name="object.property.auto.Validate" value="YES" />
				<parameter name="object.property.auto.WithRowId" value="NO" />
				<parameter name="object.property.auto.XmlSchemaElement" value="" />
				<parameter name="object.property.auto.XmlSchemaUrl" value="" />
				<parameter name="design.owner" value="demo20-1a" />
				<parameter name="object.existsinrepository" value="true" />
			</properties>
		</Column>
	</columns>
	<keys_and_indexes>
		<PrimaryKey type="PrimaryKey" id="FA2F8288-23EE-D86E-2EF1-BED72964F53F">
			<name>DEPENDENTS_PK</name>
			<comment></comment>
			<notes></notes>
			<alter type="created">
				<user>meyoung</user>
				<timestamp>2010-02-26 11:22:37</timestamp>
			</alter>
			<alter type="changed">
				<user>meyoung</user>
				<timestamp>2010-02-26 11:22:37</timestamp>
			</alter>
			<properties>
				<parameter name="object.property.auto.Clustered" value="false" />
				<parameter name="object.property.auto.CommentChanged" value="false" />
				<parameter name="object.property.auto.CommentInRDBMSChanged" value="false" />
				<parameter name="object.property.auto.ComputeStatistics" value="NO" />
				<parameter name="object.property.auto.CreateIndexStatement" value="" />
				<parameter name="object.property.auto.Deferrable" value="NO" />
				<parameter name="object.property.auto.DeletedInPhysicalDesign" value="false" />
				<parameter name="object.property.auto.DropEnabled" value="false" />
				<parameter name="object.property.auto.Enable" value="YES" />
				<parameter name="object.property.auto.ExceptionsTable" value="NO_OBJECT" />
				<parameter name="object.property.auto.GeneratedInRDBMS" value="false" />
				<parameter name="object.property.auto.IndexGlobalPL" value="NO_OBJECT" />
				<parameter name="object.property.auto.IndexSegment" value="NO_OBJECT" />
				<parameter name="object.property.auto.IndexSort" value="NO" />
				<parameter name="object.property.auto.Initially" value="IMMEDIATE" />
				<parameter name="object.property.auto.Logging" value="NO" />
				<parameter name="object.property.auto.LongName" value="DEPENDENTS_PK" />
				<parameter name="object.property.auto.MarkGenerateIfFK" value="true" />
				<parameter name="object.property.auto.MarkedGenerate" value="true" />
				<parameter name="object.property.auto.Name" value="DEPENDENTS_PK" />
				<parameter name="object.property.auto.NameChanged" value="false" />
				<parameter name="object.property.auto.NameHasQuotes" value="false" />
				<parameter name="object.property.auto.ObjectID" value="FA2F8288-23EE-D86E-2EF1-BED72964F53F" />
				<parameter name="object.property.auto.Partitioned" value="false" />
				<parameter name="object.property.auto.RawObject" value="false" />
				<parameter name="object.property.auto.TableSpace" value="NO_OBJECT" />
				<parameter name="object.property.auto.UsingIndex" value="NO" />
				<parameter name="object.property.auto.Validate" value="YES" />
				<parameter name="design.owner" value="demo20-1a" />
				<parameter name="object.existsinrepository" value="true" />
			</properties>
		</PrimaryKey>
		<ForeignKey type="ForeignKey" id="AF526009-AE9B-95B7-6B1A-4C97D91831D2">
			<name>Relation_11</name>
			<comment></comment>
			<notes></notes>
			<alter type="created">
				<user>meyoung</user>
				<timestamp>2010-02-26 11:22:37</timestamp>
			</alter>
			<alter type="changed">
				<user>meyoung</user>
				<timestamp>2010-02-26 11:22:37</timestamp>
			</alter>
			<properties>
				<parameter name="object.property.auto.Clustered" value="false" />
				<parameter name="object.property.auto.CommentChanged" value="false" />
				<parameter name="object.property.auto.CommentInRDBMSChanged" value="false" />
				<parameter name="object.property.auto.Deferrable" value="NO" />
				<parameter name="object.property.auto.DeletedInPhysicalDesign" value="false" />
				<parameter name="object.property.auto.DropEnabled" value="false" />
				<parameter name="object.property.auto.Enable" value="YES" />
				<parameter name="object.property.auto.ExceptionsTable" value="NO_OBJECT" />
				<parameter name="object.property.auto.GeneratedInRDBMS" value="false" />
				<parameter name="object.property.auto.Initially" value="IMMEDIATE" />
				<parameter name="object.property.auto.LongName" value="Relation_11" />
				<parameter name="object.property.auto.MarkGenerateIfFK" value="true" />
				<parameter name="object.property.auto.MarkedGenerate" value="true" />
				<parameter name="object.property.auto.Name" value="Relation_11" />
				<parameter name="object.property.auto.NameChanged" value="false" />
				<parameter name="object.property.auto.NameHasQuotes" value="false" />
				<parameter name="object.property.auto.ObjectID" value="AF526009-AE9B-95B7-6B1A-4C97D91831D2" />
				<parameter name="object.property.auto.OnDelete" value="CASCADE" />
				<parameter name="object.property.auto.Partitioned" value="false" />
				<parameter name="object.property.auto.RawObject" value="false" />
				<parameter name="object.property.auto.Rely" value="NO" />
				<parameter name="object.property.auto.Validate" value="YES" />
				<parameter name="design.owner" value="demo20-1a" />
				<parameter name="object.existsinrepository" value="true" />
			</properties>
		</ForeignKey>
	</keys_and_indexes>
	<storage_objects />
</metadatadoc>