<?xml version="1.0" encoding="UTF-8" ?>
<metadatadoc version="2.0">
	<object type="Table" id="79BC8932-7E30-DDE8-168D-913647EBD2BC">
		<name>LOCATIONS</name>
		<comment></comment>
		<notes></notes>
		<alter type="created">
			<user>meyoung</user>
			<timestamp>2010-02-26 11:22:37</timestamp>
		</alter>
		<alter type="changed">
			<user>meyoung</user>
			<timestamp>2010-02-26 11:22:37</timestamp>
		</alter>
		<properties>
			<parameter name="object.property.auto.BackupOption" value="Rename" />
			<parameter name="object.property.auto.Cache" value="NO" />
			<parameter name="object.property.auto.Cluster" value="NO_OBJECT" />
			<parameter name="object.property.auto.ClusterColumns" value="" />
			<parameter name="object.property.auto.CommentChanged" value="false" />
			<parameter name="object.property.auto.CommentInRDBMSChanged" value="false" />
			<parameter name="object.property.auto.DataSegmentCompression" value="NO" />
			<parameter name="object.property.auto.Degree" value="" />
			<parameter name="object.property.auto.DeletedInPhysicalDesign" value="false" />
			<parameter name="object.property.auto.DropEnabled" value="false" />
			<parameter name="object.property.auto.GeneratePK" value="true" />
			<parameter name="object.property.auto.GeneratedInRDBMS" value="false" />
			<parameter name="object.property.auto.IOTMappingTable" value="NO" />
			<parameter name="object.property.auto.IotCompress" value="0" />
			<parameter name="object.property.auto.IotIncluding" value="NO_OBJECT" />
			<parameter name="object.property.auto.IotOverflowSegment" value="NO_OBJECT" />
			<parameter name="object.property.auto.IotPctThreshold" value="1" />
			<parameter name="object.property.auto.Logging" value="YES" />
			<parameter name="object.property.auto.LongName" value="LOCATIONS" />
			<parameter name="object.property.auto.MarkedGenerate" value="true" />
			<parameter name="object.property.auto.Monitoring" value="NO" />
			<parameter name="object.property.auto.Name" value="LOCATIONS" />
			<parameter name="object.property.auto.NameChanged" value="false" />
			<parameter name="object.property.auto.NameHasQuotes" value="false" />
			<parameter name="object.property.auto.ObjectID" value="79BC8932-7E30-DDE8-168D-913647EBD2BC" />
			<parameter name="object.property.auto.OidIndexName" value="" />
			<parameter name="object.property.auto.OidIndexSegment" value="NO_OBJECT" />
			<parameter name="object.property.auto.Organization" value="HEAP" />
			<parameter name="object.property.auto.PKName" value="LOC_ID_PK" />
			<parameter name="object.property.auto.Parallel" value="NO" />
			<parameter name="object.property.auto.PartitionList" value="NO_OBJECT" />
			<parameter name="object.property.auto.Partitioned" value="NO" />
			<parameter name="object.property.auto.ParttitionedRowMovement" value="ENABLE" />
			<parameter name="object.property.auto.RawObject" value="false" />
			<parameter name="object.property.auto.RestoreOption" value="Restore" />
			<parameter name="object.property.auto.Segment" value="NO_OBJECT" />
			<parameter name="object.property.auto.Snapshot" value="NO_OBJECT" />
			<parameter name="object.property.auto.SuplementalLogColumns" value="" />
			<parameter name="object.property.auto.SuplementalLogConditions" value="ON UPDATE" />
			<parameter name="object.property.auto.SuplementalLogGroupName" value="" />
			<parameter name="object.property.auto.TableSpace" value="NO_OBJECT" />
			<parameter name="object.property.auto.TempPreserveRows" value="YES" />
			<parameter name="object.property.auto.Temporary" value="NO" />
			<parameter name="object.property.auto.User" value="NO_OBJECT" />
			<parameter name="design.owner" value="demo20-1a" />
			<parameter name="object.existsinrepository" value="true" />
		</properties>
	</object>
	<columns>
		<Column type="Column" id="E3DB3EE7-C5C1-CF78-67CC-33C5A96686A5">
			<name>LOCATION_ID</name>
			<comment></comment>
			<notes></notes>
			<alter type="created">
				<user>meyoung</user>
				<timestamp>2010-02-26 11:22:37</timestamp>
			</alter>
			<alter type="changed">
				<user>meyoung</user>
				<timestamp>2010-02-26 11:22:37</timestamp>
			</alter>
			<properties>
				<parameter name="object.property.auto.AdditionalNTS" value="" />
				<parameter name="object.property.auto.Cache" value="CACHE" />
				<parameter name="object.property.auto.Chunk" value="0" />
				<parameter name="object.property.auto.ColumnExpression" value="" />
				<parameter name="object.property.auto.CommentChanged" value="false" />
				<parameter name="object.property.auto.CommentInRDBMSChanged" value="false" />
				<parameter name="object.property.auto.DefaultValue" value="" />
				<parameter name="object.property.auto.Deferrable" value="NO" />
				<parameter name="object.property.auto.DeletedInPhysicalDesign" value="false" />
				<parameter name="object.property.auto.DropEnabled" value="false" />
				<parameter name="object.property.auto.ElementType" value="" />
				<parameter name="object.property.auto.Enable" value="YES" />
				<parameter name="object.property.auto.ExceptionsTable" value="NO_OBJECT" />
				<parameter name="object.property.auto.ExpressionChanged" value="false" />
				<parameter name="object.property.auto.Freepools" value="0" />
				<parameter name="object.property.auto.GeneratedInRDBMS" value="false" />
				<parameter name="object.property.auto.Initially" value="IMMEDIATE" />
				<parameter name="object.property.auto.LobSegmentName" value="" />
				<parameter name="object.property.auto.LobSegname" value="" />
				<parameter name="object.property.auto.Logging" value="YES" />
				<parameter name="object.property.auto.LongName" value="LOCATIONS.LOCATION_ID" />
				<parameter name="object.property.auto.MarkedGenerate" value="true" />
				<parameter name="object.property.auto.Name" value="LOCATION_ID" />
				<parameter name="object.property.auto.NameChanged" value="false" />
				<parameter name="object.property.auto.NameHasQuotes" value="false" />
				<parameter name="object.property.auto.NncDeferrable" value="NO" />
				<parameter name="object.property.auto.NncEnable" value="YES" />
				<parameter name="object.property.auto.NncExceptionsTable" value="NO_OBJECT" />
				<parameter name="object.property.auto.NncInitially" value="IMMEDIATE" />
				<parameter name="object.property.auto.NncName" value="" />
				<parameter name="object.property.auto.NncRely" value="NO" />
				<parameter name="object.property.auto.NncValidate" value="YES" />
				<parameter name="object.property.auto.NotNullConstraintOracle" value="NO_OBJECT" />
				<parameter name="object.property.auto.NtReturn" value="" />
				<parameter name="object.property.auto.NtStorageTable" value="" />
				<parameter name="object.property.auto.ObjectID" value="E3DB3EE7-C5C1-CF78-67CC-33C5A96686A5" />
				<parameter name="object.property.auto.OldVersions" value="RETENTION" />
				<parameter name="object.property.auto.PCTVersion" value="0" />
				<parameter name="object.property.auto.RawObject" value="false" />
				<parameter name="object.property.auto.SCBufferPool" value="DEFAULT" />
				<parameter name="object.property.auto.SCFreeLists" value="1" />
				<parameter name="object.property.auto.SCFreelistGroups" value="1" />
				<parameter name="object.property.auto.SCInitialExtent" value="0" />
				<parameter name="object.property.auto.SCMaxExtents" value="UNLIMITED" />
				<parameter name="object.property.auto.SCMinExtents" value="1" />
				<parameter name="object.property.auto.SCNextExtent" value="0" />
				<parameter name="object.property.auto.SCPctIncrease" value="0" />
				<parameter name="object.property.auto.StorageInRow" value="ENABLE" />
				<parameter name="object.property.auto.StoreAs" value="CLOB" />
				<parameter name="object.property.auto.SubstStructuredType" value="NO_OBJECT" />
				<parameter name="object.property.auto.Subtitutable" value="" />
				<parameter name="object.property.auto.Tablespace" value="NO_OBJECT" />
				<parameter name="object.property.auto.Validate" value="YES" />
				<parameter name="object.property.auto.WithRowId" value="NO" />
				<parameter name="object.property.auto.XmlSchemaElement" value="" />
				<parameter name="object.property.auto.XmlSchemaUrl" value="" />
				<parameter name="design.owner" value="demo20-1a" />
				<parameter name="object.existsinrepository" value="true" />
			</properties>
		</Column>
		<Column type="Column" id="62949324-57FD-6E44-B2C0-4D54FBD19E1D">
			<name>STREET_ADDRESS</name>
			<comment></comment>
			<notes></notes>
			<alter type="created">
				<user>meyoung</user>
				<timestamp>2010-02-26 11:22:37</timestamp>
			</alter>
			<alter type="changed">
				<user>meyoung</user>
				<timestamp>2010-02-26 11:22:37</timestamp>
			</alter>
			<properties>
				<parameter name="object.property.auto.AdditionalNTS" value="" />
				<parameter name="object.property.auto.Cache" value="CACHE" />
				<parameter name="object.property.auto.Chunk" value="0" />
				<parameter name="object.property.auto.ColumnExpression" value="" />
				<parameter name="object.property.auto.CommentChanged" value="false" />
				<parameter name="object.property.auto.CommentInRDBMSChanged" value="false" />
				<parameter name="object.property.auto.DefaultValue" value="" />
				<parameter name="object.property.auto.Deferrable" value="NO" />
				<parameter name="object.property.auto.DeletedInPhysicalDesign" value="false" />
				<parameter name="object.property.auto.DropEnabled" value="false" />
				<parameter name="object.property.auto.ElementType" value="" />
				<parameter name="object.property.auto.Enable" value="YES" />
				<parameter name="object.property.auto.ExceptionsTable" value="NO_OBJECT" />
				<parameter name="object.property.auto.ExpressionChanged" value="false" />
				<parameter name="object.property.auto.Freepools" value="0" />
				<parameter name="object.property.auto.GeneratedInRDBMS" value="false" />
				<parameter name="object.property.auto.Initially" value="IMMEDIATE" />
				<parameter name="object.property.auto.LobSegmentName" value="" />
				<parameter name="object.property.auto.LobSegname" value="" />
				<parameter name="object.property.auto.Logging" value="YES" />
				<parameter name="object.property.auto.LongName" value="LOCATIONS.STREET_ADDRESS" />
				<parameter name="object.property.auto.MarkedGenerate" value="true" />
				<parameter name="object.property.auto.Name" value="STREET_ADDRESS" />
				<parameter name="object.property.auto.NameChanged" value="false" />
				<parameter name="object.property.auto.NameHasQuotes" value="false" />
				<parameter name="object.property.auto.NncDeferrable" value="NO" />
				<parameter name="object.property.auto.NncEnable" value="YES" />
				<parameter name="object.property.auto.NncExceptionsTable" value="NO_OBJECT" />
				<parameter name="object.property.auto.NncInitially" value="IMMEDIATE" />
				<parameter name="object.property.auto.NncName" value="" />
				<parameter name="object.property.auto.NncRely" value="NO" />
				<parameter name="object.property.auto.NncValidate" value="YES" />
				<parameter name="object.property.auto.NotNullConstraintOracle" value="NO_OBJECT" />
				<parameter name="object.property.auto.NtReturn" value="" />
				<parameter name="object.property.auto.NtStorageTable" value="" />
				<parameter name="object.property.auto.ObjectID" value="62949324-57FD-6E44-B2C0-4D54FBD19E1D" />
				<parameter name="object.property.auto.OldVersions" value="RETENTION" />
				<parameter name="object.property.auto.PCTVersion" value="0" />
				<parameter name="object.property.auto.RawObject" value="false" />
				<parameter name="object.property.auto.SCBufferPool" value="DEFAULT" />
				<parameter name="object.property.auto.SCFreeLists" value="1" />
				<parameter name="object.property.auto.SCFreelistGroups" value="1" />
				<parameter name="object.property.auto.SCInitialExtent" value="0" />
				<parameter name="object.property.auto.SCMaxExtents" value="UNLIMITED" />
				<parameter name="object.property.auto.SCMinExtents" value="1" />
				<parameter name="object.property.auto.SCNextExtent" value="0" />
				<parameter name="object.property.auto.SCPctIncrease" value="0" />
				<parameter name="object.property.auto.StorageInRow" value="ENABLE" />
				<parameter name="object.property.auto.StoreAs" value="CLOB" />
				<parameter name="object.property.auto.SubstStructuredType" value="NO_OBJECT" />
				<parameter name="object.property.auto.Subtitutable" value="" />
				<parameter name="object.property.auto.Tablespace" value="NO_OBJECT" />
				<parameter name="object.property.auto.Validate" value="YES" />
				<parameter name="object.property.auto.WithRowId" value="NO" />
				<parameter name="object.property.auto.XmlSchemaElement" value="" />
				<parameter name="object.property.auto.XmlSchemaUrl" value="" />
				<parameter name="design.owner" value="demo20-1a" />
				<parameter name="object.existsinrepository" value="true" />
			</properties>
		</Column>
		<Column type="Column" id="EB0E9635-A49A-9224-FB75-23B0AE2D147B">
			<name>POSTAL_CODE</name>
			<comment></comment>
			<notes></notes>
			<alter type="created">
				<user>meyoung</user>
				<timestamp>2010-02-26 11:22:37</timestamp>
			</alter>
			<alter type="changed">
				<user>meyoung</user>
				<timestamp>2010-02-26 11:22:37</timestamp>
			</alter>
			<properties>
				<parameter name="object.property.auto.AdditionalNTS" value="" />
				<parameter name="object.property.auto.Cache" value="CACHE" />
				<parameter name="object.property.auto.Chunk" value="0" />
				<parameter name="object.property.auto.ColumnExpression" value="" />
				<parameter name="object.property.auto.CommentChanged" value="false" />
				<parameter name="object.property.auto.CommentInRDBMSChanged" value="false" />
				<parameter name="object.property.auto.DefaultValue" value="" />
				<parameter name="object.property.auto.Deferrable" value="NO" />
				<parameter name="object.property.auto.DeletedInPhysicalDesign" value="false" />
				<parameter name="object.property.auto.DropEnabled" value="false" />
				<parameter name="object.property.auto.ElementType" value="" />
				<parameter name="object.property.auto.Enable" value="YES" />
				<parameter name="object.property.auto.ExceptionsTable" value="NO_OBJECT" />
				<parameter name="object.property.auto.ExpressionChanged" value="false" />
				<parameter name="object.property.auto.Freepools" value="0" />
				<parameter name="object.property.auto.GeneratedInRDBMS" value="false" />
				<parameter name="object.property.auto.Initially" value="IMMEDIATE" />
				<parameter name="object.property.auto.LobSegmentName" value="" />
				<parameter name="object.property.auto.LobSegname" value="" />
				<parameter name="object.property.auto.Logging" value="YES" />
				<parameter name="object.property.auto.LongName" value="LOCATIONS.POSTAL_CODE" />
				<parameter name="object.property.auto.MarkedGenerate" value="true" />
				<parameter name="object.property.auto.Name" value="POSTAL_CODE" />
				<parameter name="object.property.auto.NameChanged" value="false" />
				<parameter name="object.property.auto.NameHasQuotes" value="false" />
				<parameter name="object.property.auto.NncDeferrable" value="NO" />
				<parameter name="object.property.auto.NncEnable" value="YES" />
				<parameter name="object.property.auto.NncExceptionsTable" value="NO_OBJECT" />
				<parameter name="object.property.auto.NncInitially" value="IMMEDIATE" />
				<parameter name="object.property.auto.NncName" value="" />
				<parameter name="object.property.auto.NncRely" value="NO" />
				<parameter name="object.property.auto.NncValidate" value="YES" />
				<parameter name="object.property.auto.NotNullConstraintOracle" value="NO_OBJECT" />
				<parameter name="object.property.auto.NtReturn" value="" />
				<parameter name="object.property.auto.NtStorageTable" value="" />
				<parameter name="object.property.auto.ObjectID" value="EB0E9635-A49A-9224-FB75-23B0AE2D147B" />
				<parameter name="object.property.auto.OldVersions" value="RETENTION" />
				<parameter name="object.property.auto.PCTVersion" value="0" />
				<parameter name="object.property.auto.RawObject" value="false" />
				<parameter name="object.property.auto.SCBufferPool" value="DEFAULT" />
				<parameter name="object.property.auto.SCFreeLists" value="1" />
				<parameter name="object.property.auto.SCFreelistGroups" value="1" />
				<parameter name="object.property.auto.SCInitialExtent" value="0" />
				<parameter name="object.property.auto.SCMaxExtents" value="UNLIMITED" />
				<parameter name="object.property.auto.SCMinExtents" value="1" />
				<parameter name="object.property.auto.SCNextExtent" value="0" />
				<parameter name="object.property.auto.SCPctIncrease" value="0" />
				<parameter name="object.property.auto.StorageInRow" value="ENABLE" />
				<parameter name="object.property.auto.StoreAs" value="CLOB" />
				<parameter name="object.property.auto.SubstStructuredType" value="NO_OBJECT" />
				<parameter name="object.property.auto.Subtitutable" value="" />
				<parameter name="object.property.auto.Tablespace" value="NO_OBJECT" />
				<parameter name="object.property.auto.Validate" value="YES" />
				<parameter name="object.property.auto.WithRowId" value="NO" />
				<parameter name="object.property.auto.XmlSchemaElement" value="" />
				<parameter name="object.property.auto.XmlSchemaUrl" value="" />
				<parameter name="design.owner" value="demo20-1a" />
				<parameter name="object.existsinrepository" value="true" />
			</properties>
		</Column>
		<Column type="Column" id="7346497E-39CF-16D9-1A73-2C4034819C31">
			<name>CITY</name>
			<comment></comment>
			<notes></notes>
			<alter type="created">
				<user>meyoung</user>
				<timestamp>2010-02-26 11:22:37</timestamp>
			</alter>
			<alter type="changed">
				<user>meyoung</user>
				<timestamp>2010-02-26 11:22:37</timestamp>
			</alter>
			<properties>
				<parameter name="object.property.auto.AdditionalNTS" value="" />
				<parameter name="object.property.auto.Cache" value="CACHE" />
				<parameter name="object.property.auto.Chunk" value="0" />
				<parameter name="object.property.auto.ColumnExpression" value="" />
				<parameter name="object.property.auto.CommentChanged" value="false" />
				<parameter name="object.property.auto.CommentInRDBMSChanged" value="false" />
				<parameter name="object.property.auto.DefaultValue" value="" />
				<parameter name="object.property.auto.Deferrable" value="NO" />
				<parameter name="object.property.auto.DeletedInPhysicalDesign" value="false" />
				<parameter name="object.property.auto.DropEnabled" value="false" />
				<parameter name="object.property.auto.ElementType" value="" />
				<parameter name="object.property.auto.Enable" value="YES" />
				<parameter name="object.property.auto.ExceptionsTable" value="NO_OBJECT" />
				<parameter name="object.property.auto.ExpressionChanged" value="false" />
				<parameter name="object.property.auto.Freepools" value="0" />
				<parameter name="object.property.auto.GeneratedInRDBMS" value="false" />
				<parameter name="object.property.auto.Initially" value="IMMEDIATE" />
				<parameter name="object.property.auto.LobSegmentName" value="" />
				<parameter name="object.property.auto.LobSegname" value="" />
				<parameter name="object.property.auto.Logging" value="YES" />
				<parameter name="object.property.auto.LongName" value="LOCATIONS.CITY" />
				<parameter name="object.property.auto.MarkedGenerate" value="true" />
				<parameter name="object.property.auto.Name" value="CITY" />
				<parameter name="object.property.auto.NameChanged" value="false" />
				<parameter name="object.property.auto.NameHasQuotes" value="false" />
				<parameter name="object.property.auto.NncDeferrable" value="NO" />
				<parameter name="object.property.auto.NncEnable" value="YES" />
				<parameter name="object.property.auto.NncExceptionsTable" value="NO_OBJECT" />
				<parameter name="object.property.auto.NncInitially" value="IMMEDIATE" />
				<parameter name="object.property.auto.NncName" value="" />
				<parameter name="object.property.auto.NncRely" value="NO" />
				<parameter name="object.property.auto.NncValidate" value="YES" />
				<parameter name="object.property.auto.NotNullConstraintOracle" value="NO_OBJECT" />
				<parameter name="object.property.auto.NtReturn" value="" />
				<parameter name="object.property.auto.NtStorageTable" value="" />
				<parameter name="object.property.auto.ObjectID" value="7346497E-39CF-16D9-1A73-2C4034819C31" />
				<parameter name="object.property.auto.OldVersions" value="RETENTION" />
				<parameter name="object.property.auto.PCTVersion" value="0" />
				<parameter name="object.property.auto.RawObject" value="false" />
				<parameter name="object.property.auto.SCBufferPool" value="DEFAULT" />
				<parameter name="object.property.auto.SCFreeLists" value="1" />
				<parameter name="object.property.auto.SCFreelistGroups" value="1" />
				<parameter name="object.property.auto.SCInitialExtent" value="0" />
				<parameter name="object.property.auto.SCMaxExtents" value="UNLIMITED" />
				<parameter name="object.property.auto.SCMinExtents" value="1" />
				<parameter name="object.property.auto.SCNextExtent" value="0" />
				<parameter name="object.property.auto.SCPctIncrease" value="0" />
				<parameter name="object.property.auto.StorageInRow" value="ENABLE" />
				<parameter name="object.property.auto.StoreAs" value="CLOB" />
				<parameter name="object.property.auto.SubstStructuredType" value="NO_OBJECT" />
				<parameter name="object.property.auto.Subtitutable" value="" />
				<parameter name="object.property.auto.Tablespace" value="NO_OBJECT" />
				<parameter name="object.property.auto.Validate" value="YES" />
				<parameter name="object.property.auto.WithRowId" value="NO" />
				<parameter name="object.property.auto.XmlSchemaElement" value="" />
				<parameter name="object.property.auto.XmlSchemaUrl" value="" />
				<parameter name="design.owner" value="demo20-1a" />
				<parameter name="object.existsinrepository" value="true" />
			</properties>
		</Column>
		<Column type="Column" id="9F2BC291-0D37-F1B5-BC14-39BF56E0DD83">
			<name>STATE_PROVINCE</name>
			<comment></comment>
			<notes></notes>
			<alter type="created">
				<user>meyoung</user>
				<timestamp>2010-02-26 11:22:37</timestamp>
			</alter>
			<alter type="changed">
				<user>meyoung</user>
				<timestamp>2010-02-26 11:22:37</timestamp>
			</alter>
			<properties>
				<parameter name="object.property.auto.AdditionalNTS" value="" />
				<parameter name="object.property.auto.Cache" value="CACHE" />
				<parameter name="object.property.auto.Chunk" value="0" />
				<parameter name="object.property.auto.ColumnExpression" value="" />
				<parameter name="object.property.auto.CommentChanged" value="false" />
				<parameter name="object.property.auto.CommentInRDBMSChanged" value="false" />
				<parameter name="object.property.auto.DefaultValue" value="" />
				<parameter name="object.property.auto.Deferrable" value="NO" />
				<parameter name="object.property.auto.DeletedInPhysicalDesign" value="false" />
				<parameter name="object.property.auto.DropEnabled" value="false" />
				<parameter name="object.property.auto.ElementType" value="" />
				<parameter name="object.property.auto.Enable" value="YES" />
				<parameter name="object.property.auto.ExceptionsTable" value="NO_OBJECT" />
				<parameter name="object.property.auto.ExpressionChanged" value="false" />
				<parameter name="object.property.auto.Freepools" value="0" />
				<parameter name="object.property.auto.GeneratedInRDBMS" value="false" />
				<parameter name="object.property.auto.Initially" value="IMMEDIATE" />
				<parameter name="object.property.auto.LobSegmentName" value="" />
				<parameter name="object.property.auto.LobSegname" value="" />
				<parameter name="object.property.auto.Logging" value="YES" />
				<parameter name="object.property.auto.LongName" value="LOCATIONS.STATE_PROVINCE" />
				<parameter name="object.property.auto.MarkedGenerate" value="true" />
				<parameter name="object.property.auto.Name" value="STATE_PROVINCE" />
				<parameter name="object.property.auto.NameChanged" value="false" />
				<parameter name="object.property.auto.NameHasQuotes" value="false" />
				<parameter name="object.property.auto.NncDeferrable" value="NO" />
				<parameter name="object.property.auto.NncEnable" value="YES" />
				<parameter name="object.property.auto.NncExceptionsTable" value="NO_OBJECT" />
				<parameter name="object.property.auto.NncInitially" value="IMMEDIATE" />
				<parameter name="object.property.auto.NncName" value="" />
				<parameter name="object.property.auto.NncRely" value="NO" />
				<parameter name="object.property.auto.NncValidate" value="YES" />
				<parameter name="object.property.auto.NotNullConstraintOracle" value="NO_OBJECT" />
				<parameter name="object.property.auto.NtReturn" value="" />
				<parameter name="object.property.auto.NtStorageTable" value="" />
				<parameter name="object.property.auto.ObjectID" value="9F2BC291-0D37-F1B5-BC14-39BF56E0DD83" />
				<parameter name="object.property.auto.OldVersions" value="RETENTION" />
				<parameter name="object.property.auto.PCTVersion" value="0" />
				<parameter name="object.property.auto.RawObject" value="false" />
				<parameter name="object.property.auto.SCBufferPool" value="DEFAULT" />
				<parameter name="object.property.auto.SCFreeLists" value="1" />
				<parameter name="object.property.auto.SCFreelistGroups" value="1" />
				<parameter name="object.property.auto.SCInitialExtent" value="0" />
				<parameter name="object.property.auto.SCMaxExtents" value="UNLIMITED" />
				<parameter name="object.property.auto.SCMinExtents" value="1" />
				<parameter name="object.property.auto.SCNextExtent" value="0" />
				<parameter name="object.property.auto.SCPctIncrease" value="0" />
				<parameter name="object.property.auto.StorageInRow" value="ENABLE" />
				<parameter name="object.property.auto.StoreAs" value="CLOB" />
				<parameter name="object.property.auto.SubstStructuredType" value="NO_OBJECT" />
				<parameter name="object.property.auto.Subtitutable" value="" />
				<parameter name="object.property.auto.Tablespace" value="NO_OBJECT" />
				<parameter name="object.property.auto.Validate" value="YES" />
				<parameter name="object.property.auto.WithRowId" value="NO" />
				<parameter name="object.property.auto.XmlSchemaElement" value="" />
				<parameter name="object.property.auto.XmlSchemaUrl" value="" />
				<parameter name="design.owner" value="demo20-1a" />
				<parameter name="object.existsinrepository" value="true" />
			</properties>
		</Column>
		<Column type="Column" id="04ED9970-254B-2198-C61C-DB93C718CEA8">
			<name>COUNTRY_ID</name>
			<comment></comment>
			<notes></notes>
			<alter type="created">
				<user>meyoung</user>
				<timestamp>2010-02-26 11:22:37</timestamp>
			</alter>
			<alter type="changed">
				<user>meyoung</user>
				<timestamp>2010-02-26 11:22:37</timestamp>
			</alter>
			<properties>
				<parameter name="object.property.auto.AdditionalNTS" value="" />
				<parameter name="object.property.auto.Cache" value="CACHE" />
				<parameter name="object.property.auto.Chunk" value="0" />
				<parameter name="object.property.auto.ColumnExpression" value="" />
				<parameter name="object.property.auto.CommentChanged" value="false" />
				<parameter name="object.property.auto.CommentInRDBMSChanged" value="false" />
				<parameter name="object.property.auto.DefaultValue" value="" />
				<parameter name="object.property.auto.Deferrable" value="NO" />
				<parameter name="object.property.auto.DeletedInPhysicalDesign" value="false" />
				<parameter name="object.property.auto.DropEnabled" value="false" />
				<parameter name="object.property.auto.ElementType" value="" />
				<parameter name="object.property.auto.Enable" value="YES" />
				<parameter name="object.property.auto.ExceptionsTable" value="NO_OBJECT" />
				<parameter name="object.property.auto.ExpressionChanged" value="false" />
				<parameter name="object.property.auto.Freepools" value="0" />
				<parameter name="object.property.auto.GeneratedInRDBMS" value="false" />
				<parameter name="object.property.auto.Initially" value="IMMEDIATE" />
				<parameter name="object.property.auto.LobSegmentName" value="" />
				<parameter name="object.property.auto.LobSegname" value="" />
				<parameter name="object.property.auto.Logging" value="YES" />
				<parameter name="object.property.auto.LongName" value="LOCATIONS.COUNTRY_ID" />
				<parameter name="object.property.auto.MarkedGenerate" value="true" />
				<parameter name="object.property.auto.Name" value="COUNTRY_ID" />
				<parameter name="object.property.auto.NameChanged" value="false" />
				<parameter name="object.property.auto.NameHasQuotes" value="false" />
				<parameter name="object.property.auto.NncDeferrable" value="NO" />
				<parameter name="object.property.auto.NncEnable" value="YES" />
				<parameter name="object.property.auto.NncExceptionsTable" value="NO_OBJECT" />
				<parameter name="object.property.auto.NncInitially" value="IMMEDIATE" />
				<parameter name="object.property.auto.NncName" value="" />
				<parameter name="object.property.auto.NncRely" value="NO" />
				<parameter name="object.property.auto.NncValidate" value="YES" />
				<parameter name="object.property.auto.NotNullConstraintOracle" value="NO_OBJECT" />
				<parameter name="object.property.auto.NtReturn" value="" />
				<parameter name="object.property.auto.NtStorageTable" value="" />
				<parameter name="object.property.auto.ObjectID" value="04ED9970-254B-2198-C61C-DB93C718CEA8" />
				<parameter name="object.property.auto.OldVersions" value="RETENTION" />
				<parameter name="object.property.auto.PCTVersion" value="0" />
				<parameter name="object.property.auto.RawObject" value="false" />
				<parameter name="object.property.auto.SCBufferPool" value="DEFAULT" />
				<parameter name="object.property.auto.SCFreeLists" value="1" />
				<parameter name="object.property.auto.SCFreelistGroups" value="1" />
				<parameter name="object.property.auto.SCInitialExtent" value="0" />
				<parameter name="object.property.auto.SCMaxExtents" value="UNLIMITED" />
				<parameter name="object.property.auto.SCMinExtents" value="1" />
				<parameter name="object.property.auto.SCNextExtent" value="0" />
				<parameter name="object.property.auto.SCPctIncrease" value="0" />
				<parameter name="object.property.auto.StorageInRow" value="ENABLE" />
				<parameter name="object.property.auto.StoreAs" value="CLOB" />
				<parameter name="object.property.auto.SubstStructuredType" value="NO_OBJECT" />
				<parameter name="object.property.auto.Subtitutable" value="" />
				<parameter name="object.property.auto.Tablespace" value="NO_OBJECT" />
				<parameter name="object.property.auto.Validate" value="YES" />
				<parameter name="object.property.auto.WithRowId" value="NO" />
				<parameter name="object.property.auto.XmlSchemaElement" value="" />
				<parameter name="object.property.auto.XmlSchemaUrl" value="" />
				<parameter name="design.owner" value="demo20-1a" />
				<parameter name="object.existsinrepository" value="true" />
			</properties>
		</Column>
	</columns>
	<keys_and_indexes>
		<PrimaryKey type="PrimaryKey" id="CF0EA4C9-DC40-F841-1A12-3CD14E406170">
			<name>LOC_ID_PK</name>
			<comment></comment>
			<notes></notes>
			<alter type="created">
				<user>meyoung</user>
				<timestamp>2010-02-26 11:22:37</timestamp>
			</alter>
			<alter type="changed">
				<user>meyoung</user>
				<timestamp>2010-02-26 11:22:37</timestamp>
			</alter>
			<properties>
				<parameter name="object.property.auto.Clustered" value="false" />
				<parameter name="object.property.auto.CommentChanged" value="false" />
				<parameter name="object.property.auto.CommentInRDBMSChanged" value="false" />
				<parameter name="object.property.auto.ComputeStatistics" value="NO" />
				<parameter name="object.property.auto.CreateIndexStatement" value="" />
				<parameter name="object.property.auto.Deferrable" value="NO" />
				<parameter name="object.property.auto.DeletedInPhysicalDesign" value="false" />
				<parameter name="object.property.auto.DropEnabled" value="false" />
				<parameter name="object.property.auto.Enable" value="YES" />
				<parameter name="object.property.auto.ExceptionsTable" value="NO_OBJECT" />
				<parameter name="object.property.auto.GeneratedInRDBMS" value="false" />
				<parameter name="object.property.auto.IndexGlobalPL" value="NO_OBJECT" />
				<parameter name="object.property.auto.IndexSegment" value="NO_OBJECT" />
				<parameter name="object.property.auto.IndexSort" value="NO" />
				<parameter name="object.property.auto.Initially" value="IMMEDIATE" />
				<parameter name="object.property.auto.Logging" value="NO" />
				<parameter name="object.property.auto.LongName" value="LOC_ID_PK" />
				<parameter name="object.property.auto.MarkGenerateIfFK" value="true" />
				<parameter name="object.property.auto.MarkedGenerate" value="true" />
				<parameter name="object.property.auto.Name" value="LOC_ID_PK" />
				<parameter name="object.property.auto.NameChanged" value="false" />
				<parameter name="object.property.auto.NameHasQuotes" value="false" />
				<parameter name="object.property.auto.ObjectID" value="CF0EA4C9-DC40-F841-1A12-3CD14E406170" />
				<parameter name="object.property.auto.Partitioned" value="false" />
				<parameter name="object.property.auto.RawObject" value="false" />
				<parameter name="object.property.auto.TableSpace" value="NO_OBJECT" />
				<parameter name="object.property.auto.UsingIndex" value="NO" />
				<parameter name="object.property.auto.Validate" value="YES" />
				<parameter name="design.owner" value="demo20-1a" />
				<parameter name="object.existsinrepository" value="true" />
			</properties>
		</PrimaryKey>
		<ForeignKey type="ForeignKey" id="C5EA1A7F-E87A-BEC0-C659-331A16BAD8A1">
			<name>LOC_C_ID_FK</name>
			<comment></comment>
			<notes></notes>
			<alter type="created">
				<user>meyoung</user>
				<timestamp>2010-02-26 11:22:37</timestamp>
			</alter>
			<alter type="changed">
				<user>meyoung</user>
				<timestamp>2010-02-26 11:22:37</timestamp>
			</alter>
			<properties>
				<parameter name="object.property.auto.Clustered" value="false" />
				<parameter name="object.property.auto.CommentChanged" value="false" />
				<parameter name="object.property.auto.CommentInRDBMSChanged" value="false" />
				<parameter name="object.property.auto.Deferrable" value="NO" />
				<parameter name="object.property.auto.DeletedInPhysicalDesign" value="false" />
				<parameter name="object.property.auto.DropEnabled" value="false" />
				<parameter name="object.property.auto.Enable" value="YES" />
				<parameter name="object.property.auto.ExceptionsTable" value="NO_OBJECT" />
				<parameter name="object.property.auto.GeneratedInRDBMS" value="false" />
				<parameter name="object.property.auto.Initially" value="IMMEDIATE" />
				<parameter name="object.property.auto.LongName" value="LOC_C_ID_FK" />
				<parameter name="object.property.auto.MarkGenerateIfFK" value="true" />
				<parameter name="object.property.auto.MarkedGenerate" value="true" />
				<parameter name="object.property.auto.Name" value="LOC_C_ID_FK" />
				<parameter name="object.property.auto.NameChanged" value="false" />
				<parameter name="object.property.auto.NameHasQuotes" value="false" />
				<parameter name="object.property.auto.ObjectID" value="C5EA1A7F-E87A-BEC0-C659-331A16BAD8A1" />
				<parameter name="object.property.auto.OnDelete" value="CASCADE" />
				<parameter name="object.property.auto.Partitioned" value="false" />
				<parameter name="object.property.auto.RawObject" value="false" />
				<parameter name="object.property.auto.Rely" value="NO" />
				<parameter name="object.property.auto.Validate" value="YES" />
				<parameter name="design.owner" value="demo20-1a" />
				<parameter name="object.existsinrepository" value="true" />
			</properties>
		</ForeignKey>
	</keys_and_indexes>
	<storage_objects />
</metadatadoc>