<?xml version="1.0" encoding="UTF-8" ?>
<metadatadoc version="2.0">
	<object type="Table" id="F180245B-1AC3-2321-802A-7DD621DBA7BA">
		<name>JOB_HISTORY</name>
		<comment></comment>
		<notes></notes>
		<alter type="created">
			<user>meyoung</user>
			<timestamp>2010-02-26 11:22:37</timestamp>
		</alter>
		<alter type="changed">
			<user>meyoung</user>
			<timestamp>2010-02-26 11:22:37</timestamp>
		</alter>
		<properties>
			<parameter name="object.property.auto.BackupOption" value="Rename" />
			<parameter name="object.property.auto.Cache" value="NO" />
			<parameter name="object.property.auto.Cluster" value="NO_OBJECT" />
			<parameter name="object.property.auto.ClusterColumns" value="" />
			<parameter name="object.property.auto.CommentChanged" value="false" />
			<parameter name="object.property.auto.CommentInRDBMSChanged" value="false" />
			<parameter name="object.property.auto.DataSegmentCompression" value="NO" />
			<parameter name="object.property.auto.Degree" value="" />
			<parameter name="object.property.auto.DeletedInPhysicalDesign" value="false" />
			<parameter name="object.property.auto.DropEnabled" value="false" />
			<parameter name="object.property.auto.GeneratePK" value="true" />
			<parameter name="object.property.auto.GeneratedInRDBMS" value="false" />
			<parameter name="object.property.auto.IOTMappingTable" value="NO" />
			<parameter name="object.property.auto.IotCompress" value="0" />
			<parameter name="object.property.auto.IotIncluding" value="NO_OBJECT" />
			<parameter name="object.property.auto.IotOverflowSegment" value="NO_OBJECT" />
			<parameter name="object.property.auto.IotPctThreshold" value="1" />
			<parameter name="object.property.auto.Logging" value="YES" />
			<parameter name="object.property.auto.LongName" value="JOB_HISTORY" />
			<parameter name="object.property.auto.MarkedGenerate" value="true" />
			<parameter name="object.property.auto.Monitoring" value="NO" />
			<parameter name="object.property.auto.Name" value="JOB_HISTORY" />
			<parameter name="object.property.auto.NameChanged" value="false" />
			<parameter name="object.property.auto.NameHasQuotes" value="false" />
			<parameter name="object.property.auto.ObjectID" value="F180245B-1AC3-2321-802A-7DD621DBA7BA" />
			<parameter name="object.property.auto.OidIndexName" value="" />
			<parameter name="object.property.auto.OidIndexSegment" value="NO_OBJECT" />
			<parameter name="object.property.auto.Organization" value="HEAP" />
			<parameter name="object.property.auto.PKName" value="JHIST_EMP_ID_ST_DATE_PK" />
			<parameter name="object.property.auto.Parallel" value="NO" />
			<parameter name="object.property.auto.PartitionList" value="NO_OBJECT" />
			<parameter name="object.property.auto.Partitioned" value="NO" />
			<parameter name="object.property.auto.ParttitionedRowMovement" value="ENABLE" />
			<parameter name="object.property.auto.RawObject" value="false" />
			<parameter name="object.property.auto.RestoreOption" value="Restore" />
			<parameter name="object.property.auto.Segment" value="NO_OBJECT" />
			<parameter name="object.property.auto.Snapshot" value="NO_OBJECT" />
			<parameter name="object.property.auto.SuplementalLogColumns" value="" />
			<parameter name="object.property.auto.SuplementalLogConditions" value="ON UPDATE" />
			<parameter name="object.property.auto.SuplementalLogGroupName" value="" />
			<parameter name="object.property.auto.TableSpace" value="NO_OBJECT" />
			<parameter name="object.property.auto.TempPreserveRows" value="YES" />
			<parameter name="object.property.auto.Temporary" value="NO" />
			<parameter name="object.property.auto.User" value="NO_OBJECT" />
			<parameter name="design.owner" value="demo20-1a" />
			<parameter name="object.existsinrepository" value="true" />
		</properties>
	</object>
	<columns>
		<Column type="Column" id="5143DB60-3627-C40A-812A-47F40A904860">
			<name>EMPLOYEE_ID</name>
			<comment></comment>
			<notes></notes>
			<alter type="created">
				<user>meyoung</user>
				<timestamp>2010-02-26 11:22:37</timestamp>
			</alter>
			<alter type="changed">
				<user>meyoung</user>
				<timestamp>2010-02-26 11:22:37</timestamp>
			</alter>
			<properties>
				<parameter name="object.property.auto.AdditionalNTS" value="" />
				<parameter name="object.property.auto.Cache" value="CACHE" />
				<parameter name="object.property.auto.Chunk" value="0" />
				<parameter name="object.property.auto.ColumnExpression" value="" />
				<parameter name="object.property.auto.CommentChanged" value="false" />
				<parameter name="object.property.auto.CommentInRDBMSChanged" value="false" />
				<parameter name="object.property.auto.DefaultValue" value="" />
				<parameter name="object.property.auto.Deferrable" value="NO" />
				<parameter name="object.property.auto.DeletedInPhysicalDesign" value="false" />
				<parameter name="object.property.auto.DropEnabled" value="false" />
				<parameter name="object.property.auto.ElementType" value="" />
				<parameter name="object.property.auto.Enable" value="YES" />
				<parameter name="object.property.auto.ExceptionsTable" value="NO_OBJECT" />
				<parameter name="object.property.auto.ExpressionChanged" value="false" />
				<parameter name="object.property.auto.Freepools" value="0" />
				<parameter name="object.property.auto.GeneratedInRDBMS" value="false" />
				<parameter name="object.property.auto.Initially" value="IMMEDIATE" />
				<parameter name="object.property.auto.LobSegmentName" value="" />
				<parameter name="object.property.auto.LobSegname" value="" />
				<parameter name="object.property.auto.Logging" value="YES" />
				<parameter name="object.property.auto.LongName" value="JOB_HISTORY.EMPLOYEE_ID" />
				<parameter name="object.property.auto.MarkedGenerate" value="true" />
				<parameter name="object.property.auto.Name" value="EMPLOYEE_ID" />
				<parameter name="object.property.auto.NameChanged" value="false" />
				<parameter name="object.property.auto.NameHasQuotes" value="false" />
				<parameter name="object.property.auto.NncDeferrable" value="NO" />
				<parameter name="object.property.auto.NncEnable" value="YES" />
				<parameter name="object.property.auto.NncExceptionsTable" value="NO_OBJECT" />
				<parameter name="object.property.auto.NncInitially" value="IMMEDIATE" />
				<parameter name="object.property.auto.NncName" value="" />
				<parameter name="object.property.auto.NncRely" value="NO" />
				<parameter name="object.property.auto.NncValidate" value="YES" />
				<parameter name="object.property.auto.NotNullConstraintOracle" value="NO_OBJECT" />
				<parameter name="object.property.auto.NtReturn" value="" />
				<parameter name="object.property.auto.NtStorageTable" value="" />
				<parameter name="object.property.auto.ObjectID" value="5143DB60-3627-C40A-812A-47F40A904860" />
				<parameter name="object.property.auto.OldVersions" value="RETENTION" />
				<parameter name="object.property.auto.PCTVersion" value="0" />
				<parameter name="object.property.auto.RawObject" value="false" />
				<parameter name="object.property.auto.SCBufferPool" value="DEFAULT" />
				<parameter name="object.property.auto.SCFreeLists" value="1" />
				<parameter name="object.property.auto.SCFreelistGroups" value="1" />
				<parameter name="object.property.auto.SCInitialExtent" value="0" />
				<parameter name="object.property.auto.SCMaxExtents" value="UNLIMITED" />
				<parameter name="object.property.auto.SCMinExtents" value="1" />
				<parameter name="object.property.auto.SCNextExtent" value="0" />
				<parameter name="object.property.auto.SCPctIncrease" value="0" />
				<parameter name="object.property.auto.StorageInRow" value="ENABLE" />
				<parameter name="object.property.auto.StoreAs" value="CLOB" />
				<parameter name="object.property.auto.SubstStructuredType" value="NO_OBJECT" />
				<parameter name="object.property.auto.Subtitutable" value="" />
				<parameter name="object.property.auto.Tablespace" value="NO_OBJECT" />
				<parameter name="object.property.auto.Validate" value="YES" />
				<parameter name="object.property.auto.WithRowId" value="NO" />
				<parameter name="object.property.auto.XmlSchemaElement" value="" />
				<parameter name="object.property.auto.XmlSchemaUrl" value="" />
				<parameter name="design.owner" value="demo20-1a" />
				<parameter name="object.existsinrepository" value="true" />
			</properties>
		</Column>
		<Column type="Column" id="D88867E0-93FB-22BC-4E12-7EFE013CB5D1">
			<name>START_DATE</name>
			<comment></comment>
			<notes></notes>
			<alter type="created">
				<user>meyoung</user>
				<timestamp>2010-02-26 11:22:37</timestamp>
			</alter>
			<alter type="changed">
				<user>meyoung</user>
				<timestamp>2010-02-26 11:22:37</timestamp>
			</alter>
			<properties>
				<parameter name="object.property.auto.AdditionalNTS" value="" />
				<parameter name="object.property.auto.Cache" value="CACHE" />
				<parameter name="object.property.auto.Chunk" value="0" />
				<parameter name="object.property.auto.ColumnExpression" value="" />
				<parameter name="object.property.auto.CommentChanged" value="false" />
				<parameter name="object.property.auto.CommentInRDBMSChanged" value="false" />
				<parameter name="object.property.auto.DefaultValue" value="" />
				<parameter name="object.property.auto.Deferrable" value="NO" />
				<parameter name="object.property.auto.DeletedInPhysicalDesign" value="false" />
				<parameter name="object.property.auto.DropEnabled" value="false" />
				<parameter name="object.property.auto.ElementType" value="" />
				<parameter name="object.property.auto.Enable" value="YES" />
				<parameter name="object.property.auto.ExceptionsTable" value="NO_OBJECT" />
				<parameter name="object.property.auto.ExpressionChanged" value="false" />
				<parameter name="object.property.auto.Freepools" value="0" />
				<parameter name="object.property.auto.GeneratedInRDBMS" value="false" />
				<parameter name="object.property.auto.Initially" value="IMMEDIATE" />
				<parameter name="object.property.auto.LobSegmentName" value="" />
				<parameter name="object.property.auto.LobSegname" value="" />
				<parameter name="object.property.auto.Logging" value="YES" />
				<parameter name="object.property.auto.LongName" value="JOB_HISTORY.START_DATE" />
				<parameter name="object.property.auto.MarkedGenerate" value="true" />
				<parameter name="object.property.auto.Name" value="START_DATE" />
				<parameter name="object.property.auto.NameChanged" value="false" />
				<parameter name="object.property.auto.NameHasQuotes" value="false" />
				<parameter name="object.property.auto.NncDeferrable" value="NO" />
				<parameter name="object.property.auto.NncEnable" value="YES" />
				<parameter name="object.property.auto.NncExceptionsTable" value="NO_OBJECT" />
				<parameter name="object.property.auto.NncInitially" value="IMMEDIATE" />
				<parameter name="object.property.auto.NncName" value="" />
				<parameter name="object.property.auto.NncRely" value="NO" />
				<parameter name="object.property.auto.NncValidate" value="YES" />
				<parameter name="object.property.auto.NotNullConstraintOracle" value="NO_OBJECT" />
				<parameter name="object.property.auto.NtReturn" value="" />
				<parameter name="object.property.auto.NtStorageTable" value="" />
				<parameter name="object.property.auto.ObjectID" value="D88867E0-93FB-22BC-4E12-7EFE013CB5D1" />
				<parameter name="object.property.auto.OldVersions" value="RETENTION" />
				<parameter name="object.property.auto.PCTVersion" value="0" />
				<parameter name="object.property.auto.RawObject" value="false" />
				<parameter name="object.property.auto.SCBufferPool" value="DEFAULT" />
				<parameter name="object.property.auto.SCFreeLists" value="1" />
				<parameter name="object.property.auto.SCFreelistGroups" value="1" />
				<parameter name="object.property.auto.SCInitialExtent" value="0" />
				<parameter name="object.property.auto.SCMaxExtents" value="UNLIMITED" />
				<parameter name="object.property.auto.SCMinExtents" value="1" />
				<parameter name="object.property.auto.SCNextExtent" value="0" />
				<parameter name="object.property.auto.SCPctIncrease" value="0" />
				<parameter name="object.property.auto.StorageInRow" value="ENABLE" />
				<parameter name="object.property.auto.StoreAs" value="CLOB" />
				<parameter name="object.property.auto.SubstStructuredType" value="NO_OBJECT" />
				<parameter name="object.property.auto.Subtitutable" value="" />
				<parameter name="object.property.auto.Tablespace" value="NO_OBJECT" />
				<parameter name="object.property.auto.Validate" value="YES" />
				<parameter name="object.property.auto.WithRowId" value="NO" />
				<parameter name="object.property.auto.XmlSchemaElement" value="" />
				<parameter name="object.property.auto.XmlSchemaUrl" value="" />
				<parameter name="design.owner" value="demo20-1a" />
				<parameter name="object.existsinrepository" value="true" />
			</properties>
		</Column>
		<Column type="Column" id="021C189C-7855-CAF5-DBEC-1287E3B053BB">
			<name>END_DATE</name>
			<comment></comment>
			<notes></notes>
			<alter type="created">
				<user>meyoung</user>
				<timestamp>2010-02-26 11:22:37</timestamp>
			</alter>
			<alter type="changed">
				<user>meyoung</user>
				<timestamp>2010-02-26 11:22:37</timestamp>
			</alter>
			<properties>
				<parameter name="object.property.auto.AdditionalNTS" value="" />
				<parameter name="object.property.auto.Cache" value="CACHE" />
				<parameter name="object.property.auto.Chunk" value="0" />
				<parameter name="object.property.auto.ColumnExpression" value="" />
				<parameter name="object.property.auto.CommentChanged" value="false" />
				<parameter name="object.property.auto.CommentInRDBMSChanged" value="false" />
				<parameter name="object.property.auto.DefaultValue" value="" />
				<parameter name="object.property.auto.Deferrable" value="NO" />
				<parameter name="object.property.auto.DeletedInPhysicalDesign" value="false" />
				<parameter name="object.property.auto.DropEnabled" value="false" />
				<parameter name="object.property.auto.ElementType" value="" />
				<parameter name="object.property.auto.Enable" value="YES" />
				<parameter name="object.property.auto.ExceptionsTable" value="NO_OBJECT" />
				<parameter name="object.property.auto.ExpressionChanged" value="false" />
				<parameter name="object.property.auto.Freepools" value="0" />
				<parameter name="object.property.auto.GeneratedInRDBMS" value="false" />
				<parameter name="object.property.auto.Initially" value="IMMEDIATE" />
				<parameter name="object.property.auto.LobSegmentName" value="" />
				<parameter name="object.property.auto.LobSegname" value="" />
				<parameter name="object.property.auto.Logging" value="YES" />
				<parameter name="object.property.auto.LongName" value="JOB_HISTORY.END_DATE" />
				<parameter name="object.property.auto.MarkedGenerate" value="true" />
				<parameter name="object.property.auto.Name" value="END_DATE" />
				<parameter name="object.property.auto.NameChanged" value="false" />
				<parameter name="object.property.auto.NameHasQuotes" value="false" />
				<parameter name="object.property.auto.NncDeferrable" value="NO" />
				<parameter name="object.property.auto.NncEnable" value="YES" />
				<parameter name="object.property.auto.NncExceptionsTable" value="NO_OBJECT" />
				<parameter name="object.property.auto.NncInitially" value="IMMEDIATE" />
				<parameter name="object.property.auto.NncName" value="" />
				<parameter name="object.property.auto.NncRely" value="NO" />
				<parameter name="object.property.auto.NncValidate" value="YES" />
				<parameter name="object.property.auto.NotNullConstraintOracle" value="NO_OBJECT" />
				<parameter name="object.property.auto.NtReturn" value="" />
				<parameter name="object.property.auto.NtStorageTable" value="" />
				<parameter name="object.property.auto.ObjectID" value="021C189C-7855-CAF5-DBEC-1287E3B053BB" />
				<parameter name="object.property.auto.OldVersions" value="RETENTION" />
				<parameter name="object.property.auto.PCTVersion" value="0" />
				<parameter name="object.property.auto.RawObject" value="false" />
				<parameter name="object.property.auto.SCBufferPool" value="DEFAULT" />
				<parameter name="object.property.auto.SCFreeLists" value="1" />
				<parameter name="object.property.auto.SCFreelistGroups" value="1" />
				<parameter name="object.property.auto.SCInitialExtent" value="0" />
				<parameter name="object.property.auto.SCMaxExtents" value="UNLIMITED" />
				<parameter name="object.property.auto.SCMinExtents" value="1" />
				<parameter name="object.property.auto.SCNextExtent" value="0" />
				<parameter name="object.property.auto.SCPctIncrease" value="0" />
				<parameter name="object.property.auto.StorageInRow" value="ENABLE" />
				<parameter name="object.property.auto.StoreAs" value="CLOB" />
				<parameter name="object.property.auto.SubstStructuredType" value="NO_OBJECT" />
				<parameter name="object.property.auto.Subtitutable" value="" />
				<parameter name="object.property.auto.Tablespace" value="NO_OBJECT" />
				<parameter name="object.property.auto.Validate" value="YES" />
				<parameter name="object.property.auto.WithRowId" value="NO" />
				<parameter name="object.property.auto.XmlSchemaElement" value="" />
				<parameter name="object.property.auto.XmlSchemaUrl" value="" />
				<parameter name="design.owner" value="demo20-1a" />
				<parameter name="object.existsinrepository" value="true" />
			</properties>
		</Column>
		<Column type="Column" id="CA612C40-C093-3C34-ECD3-C931E4F75217">
			<name>JOB_ID</name>
			<comment></comment>
			<notes></notes>
			<alter type="created">
				<user>meyoung</user>
				<timestamp>2010-02-26 11:22:37</timestamp>
			</alter>
			<alter type="changed">
				<user>meyoung</user>
				<timestamp>2010-02-26 11:22:37</timestamp>
			</alter>
			<properties>
				<parameter name="object.property.auto.AdditionalNTS" value="" />
				<parameter name="object.property.auto.Cache" value="CACHE" />
				<parameter name="object.property.auto.Chunk" value="0" />
				<parameter name="object.property.auto.ColumnExpression" value="" />
				<parameter name="object.property.auto.CommentChanged" value="false" />
				<parameter name="object.property.auto.CommentInRDBMSChanged" value="false" />
				<parameter name="object.property.auto.DefaultValue" value="" />
				<parameter name="object.property.auto.Deferrable" value="NO" />
				<parameter name="object.property.auto.DeletedInPhysicalDesign" value="false" />
				<parameter name="object.property.auto.DropEnabled" value="false" />
				<parameter name="object.property.auto.ElementType" value="" />
				<parameter name="object.property.auto.Enable" value="YES" />
				<parameter name="object.property.auto.ExceptionsTable" value="NO_OBJECT" />
				<parameter name="object.property.auto.ExpressionChanged" value="false" />
				<parameter name="object.property.auto.Freepools" value="0" />
				<parameter name="object.property.auto.GeneratedInRDBMS" value="false" />
				<parameter name="object.property.auto.Initially" value="IMMEDIATE" />
				<parameter name="object.property.auto.LobSegmentName" value="" />
				<parameter name="object.property.auto.LobSegname" value="" />
				<parameter name="object.property.auto.Logging" value="YES" />
				<parameter name="object.property.auto.LongName" value="JOB_HISTORY.JOB_ID" />
				<parameter name="object.property.auto.MarkedGenerate" value="true" />
				<parameter name="object.property.auto.Name" value="JOB_ID" />
				<parameter name="object.property.auto.NameChanged" value="false" />
				<parameter name="object.property.auto.NameHasQuotes" value="false" />
				<parameter name="object.property.auto.NncDeferrable" value="NO" />
				<parameter name="object.property.auto.NncEnable" value="YES" />
				<parameter name="object.property.auto.NncExceptionsTable" value="NO_OBJECT" />
				<parameter name="object.property.auto.NncInitially" value="IMMEDIATE" />
				<parameter name="object.property.auto.NncName" value="" />
				<parameter name="object.property.auto.NncRely" value="NO" />
				<parameter name="object.property.auto.NncValidate" value="YES" />
				<parameter name="object.property.auto.NotNullConstraintOracle" value="NO_OBJECT" />
				<parameter name="object.property.auto.NtReturn" value="" />
				<parameter name="object.property.auto.NtStorageTable" value="" />
				<parameter name="object.property.auto.ObjectID" value="CA612C40-C093-3C34-ECD3-C931E4F75217" />
				<parameter name="object.property.auto.OldVersions" value="RETENTION" />
				<parameter name="object.property.auto.PCTVersion" value="0" />
				<parameter name="object.property.auto.RawObject" value="false" />
				<parameter name="object.property.auto.SCBufferPool" value="DEFAULT" />
				<parameter name="object.property.auto.SCFreeLists" value="1" />
				<parameter name="object.property.auto.SCFreelistGroups" value="1" />
				<parameter name="object.property.auto.SCInitialExtent" value="0" />
				<parameter name="object.property.auto.SCMaxExtents" value="UNLIMITED" />
				<parameter name="object.property.auto.SCMinExtents" value="1" />
				<parameter name="object.property.auto.SCNextExtent" value="0" />
				<parameter name="object.property.auto.SCPctIncrease" value="0" />
				<parameter name="object.property.auto.StorageInRow" value="ENABLE" />
				<parameter name="object.property.auto.StoreAs" value="CLOB" />
				<parameter name="object.property.auto.SubstStructuredType" value="NO_OBJECT" />
				<parameter name="object.property.auto.Subtitutable" value="" />
				<parameter name="object.property.auto.Tablespace" value="NO_OBJECT" />
				<parameter name="object.property.auto.Validate" value="YES" />
				<parameter name="object.property.auto.WithRowId" value="NO" />
				<parameter name="object.property.auto.XmlSchemaElement" value="" />
				<parameter name="object.property.auto.XmlSchemaUrl" value="" />
				<parameter name="design.owner" value="demo20-1a" />
				<parameter name="object.existsinrepository" value="true" />
			</properties>
		</Column>
		<Column type="Column" id="3A38AC0B-A324-7A8B-343F-9C3FF777241E">
			<name>DEPARTMENT_ID</name>
			<comment></comment>
			<notes></notes>
			<alter type="created">
				<user>meyoung</user>
				<timestamp>2010-02-26 11:22:37</timestamp>
			</alter>
			<alter type="changed">
				<user>meyoung</user>
				<timestamp>2010-02-26 11:22:37</timestamp>
			</alter>
			<properties>
				<parameter name="object.property.auto.AdditionalNTS" value="" />
				<parameter name="object.property.auto.Cache" value="CACHE" />
				<parameter name="object.property.auto.Chunk" value="0" />
				<parameter name="object.property.auto.ColumnExpression" value="" />
				<parameter name="object.property.auto.CommentChanged" value="false" />
				<parameter name="object.property.auto.CommentInRDBMSChanged" value="false" />
				<parameter name="object.property.auto.DefaultValue" value="" />
				<parameter name="object.property.auto.Deferrable" value="NO" />
				<parameter name="object.property.auto.DeletedInPhysicalDesign" value="false" />
				<parameter name="object.property.auto.DropEnabled" value="false" />
				<parameter name="object.property.auto.ElementType" value="" />
				<parameter name="object.property.auto.Enable" value="YES" />
				<parameter name="object.property.auto.ExceptionsTable" value="NO_OBJECT" />
				<parameter name="object.property.auto.ExpressionChanged" value="false" />
				<parameter name="object.property.auto.Freepools" value="0" />
				<parameter name="object.property.auto.GeneratedInRDBMS" value="false" />
				<parameter name="object.property.auto.Initially" value="IMMEDIATE" />
				<parameter name="object.property.auto.LobSegmentName" value="" />
				<parameter name="object.property.auto.LobSegname" value="" />
				<parameter name="object.property.auto.Logging" value="YES" />
				<parameter name="object.property.auto.LongName" value="JOB_HISTORY.DEPARTMENT_ID" />
				<parameter name="object.property.auto.MarkedGenerate" value="true" />
				<parameter name="object.property.auto.Name" value="DEPARTMENT_ID" />
				<parameter name="object.property.auto.NameChanged" value="false" />
				<parameter name="object.property.auto.NameHasQuotes" value="false" />
				<parameter name="object.property.auto.NncDeferrable" value="NO" />
				<parameter name="object.property.auto.NncEnable" value="YES" />
				<parameter name="object.property.auto.NncExceptionsTable" value="NO_OBJECT" />
				<parameter name="object.property.auto.NncInitially" value="IMMEDIATE" />
				<parameter name="object.property.auto.NncName" value="" />
				<parameter name="object.property.auto.NncRely" value="NO" />
				<parameter name="object.property.auto.NncValidate" value="YES" />
				<parameter name="object.property.auto.NotNullConstraintOracle" value="NO_OBJECT" />
				<parameter name="object.property.auto.NtReturn" value="" />
				<parameter name="object.property.auto.NtStorageTable" value="" />
				<parameter name="object.property.auto.ObjectID" value="3A38AC0B-A324-7A8B-343F-9C3FF777241E" />
				<parameter name="object.property.auto.OldVersions" value="RETENTION" />
				<parameter name="object.property.auto.PCTVersion" value="0" />
				<parameter name="object.property.auto.RawObject" value="false" />
				<parameter name="object.property.auto.SCBufferPool" value="DEFAULT" />
				<parameter name="object.property.auto.SCFreeLists" value="1" />
				<parameter name="object.property.auto.SCFreelistGroups" value="1" />
				<parameter name="object.property.auto.SCInitialExtent" value="0" />
				<parameter name="object.property.auto.SCMaxExtents" value="UNLIMITED" />
				<parameter name="object.property.auto.SCMinExtents" value="1" />
				<parameter name="object.property.auto.SCNextExtent" value="0" />
				<parameter name="object.property.auto.SCPctIncrease" value="0" />
				<parameter name="object.property.auto.StorageInRow" value="ENABLE" />
				<parameter name="object.property.auto.StoreAs" value="CLOB" />
				<parameter name="object.property.auto.SubstStructuredType" value="NO_OBJECT" />
				<parameter name="object.property.auto.Subtitutable" value="" />
				<parameter name="object.property.auto.Tablespace" value="NO_OBJECT" />
				<parameter name="object.property.auto.Validate" value="YES" />
				<parameter name="object.property.auto.WithRowId" value="NO" />
				<parameter name="object.property.auto.XmlSchemaElement" value="" />
				<parameter name="object.property.auto.XmlSchemaUrl" value="" />
				<parameter name="design.owner" value="demo20-1a" />
				<parameter name="object.existsinrepository" value="true" />
			</properties>
		</Column>
	</columns>
	<keys_and_indexes>
		<PrimaryKey type="PrimaryKey" id="4AB8AE58-0B6B-887F-25D2-94EE0C132937">
			<name>JHIST_EMP_ID_ST_DATE_PK</name>
			<comment></comment>
			<notes></notes>
			<alter type="created">
				<user>meyoung</user>
				<timestamp>2010-02-26 11:22:37</timestamp>
			</alter>
			<alter type="changed">
				<user>meyoung</user>
				<timestamp>2010-02-26 11:22:37</timestamp>
			</alter>
			<properties>
				<parameter name="object.property.auto.Clustered" value="false" />
				<parameter name="object.property.auto.CommentChanged" value="false" />
				<parameter name="object.property.auto.CommentInRDBMSChanged" value="false" />
				<parameter name="object.property.auto.ComputeStatistics" value="NO" />
				<parameter name="object.property.auto.CreateIndexStatement" value="" />
				<parameter name="object.property.auto.Deferrable" value="NO" />
				<parameter name="object.property.auto.DeletedInPhysicalDesign" value="false" />
				<parameter name="object.property.auto.DropEnabled" value="false" />
				<parameter name="object.property.auto.Enable" value="YES" />
				<parameter name="object.property.auto.ExceptionsTable" value="NO_OBJECT" />
				<parameter name="object.property.auto.GeneratedInRDBMS" value="false" />
				<parameter name="object.property.auto.IndexGlobalPL" value="NO_OBJECT" />
				<parameter name="object.property.auto.IndexSegment" value="NO_OBJECT" />
				<parameter name="object.property.auto.IndexSort" value="NO" />
				<parameter name="object.property.auto.Initially" value="IMMEDIATE" />
				<parameter name="object.property.auto.Logging" value="NO" />
				<parameter name="object.property.auto.LongName" value="JHIST_EMP_ID_ST_DATE_PK" />
				<parameter name="object.property.auto.MarkGenerateIfFK" value="true" />
				<parameter name="object.property.auto.MarkedGenerate" value="true" />
				<parameter name="object.property.auto.Name" value="JHIST_EMP_ID_ST_DATE_PK" />
				<parameter name="object.property.auto.NameChanged" value="false" />
				<parameter name="object.property.auto.NameHasQuotes" value="false" />
				<parameter name="object.property.auto.ObjectID" value="4AB8AE58-0B6B-887F-25D2-94EE0C132937" />
				<parameter name="object.property.auto.Partitioned" value="false" />
				<parameter name="object.property.auto.RawObject" value="false" />
				<parameter name="object.property.auto.TableSpace" value="NO_OBJECT" />
				<parameter name="object.property.auto.UsingIndex" value="NO" />
				<parameter name="object.property.auto.Validate" value="YES" />
				<parameter name="design.owner" value="demo20-1a" />
				<parameter name="object.existsinrepository" value="true" />
			</properties>
		</PrimaryKey>
		<ForeignKey type="ForeignKey" id="117B44AB-57C6-A063-04B7-1D8E3C4CEB2B">
			<name>JHIST_DEPT_FK</name>
			<comment></comment>
			<notes></notes>
			<alter type="created">
				<user>meyoung</user>
				<timestamp>2010-02-26 11:22:37</timestamp>
			</alter>
			<alter type="changed">
				<user>meyoung</user>
				<timestamp>2010-02-26 11:22:37</timestamp>
			</alter>
			<properties>
				<parameter name="object.property.auto.Clustered" value="false" />
				<parameter name="object.property.auto.CommentChanged" value="false" />
				<parameter name="object.property.auto.CommentInRDBMSChanged" value="false" />
				<parameter name="object.property.auto.Deferrable" value="NO" />
				<parameter name="object.property.auto.DeletedInPhysicalDesign" value="false" />
				<parameter name="object.property.auto.DropEnabled" value="false" />
				<parameter name="object.property.auto.Enable" value="YES" />
				<parameter name="object.property.auto.ExceptionsTable" value="NO_OBJECT" />
				<parameter name="object.property.auto.GeneratedInRDBMS" value="false" />
				<parameter name="object.property.auto.Initially" value="IMMEDIATE" />
				<parameter name="object.property.auto.LongName" value="JHIST_DEPT_FK" />
				<parameter name="object.property.auto.MarkGenerateIfFK" value="true" />
				<parameter name="object.property.auto.MarkedGenerate" value="true" />
				<parameter name="object.property.auto.Name" value="JHIST_DEPT_FK" />
				<parameter name="object.property.auto.NameChanged" value="false" />
				<parameter name="object.property.auto.NameHasQuotes" value="false" />
				<parameter name="object.property.auto.ObjectID" value="117B44AB-57C6-A063-04B7-1D8E3C4CEB2B" />
				<parameter name="object.property.auto.OnDelete" value="CASCADE" />
				<parameter name="object.property.auto.Partitioned" value="false" />
				<parameter name="object.property.auto.RawObject" value="false" />
				<parameter name="object.property.auto.Rely" value="NO" />
				<parameter name="object.property.auto.Validate" value="YES" />
				<parameter name="design.owner" value="demo20-1a" />
				<parameter name="object.existsinrepository" value="true" />
			</properties>
		</ForeignKey>
		<ForeignKey type="ForeignKey" id="480BB64D-FA99-1DC2-549E-51FA62C40B4E">
			<name>JHIST_EMP_FK</name>
			<comment></comment>
			<notes></notes>
			<alter type="created">
				<user>meyoung</user>
				<timestamp>2010-02-26 11:22:37</timestamp>
			</alter>
			<alter type="changed">
				<user>meyoung</user>
				<timestamp>2010-02-26 11:22:37</timestamp>
			</alter>
			<properties>
				<parameter name="object.property.auto.Clustered" value="false" />
				<parameter name="object.property.auto.CommentChanged" value="false" />
				<parameter name="object.property.auto.CommentInRDBMSChanged" value="false" />
				<parameter name="object.property.auto.Deferrable" value="NO" />
				<parameter name="object.property.auto.DeletedInPhysicalDesign" value="false" />
				<parameter name="object.property.auto.DropEnabled" value="false" />
				<parameter name="object.property.auto.Enable" value="YES" />
				<parameter name="object.property.auto.ExceptionsTable" value="NO_OBJECT" />
				<parameter name="object.property.auto.GeneratedInRDBMS" value="false" />
				<parameter name="object.property.auto.Initially" value="IMMEDIATE" />
				<parameter name="object.property.auto.LongName" value="JHIST_EMP_FK" />
				<parameter name="object.property.auto.MarkGenerateIfFK" value="true" />
				<parameter name="object.property.auto.MarkedGenerate" value="true" />
				<parameter name="object.property.auto.Name" value="JHIST_EMP_FK" />
				<parameter name="object.property.auto.NameChanged" value="false" />
				<parameter name="object.property.auto.NameHasQuotes" value="false" />
				<parameter name="object.property.auto.ObjectID" value="480BB64D-FA99-1DC2-549E-51FA62C40B4E" />
				<parameter name="object.property.auto.OnDelete" value="CASCADE" />
				<parameter name="object.property.auto.Partitioned" value="false" />
				<parameter name="object.property.auto.RawObject" value="false" />
				<parameter name="object.property.auto.Rely" value="NO" />
				<parameter name="object.property.auto.Validate" value="YES" />
				<parameter name="design.owner" value="demo20-1a" />
				<parameter name="object.existsinrepository" value="true" />
			</properties>
		</ForeignKey>
		<ForeignKey type="ForeignKey" id="8AC248CA-5B1B-4419-4377-92A37311BAD8">
			<name>JHIST_JOB_FK</name>
			<comment></comment>
			<notes></notes>
			<alter type="created">
				<user>meyoung</user>
				<timestamp>2010-02-26 11:22:37</timestamp>
			</alter>
			<alter type="changed">
				<user>meyoung</user>
				<timestamp>2010-02-26 11:22:37</timestamp>
			</alter>
			<properties>
				<parameter name="object.property.auto.Clustered" value="false" />
				<parameter name="object.property.auto.CommentChanged" value="false" />
				<parameter name="object.property.auto.CommentInRDBMSChanged" value="false" />
				<parameter name="object.property.auto.Deferrable" value="NO" />
				<parameter name="object.property.auto.DeletedInPhysicalDesign" value="false" />
				<parameter name="object.property.auto.DropEnabled" value="false" />
				<parameter name="object.property.auto.Enable" value="YES" />
				<parameter name="object.property.auto.ExceptionsTable" value="NO_OBJECT" />
				<parameter name="object.property.auto.GeneratedInRDBMS" value="false" />
				<parameter name="object.property.auto.Initially" value="IMMEDIATE" />
				<parameter name="object.property.auto.LongName" value="JHIST_JOB_FK" />
				<parameter name="object.property.auto.MarkGenerateIfFK" value="true" />
				<parameter name="object.property.auto.MarkedGenerate" value="true" />
				<parameter name="object.property.auto.Name" value="JHIST_JOB_FK" />
				<parameter name="object.property.auto.NameChanged" value="false" />
				<parameter name="object.property.auto.NameHasQuotes" value="false" />
				<parameter name="object.property.auto.ObjectID" value="8AC248CA-5B1B-4419-4377-92A37311BAD8" />
				<parameter name="object.property.auto.OnDelete" value="CASCADE" />
				<parameter name="object.property.auto.Partitioned" value="false" />
				<parameter name="object.property.auto.RawObject" value="false" />
				<parameter name="object.property.auto.Rely" value="NO" />
				<parameter name="object.property.auto.Validate" value="YES" />
				<parameter name="design.owner" value="demo20-1a" />
				<parameter name="object.existsinrepository" value="true" />
			</properties>
		</ForeignKey>
	</keys_and_indexes>
	<storage_objects />
</metadatadoc>