<?xml version="1.0" encoding="UTF-8" ?>
<metadatadoc version="2.0">
	<sub_view subview_name="Logical" id="27B72FDD-FA88-A685-50A9-EE425ED83741" generator="null" visible="true" comment="" notes="" sv_type="main_view" rep_oid="null" rep_ovid="null" is_checkedout="false" checkedout_by="">
		<alter type="created">
			<user>meyoung</user>
			<timestamp>2010-02-23 08:47:41</timestamp>
		</alter>
		<alter type="changed">
			<user>meyoung</user>
			<timestamp>2010-02-23 08:47:41</timestamp>
		</alter>
		<main_display name="Logical" objectid="27B72FDD-FA88-A685-50A9-EE425ED83741" notation="1" show_all_details="true" show_names_only="false" show_elements="false" show_datatype="false" show_keys="false" auto_route="false" box_in_box="false" comment="" notes="">
			<objectid role="represents" type="Entity" oid="AC4F7369-FE7B-1BE8-015D-E4E2B6323998" viewid="2AB11D0D-E0E7-E30B-8BBD-BA10FA17C90A" tv_generator_id="null" viewnumber="0">
				<graphical>
					<parameter name="background_color" value="NULL" />
					<parameter name="foreground_color" value="NULL" />
					<parameter name="h" value="110.0" />
					<parameter name="use_default_color" value="true" />
					<parameter name="w" value="170.0" />
					<parameter name="x" value="202.0" />
					<parameter name="y" value="177.0" />
				</graphical>
			</objectid>
			<objectid role="represents" type="Entity" oid="E8DA54F9-7C16-F2AB-D38C-79EECC7CE818" viewid="3CFAE30A-40E3-178B-592E-4040A11A6EBD" tv_generator_id="null" viewnumber="0">
				<graphical>
					<parameter name="background_color" value="NULL" />
					<parameter name="foreground_color" value="NULL" />
					<parameter name="h" value="110.0" />
					<parameter name="use_default_color" value="true" />
					<parameter name="w" value="170.0" />
					<parameter name="x" value="543.0" />
					<parameter name="y" value="80.0" />
				</graphical>
			</objectid>
			<objectid role="represents" type="Entity" oid="B51D914C-E61A-EF4A-90B1-66F0B59EC2E1" viewid="BD4EA201-2AC3-E070-1C5C-86FC97F21875" tv_generator_id="null" viewnumber="0">
				<graphical>
					<parameter name="background_color" value="NULL" />
					<parameter name="foreground_color" value="NULL" />
					<parameter name="h" value="110.0" />
					<parameter name="use_default_color" value="true" />
					<parameter name="w" value="170.0" />
					<parameter name="x" value="542.0" />
					<parameter name="y" value="285.0" />
				</graphical>
			</objectid>
			<objectid role="represents" type="Relation" oid="17905361-3605-1727-18D2-7A1707D135B9" source="E8DA54F9-7C16-F2AB-D38C-79EECC7CE818" target="AC4F7369-FE7B-1BE8-015D-E4E2B6323998" viewid_source="3CFAE30A-40E3-178B-592E-4040A11A6EBD" viewid_target="2AB11D0D-E0E7-E30B-8BBD-BA10FA17C90A">
				<points>
					<point x_coordinate="628.0" y_coordinate="80.0" />
					<point x_coordinate="457.5" y_coordinate="135.0" />
					<point x_coordinate="460.0" y_coordinate="210.0" />
					<point x_coordinate="287.0" y_coordinate="177.0" />
				</points>
				<labels>
					<source x_coordinate="493.0" y_coordinate="105.0" width="51.0" height="20.0" use_default_color="true" background_color="null" foreground_color="null">
						<fonts>
							<font_object>
								<parameter name="fo_type" value="Text" />
								<parameter name="font_color" value="-16777216" />
								<parameter name="font_name" value="Dialog" />
								<parameter name="font_size" value="10" />
								<parameter name="font_style" value="0" />
							</font_object>
						</fonts>
					</source>
					<target x_coordinate="384.0" y_coordinate="190.0" width="67.0" height="20.0" use_default_color="true" background_color="null" foreground_color="null">
						<fonts>
							<font_object>
								<parameter name="fo_type" value="Text" />
								<parameter name="font_color" value="-16777216" />
								<parameter name="font_name" value="Dialog" />
								<parameter name="font_size" value="10" />
								<parameter name="font_style" value="0" />
							</font_object>
						</fonts>
					</target>
					<main_label x_coordinate="-1.0" y_coordinate="-1.0" width="-1.0" height="-1.0" />
				</labels>
				<graphical>
					<parameter name="use_default_color" value="true" />
				</graphical>
			</objectid>
			<objectid role="represents" type="Relation" oid="6B2D5F7D-9E63-7B5F-323A-F1DBB034D775" source="B51D914C-E61A-EF4A-90B1-66F0B59EC2E1" target="AC4F7369-FE7B-1BE8-015D-E4E2B6323998" viewid_source="BD4EA201-2AC3-E070-1C5C-86FC97F21875" viewid_target="2AB11D0D-E0E7-E30B-8BBD-BA10FA17C90A">
				<points>
					<point x_coordinate="627.0" y_coordinate="285.0" />
					<point x_coordinate="464.0" y_coordinate="333.0" />
					<point x_coordinate="460.0" y_coordinate="240.0" />
					<point x_coordinate="372.0" y_coordinate="250.0" />
				</points>
				<labels>
					<source x_coordinate="482.0" y_coordinate="343.0" width="51.0" height="20.0" use_default_color="true" background_color="null" foreground_color="null">
						<fonts>
							<font_object>
								<parameter name="fo_type" value="Text" />
								<parameter name="font_color" value="-16777216" />
								<parameter name="font_name" value="Dialog" />
								<parameter name="font_size" value="10" />
								<parameter name="font_style" value="0" />
							</font_object>
						</fonts>
					</source>
					<target x_coordinate="384.0" y_coordinate="247.0" width="67.0" height="20.0" use_default_color="true" background_color="null" foreground_color="null">
						<fonts>
							<font_object>
								<parameter name="fo_type" value="Text" />
								<parameter name="font_color" value="-16777216" />
								<parameter name="font_name" value="Dialog" />
								<parameter name="font_size" value="10" />
								<parameter name="font_style" value="0" />
							</font_object>
						</fonts>
					</target>
					<main_label x_coordinate="-1.0" y_coordinate="-1.0" width="-1.0" height="-1.0" />
				</labels>
				<graphical>
					<parameter name="use_default_color" value="true" />
				</graphical>
			</objectid>
			<alter type="created">
				<user>meyoung</user>
				<timestamp>2010-02-23 08:44:46</timestamp>
			</alter>
			<alter type="changed">
				<user>meyoung</user>
				<timestamp>2010-02-23 08:47:41</timestamp>
			</alter>
		</main_display>
		<subordinate_displays />
	</sub_view>
</metadatadoc>