<?xml version="1.0" encoding="UTF-8" ?>
<metadatadoc version="2.0">
	<sub_view subview_name="Relational_2" id="1AC398C8-46FE-93F1-0225-A58A88F6EEB0" generator="null" visible="true" comment="" notes="" sv_type="main_view" rep_oid="null" rep_ovid="null" is_checkedout="false" checkedout_by="">
		<alter type="created">
			<user>meyoung</user>
			<timestamp>2010-02-26 12:45:55</timestamp>
		</alter>
		<alter type="changed">
			<user>meyoung</user>
			<timestamp>2010-02-26 12:45:55</timestamp>
		</alter>
		<main_display name="Relational_2" objectid="1AC398C8-46FE-93F1-0225-A58A88F6EEB0" notation="1" show_all_details="true" show_names_only="false" show_elements="false" show_datatype="false" show_keys="false" auto_route="true" box_in_box="false" comment="" notes="">
			<objectid role="represents" type="Table" oid="E5726DEC-E5D1-8848-01D5-288B1E9B07D7" viewid="C8386250-1890-CB2C-6771-5B4ED1A5307C" tv_generator_id="null" viewnumber="0">
				<graphical>
					<parameter name="background_color" value="NULL" />
					<parameter name="foreground_color" value="NULL" />
					<parameter name="h" value="85.0" />
					<parameter name="use_default_color" value="true" />
					<parameter name="w" value="286.0" />
					<parameter name="x" value="21.0" />
					<parameter name="y" value="637.0" />
				</graphical>
			</objectid>
			<objectid role="represents" type="Table" oid="607361CA-58F6-CE86-929F-CE620C850C88" viewid="DAA5EB82-61AF-A7CC-4C89-6D25423661E1" tv_generator_id="null" viewnumber="0">
				<graphical>
					<parameter name="background_color" value="NULL" />
					<parameter name="foreground_color" value="NULL" />
					<parameter name="h" value="113.0" />
					<parameter name="use_default_color" value="true" />
					<parameter name="w" value="286.0" />
					<parameter name="x" value="20.0" />
					<parameter name="y" value="235.0" />
				</graphical>
			</objectid>
			<objectid role="represents" type="Table" oid="00D08E75-B18E-3E82-CE78-8953B8261A87" viewid="DFB4607C-24B3-1567-B4A2-C9650A46A182" tv_generator_id="null" viewnumber="0">
				<graphical>
					<parameter name="background_color" value="NULL" />
					<parameter name="foreground_color" value="NULL" />
					<parameter name="h" value="110.0" />
					<parameter name="use_default_color" value="true" />
					<parameter name="w" value="170.0" />
					<parameter name="x" value="466.0" />
					<parameter name="y" value="607.0" />
				</graphical>
			</objectid>
			<objectid role="represents" type="Table" oid="5A0FAF6F-FD82-6865-8559-C2587D479115" viewid="C1254194-AD80-5A23-665A-6FAB5BE4F823" tv_generator_id="null" viewnumber="0">
				<graphical>
					<parameter name="background_color" value="NULL" />
					<parameter name="foreground_color" value="NULL" />
					<parameter name="h" value="267.0" />
					<parameter name="use_default_color" value="true" />
					<parameter name="w" value="286.0" />
					<parameter name="x" value="387.0" />
					<parameter name="y" value="235.0" />
				</graphical>
			</objectid>
			<objectid role="represents" type="Table" oid="F180245B-1AC3-2321-802A-7DD621DBA7BA" viewid="21DF3E22-9D34-EFA4-C557-6A91CF9922AB" tv_generator_id="null" viewnumber="0">
				<graphical>
					<parameter name="background_color" value="NULL" />
					<parameter name="foreground_color" value="NULL" />
					<parameter name="h" value="155.0" />
					<parameter name="use_default_color" value="true" />
					<parameter name="w" value="286.0" />
					<parameter name="x" value="20.0" />
					<parameter name="y" value="20.0" />
				</graphical>
			</objectid>
			<objectid role="represents" type="Table" oid="144287CF-D042-5AF9-CB07-E88AD5AB5B65" viewid="B001EC3E-F7F2-CDCD-B134-04EFA92FAEAE" tv_generator_id="null" viewnumber="0">
				<graphical>
					<parameter name="background_color" value="NULL" />
					<parameter name="foreground_color" value="NULL" />
					<parameter name="h" value="99.0" />
					<parameter name="use_default_color" value="true" />
					<parameter name="w" value="286.0" />
					<parameter name="x" value="386.0" />
					<parameter name="y" value="20.0" />
				</graphical>
			</objectid>
			<objectid role="represents" type="Table" oid="79BC8932-7E30-DDE8-168D-913647EBD2BC" viewid="7CA33907-AC90-BE3A-A6F1-27EE2217537F" tv_generator_id="null" viewnumber="0">
				<graphical>
					<parameter name="background_color" value="NULL" />
					<parameter name="foreground_color" value="NULL" />
					<parameter name="h" value="169.0" />
					<parameter name="use_default_color" value="true" />
					<parameter name="w" value="286.0" />
					<parameter name="x" value="21.0" />
					<parameter name="y" value="408.0" />
				</graphical>
			</objectid>
			<objectid role="represents" type="Table" oid="5DFB72DC-110B-8536-459E-6783D0433EC7" viewid="BAEF66D2-662A-AC26-5DEE-400AB49E0518" tv_generator_id="null" viewnumber="0">
				<graphical>
					<parameter name="background_color" value="NULL" />
					<parameter name="foreground_color" value="NULL" />
					<parameter name="h" value="71.0" />
					<parameter name="use_default_color" value="true" />
					<parameter name="w" value="286.0" />
					<parameter name="x" value="21.0" />
					<parameter name="y" value="782.0" />
				</graphical>
			</objectid>
			<objectid role="represents" type="View" oid="B661D7A1-9340-29F5-49ED-E69836F22087" viewid="26B9C783-B142-160E-102C-31C05FE19ECB" tv_generator_id="null" viewnumber="0">
				<graphical>
					<parameter name="background_color" value="NULL" />
					<parameter name="foreground_color" value="NULL" />
					<parameter name="h" value="249.0" />
					<parameter name="use_default_color" value="true" />
					<parameter name="w" value="231.0" />
					<parameter name="x" value="20.0" />
					<parameter name="y" value="1033.0" />
				</graphical>
			</objectid>
			<objectid role="represents" type="FKIndexAssociation" oid="6FE177F0-4B4C-E7C5-7AF3-F6AACA25D0A6" source="5DFB72DC-110B-8536-459E-6783D0433EC7" target="E5726DEC-E5D1-8848-01D5-288B1E9B07D7" viewid_source="BAEF66D2-662A-AC26-5DEE-400AB49E0518" viewid_target="C8386250-1890-CB2C-6771-5B4ED1A5307C">
				<points>
					<point x_coordinate="164.0" y_coordinate="782.0" />
					<point x_coordinate="164.0" y_coordinate="745.0" />
					<point x_coordinate="164.0" y_coordinate="745.0" />
					<point x_coordinate="164.0" y_coordinate="637.0" />
				</points>
				<labels>
					<source x_coordinate="-1.0" y_coordinate="-1.0" width="-1.0" height="-1.0" />
					<target x_coordinate="-1.0" y_coordinate="-1.0" width="-1.0" height="-1.0" />
					<main_label x_coordinate="-1.0" y_coordinate="-1.0" width="-1.0" height="-1.0" />
				</labels>
				<graphical>
					<parameter name="use_default_color" value="true" />
				</graphical>
			</objectid>
			<objectid role="represents" type="FKIndexAssociation" oid="6D266AEA-C2B6-6D4B-5B71-1C7584949BCE" source="79BC8932-7E30-DDE8-168D-913647EBD2BC" target="607361CA-58F6-CE86-929F-CE620C850C88" viewid_source="7CA33907-AC90-BE3A-A6F1-27EE2217537F" viewid_target="DAA5EB82-61AF-A7CC-4C89-6D25423661E1">
				<points>
					<point x_coordinate="164.0" y_coordinate="408.0" />
					<point x_coordinate="164.0" y_coordinate="406.0" />
					<point x_coordinate="163.0" y_coordinate="406.0" />
					<point x_coordinate="163.0" y_coordinate="235.0" />
				</points>
				<labels>
					<source x_coordinate="-1.0" y_coordinate="-1.0" width="-1.0" height="-1.0" />
					<target x_coordinate="-1.0" y_coordinate="-1.0" width="-1.0" height="-1.0" />
					<main_label x_coordinate="-1.0" y_coordinate="-1.0" width="-1.0" height="-1.0" />
				</labels>
				<graphical>
					<parameter name="use_default_color" value="true" />
				</graphical>
			</objectid>
			<objectid role="represents" type="FKIndexAssociation" oid="787190C7-EB10-4E23-EEF8-61969D9BBACD" source="5A0FAF6F-FD82-6865-8559-C2587D479115" target="607361CA-58F6-CE86-929F-CE620C850C88" viewid_source="C1254194-AD80-5A23-665A-6FAB5BE4F823" viewid_target="DAA5EB82-61AF-A7CC-4C89-6D25423661E1">
				<points>
					<point x_coordinate="530.0" y_coordinate="235.0" />
					<point x_coordinate="339.5" y_coordinate="375.5" />
					<point x_coordinate="339.5" y_coordinate="298.5" />
					<point x_coordinate="163.0" y_coordinate="235.0" />
				</points>
				<labels>
					<source x_coordinate="-1.0" y_coordinate="-1.0" width="-1.0" height="-1.0" />
					<target x_coordinate="-1.0" y_coordinate="-1.0" width="-1.0" height="-1.0" />
					<main_label x_coordinate="-1.0" y_coordinate="-1.0" width="-1.0" height="-1.0" />
				</labels>
				<graphical>
					<parameter name="use_default_color" value="true" />
				</graphical>
			</objectid>
			<objectid role="represents" type="FKIndexAssociation" oid="A7009485-B9E0-FB00-E7CE-B5D62E05741A" source="607361CA-58F6-CE86-929F-CE620C850C88" target="5A0FAF6F-FD82-6865-8559-C2587D479115" viewid_source="DAA5EB82-61AF-A7CC-4C89-6D25423661E1" viewid_target="C1254194-AD80-5A23-665A-6FAB5BE4F823">
				<points>
					<point x_coordinate="163.0" y_coordinate="235.0" />
					<point x_coordinate="346.5" y_coordinate="291.5" />
					<point x_coordinate="346.5" y_coordinate="368.5" />
					<point x_coordinate="530.0" y_coordinate="235.0" />
				</points>
				<labels>
					<source x_coordinate="-1.0" y_coordinate="-1.0" width="-1.0" height="-1.0" />
					<target x_coordinate="-1.0" y_coordinate="-1.0" width="-1.0" height="-1.0" />
					<main_label x_coordinate="-1.0" y_coordinate="-1.0" width="-1.0" height="-1.0" />
				</labels>
				<graphical>
					<parameter name="use_default_color" value="true" />
				</graphical>
			</objectid>
			<objectid role="represents" type="FKIndexAssociation" oid="BE84CB66-38DE-6FFE-2E76-3E9E383E7396" source="144287CF-D042-5AF9-CB07-E88AD5AB5B65" target="5A0FAF6F-FD82-6865-8559-C2587D479115" viewid_source="B001EC3E-F7F2-CDCD-B134-04EFA92FAEAE" viewid_target="C1254194-AD80-5A23-665A-6FAB5BE4F823">
				<points>
					<point x_coordinate="529.0" y_coordinate="20.0" />
					<point x_coordinate="522.0" y_coordinate="184.0" />
					<point x_coordinate="523.0" y_coordinate="184.0" />
					<point x_coordinate="530.0" y_coordinate="235.0" />
				</points>
				<labels>
					<source x_coordinate="-1.0" y_coordinate="-1.0" width="-1.0" height="-1.0" />
					<target x_coordinate="-1.0" y_coordinate="-1.0" width="-1.0" height="-1.0" />
					<main_label x_coordinate="-1.0" y_coordinate="-1.0" width="-1.0" height="-1.0" />
				</labels>
				<graphical>
					<parameter name="use_default_color" value="true" />
				</graphical>
			</objectid>
			<objectid role="represents" type="FKIndexAssociation" oid="04C9ADD9-3118-0649-7DE6-EA0E2CECF72D" source="5A0FAF6F-FD82-6865-8559-C2587D479115" target="5A0FAF6F-FD82-6865-8559-C2587D479115" viewid_source="C1254194-AD80-5A23-665A-6FAB5BE4F823" viewid_target="C1254194-AD80-5A23-665A-6FAB5BE4F823">
				<points>
					<point x_coordinate="530.0" y_coordinate="235.0" />
					<point x_coordinate="688.0" y_coordinate="368.5" />
					<point x_coordinate="688.0" y_coordinate="517.0" />
					<point x_coordinate="530.0" y_coordinate="517.0" />
					<point x_coordinate="530.0" y_coordinate="235.0" />
				</points>
				<labels>
					<source x_coordinate="-1.0" y_coordinate="-1.0" width="-1.0" height="-1.0" />
					<target x_coordinate="-1.0" y_coordinate="-1.0" width="-1.0" height="-1.0" />
					<main_label x_coordinate="-1.0" y_coordinate="-1.0" width="-1.0" height="-1.0" />
				</labels>
				<graphical>
					<parameter name="use_default_color" value="true" />
				</graphical>
			</objectid>
			<objectid role="represents" type="FKIndexAssociation" oid="2F16AE23-5DA4-6D71-C980-C25742B4C33C" source="607361CA-58F6-CE86-929F-CE620C850C88" target="F180245B-1AC3-2321-802A-7DD621DBA7BA" viewid_source="DAA5EB82-61AF-A7CC-4C89-6D25423661E1" viewid_target="21DF3E22-9D34-EFA4-C557-6A91CF9922AB">
				<points>
					<point x_coordinate="163.0" y_coordinate="235.0" />
					<point x_coordinate="170.0" y_coordinate="177.0" />
					<point x_coordinate="170.0" y_coordinate="177.0" />
					<point x_coordinate="163.0" y_coordinate="20.0" />
				</points>
				<labels>
					<source x_coordinate="-1.0" y_coordinate="-1.0" width="-1.0" height="-1.0" />
					<target x_coordinate="-1.0" y_coordinate="-1.0" width="-1.0" height="-1.0" />
					<main_label x_coordinate="-1.0" y_coordinate="-1.0" width="-1.0" height="-1.0" />
				</labels>
				<graphical>
					<parameter name="use_default_color" value="true" />
				</graphical>
			</objectid>
			<objectid role="represents" type="FKIndexAssociation" oid="7564BD1D-93EB-B0DE-3FA0-B2DB5F298FC9" source="5A0FAF6F-FD82-6865-8559-C2587D479115" target="F180245B-1AC3-2321-802A-7DD621DBA7BA" viewid_source="C1254194-AD80-5A23-665A-6FAB5BE4F823" viewid_target="21DF3E22-9D34-EFA4-C557-6A91CF9922AB">
				<points>
					<point x_coordinate="530.0" y_coordinate="235.0" />
					<point x_coordinate="367.5" y_coordinate="347.5" />
					<point x_coordinate="367.5" y_coordinate="76.5" />
					<point x_coordinate="163.0" y_coordinate="20.0" />
				</points>
				<labels>
					<source x_coordinate="-1.0" y_coordinate="-1.0" width="-1.0" height="-1.0" />
					<target x_coordinate="-1.0" y_coordinate="-1.0" width="-1.0" height="-1.0" />
					<main_label x_coordinate="-1.0" y_coordinate="-1.0" width="-1.0" height="-1.0" />
				</labels>
				<graphical>
					<parameter name="use_default_color" value="true" />
				</graphical>
			</objectid>
			<objectid role="represents" type="FKIndexAssociation" oid="258C022D-46B6-C408-5BF2-4B786725099C" source="144287CF-D042-5AF9-CB07-E88AD5AB5B65" target="F180245B-1AC3-2321-802A-7DD621DBA7BA" viewid_source="B001EC3E-F7F2-CDCD-B134-04EFA92FAEAE" viewid_target="21DF3E22-9D34-EFA4-C557-6A91CF9922AB">
				<points>
					<point x_coordinate="529.0" y_coordinate="20.0" />
					<point x_coordinate="353.0" y_coordinate="62.5" />
					<point x_coordinate="353.0" y_coordinate="90.5" />
					<point x_coordinate="163.0" y_coordinate="20.0" />
				</points>
				<labels>
					<source x_coordinate="-1.0" y_coordinate="-1.0" width="-1.0" height="-1.0" />
					<target x_coordinate="-1.0" y_coordinate="-1.0" width="-1.0" height="-1.0" />
					<main_label x_coordinate="-1.0" y_coordinate="-1.0" width="-1.0" height="-1.0" />
				</labels>
				<graphical>
					<parameter name="use_default_color" value="true" />
				</graphical>
			</objectid>
			<objectid role="represents" type="FKIndexAssociation" oid="B8306A0B-94D3-302B-9D3D-871980F11263" source="E5726DEC-E5D1-8848-01D5-288B1E9B07D7" target="79BC8932-7E30-DDE8-168D-913647EBD2BC" viewid_source="C8386250-1890-CB2C-6771-5B4ED1A5307C" viewid_target="7CA33907-AC90-BE3A-A6F1-27EE2217537F">
				<points>
					<point x_coordinate="164.0" y_coordinate="637.0" />
					<point x_coordinate="164.0" y_coordinate="565.0" />
					<point x_coordinate="164.0" y_coordinate="565.0" />
					<point x_coordinate="164.0" y_coordinate="408.0" />
				</points>
				<labels>
					<source x_coordinate="-1.0" y_coordinate="-1.0" width="-1.0" height="-1.0" />
					<target x_coordinate="-1.0" y_coordinate="-1.0" width="-1.0" height="-1.0" />
					<main_label x_coordinate="-1.0" y_coordinate="-1.0" width="-1.0" height="-1.0" />
				</labels>
				<graphical>
					<parameter name="use_default_color" value="true" />
				</graphical>
			</objectid>
			<objectid role="represents" type="FKIndexAssociation" oid="8D14C81D-F7AA-32AF-2BE7-E586B0D2F35A" source="5A0FAF6F-FD82-6865-8559-C2587D479115" target="00D08E75-B18E-3E82-CE78-8953B8261A87" viewid_source="C1254194-AD80-5A23-665A-6FAB5BE4F823" viewid_target="DFB4607C-24B3-1567-B4A2-C9650A46A182">
				<points>
					<point x_coordinate="530.0" y_coordinate="235.0" />
					<point x_coordinate="509.0" y_coordinate="575.5" />
					<point x_coordinate="530.0" y_coordinate="575.5" />
					<point x_coordinate="551.0" y_coordinate="607.0" />
				</points>
				<labels>
					<source x_coordinate="-1.0" y_coordinate="-1.0" width="-1.0" height="-1.0" />
					<target x_coordinate="-1.0" y_coordinate="-1.0" width="-1.0" height="-1.0" />
					<main_label x_coordinate="-1.0" y_coordinate="-1.0" width="-1.0" height="-1.0" />
				</labels>
				<graphical>
					<parameter name="use_default_color" value="true" />
				</graphical>
			</objectid>
			<alter type="created">
				<user>meyoung</user>
				<timestamp>2010-02-26 11:13:06</timestamp>
			</alter>
			<alter type="changed">
				<user>meyoung</user>
				<timestamp>2010-02-26 12:45:55</timestamp>
			</alter>
		</main_display>
		<subordinate_displays />
	</sub_view>
</metadatadoc>