<?xml version="1.0" encoding="UTF-8" ?>
<design version="2.0" id="C2B3DE0D-5AD3-2865-6756-AE2ACA65C789" defaultRDBMSSite="D9582E4E-79E2-319F-387A-2ED963CB9D32">
	<ref />
	<type_substitutions />
	<marked_generate_for_indexes />
	<ext_sub_views_collection>
		<sub_view subview_name="Relational_1" id="DD6DE92B-8E5A-6F0B-3464-331BC20F9462" sv_type="main_view" visible="false" rep_oid="null" rep_ovid="null" is_checkedout="false" checkedout_by="" />
	</ext_sub_views_collection>
	<documents />
	<parties />
	<naming_options>
		<naming_option class_name="oracle.dbtools.crest.model.design.relational.Table" max_name_length="30" case_type="2" valid_characters="" all_valid="true" />
		<naming_option class_name="oracle.dbtools.crest.model.design.relational.Column" max_name_length="30" case_type="2" valid_characters="" all_valid="true" />
		<naming_option class_name="oracle.dbtools.crest.model.design.relational.TableView" max_name_length="30" case_type="2" valid_characters="" all_valid="true" />
		<naming_option class_name="oracle.dbtools.crest.model.design.constraint.TableLevelConstraint" max_name_length="30" case_type="2" valid_characters="" all_valid="true" />
		<naming_option class_name="oracle.dbtools.crest.model.design.relational.FKIndexAssociation" max_name_length="30" case_type="2" valid_characters="" all_valid="true" />
		<naming_option class_name="oracle.dbtools.crest.model.design.relational.Index" max_name_length="30" case_type="2" valid_characters="" all_valid="true" />
	</naming_options>
</design>