<?xml version="1.0" encoding="UTF-8" ?>
<metadatadoc version="2.0">
	<sub_view subview_name="Logical" id="6B2C8998-D7BB-2D4C-161C-71532F0A6E1F" generator="null" visible="true" comment="" notes="" sv_type="main_view" rep_oid="null" rep_ovid="null" is_checkedout="false" checkedout_by="">
		<alter type="created">
			<user>meyoung</user>
			<timestamp>2010-02-26 12:45:55</timestamp>
		</alter>
		<alter type="changed">
			<user>meyoung</user>
			<timestamp>2010-02-26 12:45:55</timestamp>
		</alter>
		<main_display name="Logical" objectid="6B2C8998-D7BB-2D4C-161C-71532F0A6E1F" notation="1" show_all_details="true" show_names_only="false" show_elements="false" show_datatype="false" show_keys="false" auto_route="true" box_in_box="false" comment="" notes="">
			<objectid role="represents" type="Entity" oid="42609A83-DE8F-76DC-B09E-A412EB183E57" viewid="50C14E4D-4377-BAC6-6A5A-5B4DAE0A0990" tv_generator_id="null" viewnumber="0">
				<graphical>
					<parameter name="background_color" value="NULL" />
					<parameter name="foreground_color" value="NULL" />
					<parameter name="h" value="85.0" />
					<parameter name="use_default_color" value="true" />
					<parameter name="w" value="286.0" />
					<parameter name="x" value="21.0" />
					<parameter name="y" value="637.0" />
				</graphical>
			</objectid>
			<objectid role="represents" type="Entity" oid="19227E8F-11D0-D4E9-75CD-9280AA0981EA" viewid="C7363126-8228-F27B-587B-04509D6C6332" tv_generator_id="null" viewnumber="0">
				<graphical>
					<parameter name="background_color" value="NULL" />
					<parameter name="foreground_color" value="NULL" />
					<parameter name="h" value="113.0" />
					<parameter name="use_default_color" value="true" />
					<parameter name="w" value="286.0" />
					<parameter name="x" value="20.0" />
					<parameter name="y" value="235.0" />
				</graphical>
			</objectid>
			<objectid role="represents" type="Entity" oid="1D0F8230-1BB8-E819-EEE1-6335B5DD62B0" viewid="81ABAA1A-EA34-3E14-9417-050A941BECAA" tv_generator_id="null" viewnumber="0">
				<graphical>
					<parameter name="background_color" value="NULL" />
					<parameter name="foreground_color" value="NULL" />
					<parameter name="h" value="267.0" />
					<parameter name="use_default_color" value="true" />
					<parameter name="w" value="286.0" />
					<parameter name="x" value="387.0" />
					<parameter name="y" value="235.0" />
				</graphical>
			</objectid>
			<objectid role="represents" type="Entity" oid="3059C3EE-8410-6652-DDF4-979F67586B72" viewid="E9952731-8EB3-B773-28AB-9DC38236FBFA" tv_generator_id="null" viewnumber="0">
				<graphical>
					<parameter name="background_color" value="NULL" />
					<parameter name="foreground_color" value="NULL" />
					<parameter name="h" value="99.0" />
					<parameter name="use_default_color" value="true" />
					<parameter name="w" value="286.0" />
					<parameter name="x" value="386.0" />
					<parameter name="y" value="20.0" />
				</graphical>
			</objectid>
			<objectid role="represents" type="Entity" oid="881728C0-3BAB-A24C-D7E3-0434E2A125D8" viewid="DA07B3D8-B846-9A98-5FA0-7890079E2DD2" tv_generator_id="null" viewnumber="0">
				<graphical>
					<parameter name="background_color" value="NULL" />
					<parameter name="foreground_color" value="NULL" />
					<parameter name="h" value="155.0" />
					<parameter name="use_default_color" value="true" />
					<parameter name="w" value="286.0" />
					<parameter name="x" value="20.0" />
					<parameter name="y" value="20.0" />
				</graphical>
			</objectid>
			<objectid role="represents" type="Entity" oid="FA174A55-2EE7-96E3-3951-0D4943829844" viewid="12EA05F7-E324-9FB4-7F9A-292DF365D8BD" tv_generator_id="null" viewnumber="0">
				<graphical>
					<parameter name="background_color" value="NULL" />
					<parameter name="foreground_color" value="NULL" />
					<parameter name="h" value="169.0" />
					<parameter name="use_default_color" value="true" />
					<parameter name="w" value="286.0" />
					<parameter name="x" value="21.0" />
					<parameter name="y" value="408.0" />
				</graphical>
			</objectid>
			<objectid role="represents" type="Entity" oid="1F9FF45E-FF2C-3D67-1215-3AD781B14823" viewid="CF2B6AA9-1B0E-1CC4-32B9-751E93604E1A" tv_generator_id="null" viewnumber="0">
				<graphical>
					<parameter name="background_color" value="NULL" />
					<parameter name="foreground_color" value="NULL" />
					<parameter name="h" value="71.0" />
					<parameter name="use_default_color" value="true" />
					<parameter name="w" value="286.0" />
					<parameter name="x" value="21.0" />
					<parameter name="y" value="782.0" />
				</graphical>
			</objectid>
			<objectid role="represents" type="EntityView" oid="C4B44F28-34CA-A000-4160-7C8E340D41CE" viewid="16A9E771-C9B3-CA3B-765C-0B7FC89D7349" tv_generator_id="null" viewnumber="0">
				<graphical>
					<parameter name="background_color" value="NULL" />
					<parameter name="foreground_color" value="NULL" />
					<parameter name="h" value="249.0" />
					<parameter name="use_default_color" value="true" />
					<parameter name="w" value="231.0" />
					<parameter name="x" value="20.0" />
					<parameter name="y" value="1033.0" />
				</graphical>
			</objectid>
			<objectid role="represents" type="Entity" oid="6EBAD4FD-6E16-8449-D539-CC1E8591E809" viewid="D57BDF0D-D355-D22A-F832-F2D160B82E8E" tv_generator_id="null" viewnumber="0">
				<graphical>
					<parameter name="background_color" value="NULL" />
					<parameter name="foreground_color" value="NULL" />
					<parameter name="h" value="110.0" />
					<parameter name="use_default_color" value="true" />
					<parameter name="w" value="170.0" />
					<parameter name="x" value="466.0" />
					<parameter name="y" value="607.0" />
				</graphical>
			</objectid>
			<objectid role="represents" type="Relation" oid="BCE1D4F0-D6F6-6977-4F12-9BF2BE5FD168" source="1F9FF45E-FF2C-3D67-1215-3AD781B14823" target="42609A83-DE8F-76DC-B09E-A412EB183E57" viewid_source="CF2B6AA9-1B0E-1CC4-32B9-751E93604E1A" viewid_target="50C14E4D-4377-BAC6-6A5A-5B4DAE0A0990">
				<points>
					<point x_coordinate="164.0" y_coordinate="782.0" />
					<point x_coordinate="164.0" y_coordinate="745.0" />
					<point x_coordinate="164.0" y_coordinate="745.0" />
					<point x_coordinate="164.0" y_coordinate="637.0" />
				</points>
				<labels>
					<source x_coordinate="-1.0" y_coordinate="-1.0" width="-1.0" height="-1.0" />
					<target x_coordinate="-1.0" y_coordinate="-1.0" width="-1.0" height="-1.0" />
					<main_label x_coordinate="-1.0" y_coordinate="-1.0" width="-1.0" height="-1.0" />
				</labels>
				<graphical>
					<parameter name="use_default_color" value="true" />
				</graphical>
			</objectid>
			<objectid role="represents" type="Relation" oid="4CD0D5A8-A9AB-11D2-A96A-0B44B928CAD4" source="FA174A55-2EE7-96E3-3951-0D4943829844" target="19227E8F-11D0-D4E9-75CD-9280AA0981EA" viewid_source="12EA05F7-E324-9FB4-7F9A-292DF365D8BD" viewid_target="C7363126-8228-F27B-587B-04509D6C6332">
				<points>
					<point x_coordinate="164.0" y_coordinate="408.0" />
					<point x_coordinate="171.0" y_coordinate="399.0" />
					<point x_coordinate="170.0" y_coordinate="399.0" />
					<point x_coordinate="163.0" y_coordinate="235.0" />
				</points>
				<labels>
					<source x_coordinate="-1.0" y_coordinate="-1.0" width="-1.0" height="-1.0" />
					<target x_coordinate="-1.0" y_coordinate="-1.0" width="-1.0" height="-1.0" />
					<main_label x_coordinate="-1.0" y_coordinate="-1.0" width="-1.0" height="-1.0" />
				</labels>
				<graphical>
					<parameter name="use_default_color" value="true" />
				</graphical>
			</objectid>
			<objectid role="represents" type="Relation" oid="AB784484-AAE8-5526-9DF5-3D1A6F23CBAA" source="1D0F8230-1BB8-E819-EEE1-6335B5DD62B0" target="19227E8F-11D0-D4E9-75CD-9280AA0981EA" viewid_source="81ABAA1A-EA34-3E14-9417-050A941BECAA" viewid_target="C7363126-8228-F27B-587B-04509D6C6332">
				<points>
					<point x_coordinate="530.0" y_coordinate="235.0" />
					<point x_coordinate="339.5" y_coordinate="375.5" />
					<point x_coordinate="339.5" y_coordinate="298.5" />
					<point x_coordinate="163.0" y_coordinate="235.0" />
				</points>
				<labels>
					<source x_coordinate="-1.0" y_coordinate="-1.0" width="-1.0" height="-1.0" />
					<target x_coordinate="-1.0" y_coordinate="-1.0" width="-1.0" height="-1.0" />
					<main_label x_coordinate="-1.0" y_coordinate="-1.0" width="-1.0" height="-1.0" />
				</labels>
				<graphical>
					<parameter name="use_default_color" value="true" />
				</graphical>
			</objectid>
			<objectid role="represents" type="Relation" oid="90B34582-A19F-ABEF-6F6C-8E027BA56946" source="19227E8F-11D0-D4E9-75CD-9280AA0981EA" target="1D0F8230-1BB8-E819-EEE1-6335B5DD62B0" viewid_source="C7363126-8228-F27B-587B-04509D6C6332" viewid_target="81ABAA1A-EA34-3E14-9417-050A941BECAA">
				<points>
					<point x_coordinate="163.0" y_coordinate="235.0" />
					<point x_coordinate="367.5" y_coordinate="270.5" />
					<point x_coordinate="367.5" y_coordinate="347.5" />
					<point x_coordinate="530.0" y_coordinate="235.0" />
				</points>
				<labels>
					<source x_coordinate="-1.0" y_coordinate="-1.0" width="-1.0" height="-1.0" />
					<target x_coordinate="-1.0" y_coordinate="-1.0" width="-1.0" height="-1.0" />
					<main_label x_coordinate="-1.0" y_coordinate="-1.0" width="-1.0" height="-1.0" />
				</labels>
				<graphical>
					<parameter name="use_default_color" value="true" />
				</graphical>
			</objectid>
			<objectid role="represents" type="Relation" oid="9CA184BD-938E-B87F-B1A2-C41A057FF88D" source="3059C3EE-8410-6652-DDF4-979F67586B72" target="1D0F8230-1BB8-E819-EEE1-6335B5DD62B0" viewid_source="E9952731-8EB3-B773-28AB-9DC38236FBFA" viewid_target="81ABAA1A-EA34-3E14-9417-050A941BECAA">
				<points>
					<point x_coordinate="529.0" y_coordinate="20.0" />
					<point x_coordinate="536.0" y_coordinate="170.0" />
					<point x_coordinate="537.0" y_coordinate="170.0" />
					<point x_coordinate="530.0" y_coordinate="235.0" />
				</points>
				<labels>
					<source x_coordinate="-1.0" y_coordinate="-1.0" width="-1.0" height="-1.0" />
					<target x_coordinate="-1.0" y_coordinate="-1.0" width="-1.0" height="-1.0" />
					<main_label x_coordinate="-1.0" y_coordinate="-1.0" width="-1.0" height="-1.0" />
				</labels>
				<graphical>
					<parameter name="use_default_color" value="true" />
				</graphical>
			</objectid>
			<objectid role="represents" type="Relation" oid="1E477CAD-12D4-CA47-CDBD-2D0575836092" source="1D0F8230-1BB8-E819-EEE1-6335B5DD62B0" target="1D0F8230-1BB8-E819-EEE1-6335B5DD62B0" viewid_source="81ABAA1A-EA34-3E14-9417-050A941BECAA" viewid_target="81ABAA1A-EA34-3E14-9417-050A941BECAA">
				<points>
					<point x_coordinate="530.0" y_coordinate="235.0" />
					<point x_coordinate="688.0" y_coordinate="368.5" />
					<point x_coordinate="688.0" y_coordinate="517.0" />
					<point x_coordinate="530.0" y_coordinate="517.0" />
					<point x_coordinate="530.0" y_coordinate="235.0" />
				</points>
				<labels>
					<source x_coordinate="-1.0" y_coordinate="-1.0" width="-1.0" height="-1.0" />
					<target x_coordinate="-1.0" y_coordinate="-1.0" width="-1.0" height="-1.0" />
					<main_label x_coordinate="-1.0" y_coordinate="-1.0" width="-1.0" height="-1.0" />
				</labels>
				<graphical>
					<parameter name="use_default_color" value="true" />
				</graphical>
			</objectid>
			<objectid role="represents" type="Relation" oid="A6E3D888-B663-0A88-16B3-922C914BBF7F" source="19227E8F-11D0-D4E9-75CD-9280AA0981EA" target="881728C0-3BAB-A24C-D7E3-0434E2A125D8" viewid_source="C7363126-8228-F27B-587B-04509D6C6332" viewid_target="DA07B3D8-B846-9A98-5FA0-7890079E2DD2">
				<points>
					<point x_coordinate="163.0" y_coordinate="235.0" />
					<point x_coordinate="170.0" y_coordinate="177.0" />
					<point x_coordinate="170.0" y_coordinate="177.0" />
					<point x_coordinate="163.0" y_coordinate="20.0" />
				</points>
				<labels>
					<source x_coordinate="-1.0" y_coordinate="-1.0" width="-1.0" height="-1.0" />
					<target x_coordinate="-1.0" y_coordinate="-1.0" width="-1.0" height="-1.0" />
					<main_label x_coordinate="-1.0" y_coordinate="-1.0" width="-1.0" height="-1.0" />
				</labels>
				<graphical>
					<parameter name="use_default_color" value="true" />
				</graphical>
			</objectid>
			<objectid role="represents" type="Relation" oid="64E7017A-9459-608E-B2E4-4AB52C1D6C1A" source="1D0F8230-1BB8-E819-EEE1-6335B5DD62B0" target="881728C0-3BAB-A24C-D7E3-0434E2A125D8" viewid_source="81ABAA1A-EA34-3E14-9417-050A941BECAA" viewid_target="DA07B3D8-B846-9A98-5FA0-7890079E2DD2">
				<points>
					<point x_coordinate="530.0" y_coordinate="235.0" />
					<point x_coordinate="353.5" y_coordinate="361.5" />
					<point x_coordinate="353.5" y_coordinate="90.5" />
					<point x_coordinate="163.0" y_coordinate="20.0" />
				</points>
				<labels>
					<source x_coordinate="-1.0" y_coordinate="-1.0" width="-1.0" height="-1.0" />
					<target x_coordinate="-1.0" y_coordinate="-1.0" width="-1.0" height="-1.0" />
					<main_label x_coordinate="-1.0" y_coordinate="-1.0" width="-1.0" height="-1.0" />
				</labels>
				<graphical>
					<parameter name="use_default_color" value="true" />
				</graphical>
			</objectid>
			<objectid role="represents" type="Relation" oid="D424CA61-88AD-E278-0EE7-6B63632BB8B9" source="3059C3EE-8410-6652-DDF4-979F67586B72" target="881728C0-3BAB-A24C-D7E3-0434E2A125D8" viewid_source="E9952731-8EB3-B773-28AB-9DC38236FBFA" viewid_target="DA07B3D8-B846-9A98-5FA0-7890079E2DD2">
				<points>
					<point x_coordinate="529.0" y_coordinate="20.0" />
					<point x_coordinate="325.0" y_coordinate="90.5" />
					<point x_coordinate="325.0" y_coordinate="118.5" />
					<point x_coordinate="163.0" y_coordinate="20.0" />
				</points>
				<labels>
					<source x_coordinate="-1.0" y_coordinate="-1.0" width="-1.0" height="-1.0" />
					<target x_coordinate="-1.0" y_coordinate="-1.0" width="-1.0" height="-1.0" />
					<main_label x_coordinate="-1.0" y_coordinate="-1.0" width="-1.0" height="-1.0" />
				</labels>
				<graphical>
					<parameter name="use_default_color" value="true" />
				</graphical>
			</objectid>
			<objectid role="represents" type="Relation" oid="D32B758E-2B6B-58E1-D2AB-2227CA81DF68" source="42609A83-DE8F-76DC-B09E-A412EB183E57" target="FA174A55-2EE7-96E3-3951-0D4943829844" viewid_source="50C14E4D-4377-BAC6-6A5A-5B4DAE0A0990" viewid_target="12EA05F7-E324-9FB4-7F9A-292DF365D8BD">
				<points>
					<point x_coordinate="164.0" y_coordinate="637.0" />
					<point x_coordinate="164.0" y_coordinate="565.0" />
					<point x_coordinate="164.0" y_coordinate="565.0" />
					<point x_coordinate="164.0" y_coordinate="408.0" />
				</points>
				<labels>
					<source x_coordinate="-1.0" y_coordinate="-1.0" width="-1.0" height="-1.0" />
					<target x_coordinate="-1.0" y_coordinate="-1.0" width="-1.0" height="-1.0" />
					<main_label x_coordinate="-1.0" y_coordinate="-1.0" width="-1.0" height="-1.0" />
				</labels>
				<graphical>
					<parameter name="use_default_color" value="true" />
				</graphical>
			</objectid>
			<objectid role="represents" type="Relation" oid="0D81F800-46AE-A70D-75E7-F8A10E882645" source="1D0F8230-1BB8-E819-EEE1-6335B5DD62B0" target="6EBAD4FD-6E16-8449-D539-CC1E8591E809" viewid_source="81ABAA1A-EA34-3E14-9417-050A941BECAA" viewid_target="D57BDF0D-D355-D22A-F832-F2D160B82E8E">
				<points>
					<point x_coordinate="530.0" y_coordinate="235.0" />
					<point x_coordinate="551.0" y_coordinate="533.5" />
					<point x_coordinate="572.0" y_coordinate="533.5" />
					<point x_coordinate="551.0" y_coordinate="607.0" />
				</points>
				<labels>
					<source x_coordinate="-1.0" y_coordinate="-1.0" width="-1.0" height="-1.0" />
					<target x_coordinate="-1.0" y_coordinate="-1.0" width="-1.0" height="-1.0" />
					<main_label x_coordinate="-1.0" y_coordinate="-1.0" width="-1.0" height="-1.0" />
				</labels>
				<graphical>
					<parameter name="use_default_color" value="true" />
				</graphical>
			</objectid>
			<alter type="created">
				<user>meyoung</user>
				<timestamp>2010-02-25 08:59:27</timestamp>
			</alter>
			<alter type="changed">
				<user>meyoung</user>
				<timestamp>2010-02-26 12:45:55</timestamp>
			</alter>
		</main_display>
		<subordinate_displays />
	</sub_view>
</metadatadoc>