<?xml version="1.0" encoding="UTF-8" ?>
<metadatadoc version="2.0">
	<object type="FKArc" id="826F8060-5F3A-A6E0-46C8-4BA8414EB1B9" rep_oid="null" rep_ovid="null" is_checkedout="false" checkedout_by="" visible_in_main_view="true" table="20EFE58C-E998-7676-D099-A78F90DF8595" mandatory="false" use_default_color="true" background_color="null" foreground_color="null">
		<name>FKArc_2</name>
		<comment></comment>
		<notes></notes>
		<alter type="created">
			<user>meyoung</user>
			<timestamp>2010-02-25 11:23:24</timestamp>
		</alter>
		<alter type="changed">
			<user>meyoung</user>
			<timestamp>2010-02-25 11:23:24</timestamp>
		</alter>
		<properties>
			<parameter name="design.owner" value="demo15-2a" />
			<parameter name="object.existsinrepository" value="true" />
		</properties>
		<fkeys>
			<parameter name="fkey_1" value="931BCC0F-7402-DDDA-9803-0B08D83CF51F" />
			<parameter name="fkey_2" value="A000F11F-848C-DB5A-0A07-6E6B2755BCFC" />
			<parameter name="fkey_3" value="E05793B9-D67C-0197-CC56-5A4922431B8C" />
		</fkeys>
		<engineering should="true" />
		<des_obj_version version="1.0" />
		<documents />
		<parties />
		<changerequests />
		<measurements />
		<contained />
	</object>
</metadatadoc>