<?xml version="1.0" encoding="UTF-8" ?>
<metadatadoc version="2.0">
	<sub_view subview_name="" id="F42B5A64-38C1-0A02-FD1D-E6D10AC7534E" generator="null" visible="false" comment="" notes="" sv_type="main_view" rep_oid="null" rep_ovid="null" is_checkedout="false" checkedout_by="">
		<alter type="created">
			<user>meyoung</user>
			<timestamp>2010-02-22 11:19:20</timestamp>
		</alter>
		<alter type="changed">
			<user>meyoung</user>
			<timestamp>2010-02-22 11:19:20</timestamp>
		</alter>
		<main_display name="" objectid="F42B5A64-38C1-0A02-FD1D-E6D10AC7534E" notation="1" show_all_details="true" show_names_only="false" show_elements="false" show_datatype="false" show_keys="false" auto_route="true" box_in_box="false" comment="" notes="">
			<objectid role="represents" type="StructuredType" oid="47E390DE-0671-C4B1-8428-0F45CBEE18F8" viewid="7371C1DA-42E0-6072-EAB2-EE34C94EB4A2" tv_generator_id="null" viewnumber="0">
				<graphical>
					<parameter name="background_color" value="-7537956" />
					<parameter name="foreground_color" value="-16777216" />
					<parameter name="h" value="100.0" />
					<parameter name="use_default_color" value="false" />
					<parameter name="w" value="100.0" />
					<parameter name="x" value="20.0" />
					<parameter name="y" value="20.0" />
				</graphical>
			</objectid>
			<alter type="created">
				<user>meyoung</user>
				<timestamp>2010-02-22 13:04:49</timestamp>
			</alter>
			<alter type="changed">
				<user>meyoung</user>
				<timestamp>2010-02-22 14:16:37</timestamp>
			</alter>
		</main_display>
		<subordinate_displays />
	</sub_view>
</metadatadoc>