<?xml version="1.0" encoding="UTF-8" ?>
<metadatadoc version="2.0">
	<object type="User" id="FF596676-D2E7-C094-7D7F-642433B92555">
		<name>DMUSER</name>
		<comment></comment>
		<notes></notes>
		<alter type="created">
			<user>meyoung</user>
			<timestamp>2010-02-25 14:16:52</timestamp>
		</alter>
		<alter type="changed">
			<user>meyoung</user>
			<timestamp>2010-02-25 14:17:00</timestamp>
		</alter>
		<properties>
			<parameter name="object.property.auto.AccountLock" value="NO" />
			<parameter name="object.property.auto.AdminOption" value="NO" />
			<parameter name="object.property.auto.AuthType" value="BY_PASSWORD" />
			<parameter name="object.property.auto.DefTableSpace" value="6A260092-03B2-49F7-0031-288A951FB842" />
			<parameter name="object.property.auto.ExternalName" value="" />
			<parameter name="object.property.auto.GeneratedInRDBMS" value="false" />
			<parameter name="object.property.auto.IdentifiedByPassword" value="" />
			<parameter name="object.property.auto.Identifier" value="0588EC9F969B8C5040B3FD7FF255C52911" />
			<parameter name="object.property.auto.LongName" value="DMUSER" />
			<parameter name="object.property.auto.MarkedGenerate" value="true" />
			<parameter name="object.property.auto.Name" value="DMUSER" />
			<parameter name="object.property.auto.NameHasQuotes" value="false" />
			<parameter name="object.property.auto.PasswordExpire" value="NO" />
			<parameter name="object.property.auto.Privileges" value="" />
			<parameter name="object.property.auto.PrivilegesWithAdminOption" value="" />
			<parameter name="object.property.auto.Profile" value="" />
			<parameter name="object.property.auto.RawObject" value="false" />
			<parameter name="object.property.auto.Roles" value="" />
			<parameter name="object.property.auto.RolesWithAdminOption" value="" />
			<parameter name="object.property.auto.TempTSGroupName" value="" />
			<parameter name="object.property.auto.TempTableSpace" value="NO_OBJECT" />
			<parameter name="design.owner" value="demo19-1a" />
			<parameter name="object.existsinrepository" value="true" />
		</properties>
	</object>
</metadatadoc>