<?xml version="1.0" encoding="UTF-8" ?>
<metadatadoc version="2.0">
	<sub_view subview_name="Relational_1" id="944B58E6-83D7-FE3D-52F3-93D37FFE12F3" generator="null" visible="true" comment="" notes="" sv_type="main_view" rep_oid="null" rep_ovid="null" is_checkedout="false" checkedout_by="">
		<alter type="created">
			<user>meyoung</user>
			<timestamp>2010-02-23 16:59:47</timestamp>
		</alter>
		<alter type="changed">
			<user>meyoung</user>
			<timestamp>2010-02-23 16:59:47</timestamp>
		</alter>
		<main_display name="Relational_1" objectid="944B58E6-83D7-FE3D-52F3-93D37FFE12F3" notation="1" show_all_details="true" show_names_only="false" show_elements="false" show_datatype="false" show_keys="false" auto_route="true" box_in_box="false" comment="" notes="">
			<objectid role="represents" type="Table" oid="6EBA2617-B3E0-DF0B-D8CF-EA69A368FA1A" viewid="D606E549-151A-590B-01D6-1855DA6BF04E" tv_generator_id="null" viewnumber="0">
				<graphical>
					<parameter name="background_color" value="NULL" />
					<parameter name="foreground_color" value="NULL" />
					<parameter name="h" value="110.0" />
					<parameter name="use_default_color" value="true" />
					<parameter name="w" value="170.0" />
					<parameter name="x" value="54.0" />
					<parameter name="y" value="198.0" />
				</graphical>
			</objectid>
			<objectid role="represents" type="Table" oid="2CFA16A9-6179-37AF-1EBE-1EB2E5D0C2A0" viewid="54214D89-20ED-8B62-83F4-029D0C73BD72" tv_generator_id="null" viewnumber="0">
				<graphical>
					<parameter name="background_color" value="NULL" />
					<parameter name="foreground_color" value="NULL" />
					<parameter name="h" value="199.0" />
					<parameter name="use_default_color" value="true" />
					<parameter name="w" value="235.0" />
					<parameter name="x" value="356.0" />
					<parameter name="y" value="202.0" />
				</graphical>
			</objectid>
			<objectid role="represents" type="FKIndexAssociation" oid="2275173E-D7DF-7F4A-8977-1687248C5B67" source="6EBA2617-B3E0-DF0B-D8CF-EA69A368FA1A" target="2CFA16A9-6179-37AF-1EBE-1EB2E5D0C2A0" viewid_source="D606E549-151A-590B-01D6-1855DA6BF04E" viewid_target="54214D89-20ED-8B62-83F4-029D0C73BD72">
				<points>
					<point x_coordinate="139.0" y_coordinate="198.0" />
					<point x_coordinate="290.0" y_coordinate="253.0" />
					<point x_coordinate="290.0" y_coordinate="301.5" />
					<point x_coordinate="453.5" y_coordinate="202.0" />
				</points>
				<labels>
					<source x_coordinate="-1.0" y_coordinate="-1.0" width="-1.0" height="-1.0" />
					<target x_coordinate="-1.0" y_coordinate="-1.0" width="-1.0" height="-1.0" />
					<main_label x_coordinate="-1.0" y_coordinate="-1.0" width="-1.0" height="-1.0" />
				</labels>
				<graphical>
					<parameter name="use_default_color" value="true" />
				</graphical>
			</objectid>
			<alter type="created">
				<user>meyoung</user>
				<timestamp>2010-02-25 12:52:52</timestamp>
			</alter>
			<alter type="changed">
				<user>meyoung</user>
				<timestamp>2010-02-25 12:52:52</timestamp>
			</alter>
		</main_display>
		<subordinate_displays />
	</sub_view>
</metadatadoc>