<?xml version="1.0" encoding="UTF-8" ?>
<metadatadoc version="2.0">
	<object type="Relation" id="1CB3BE1E-005C-610C-3CF0-EDAF388A0C2C" rep_oid="null" rep_ovid="null" is_checkedout="false" checkedout_by="" visible_in_main_view="true" use_default_color="false" background_color="-16777216" foreground_color="null">
		<name>Relation_1</name>
		<comment></comment>
		<notes></notes>
		<alter type="created">
			<user>meyoung</user>
			<timestamp>2010-02-25 10:14:40</timestamp>
		</alter>
		<alter type="changed">
			<user>meyoung</user>
			<timestamp>2010-02-25 10:15:20</timestamp>
		</alter>
		<properties>
			<parameter name="design.owner" value="demo16-1a" />
			<parameter name="object.existsinrepository" value="true" />
			<parameter name="object.property.relation.connection.src.name" value="contains" />
			<parameter name="object.property.relation.connection.tgt.name" value="assigned to" />
			<parameter name="property.comment.rdbms" value="" />
		</properties>
		<connection endpoint="source" card="1" entity="E5B170E7-D3F3-DE56-4B0A-FB129EEA90C0" allownull="true" />
		<connection endpoint="target" card="*" entity="65117BA7-C4E2-FEF3-E391-E1C612C9BCF3" allownull="false" />
		<dominant_role>null</dominant_role>
		<identifying>false</identifying>
		<engineering>
			<relational_design id="CA0A5102-8613-A844-1FAA-2D7357BCA011" should="true" />
		</engineering>
		<des_obj_version version="1.0" />
		<documents />
		<parties />
		<changerequests />
		<measurements />
	</object>
</metadatadoc>