<?xml version="1.0" encoding="UTF-8" ?>
<metadatadoc version="2.0">
	<sub_view subview_name="Logical - SubView_1" id="52EF057B-AB57-D08D-3B84-11D62B205A3D" generator="null" visible="true" comment="" notes="" sv_type="sub_view" rep_oid="null" rep_ovid="null" is_checkedout="false" checkedout_by="">
		<alter type="created">
			<user>meyoung</user>
			<timestamp>2010-02-22 14:15:36</timestamp>
		</alter>
		<alter type="changed">
			<user>meyoung</user>
			<timestamp>2010-02-22 14:15:36</timestamp>
		</alter>
		<main_display name="Logical - SubView_1" objectid="52EF057B-AB57-D08D-3B84-11D62B205A3D" notation="1" show_all_details="true" show_names_only="false" show_elements="false" show_datatype="false" show_keys="false" auto_route="false" box_in_box="false" comment="" notes="">
			<objectid role="represents" type="Entity" oid="6872B822-EC3C-B415-5B5E-65FCB372DDE5" viewid="3A8192A0-A625-A6FE-7B1A-A52B0C53D778" tv_generator_id="null" viewnumber="0">
				<graphical>
					<parameter name="background_color" value="-3381760" />
					<parameter name="foreground_color" value="-16776961" />
					<parameter name="h" value="80.0" />
					<parameter name="use_default_color" value="false" />
					<parameter name="w" value="137.0" />
					<parameter name="x" value="174.0" />
					<parameter name="y" value="100.0" />
				</graphical>
			</objectid>
			<objectid role="represents" type="Entity" oid="859E01B1-EEF7-8FB3-451E-71CED0E6FFF4" viewid="21168ED7-F5E9-8F77-EE9F-04632CB7A958" tv_generator_id="null" viewnumber="0">
				<graphical>
					<parameter name="background_color" value="-5971457" />
					<parameter name="foreground_color" value="-16776961" />
					<parameter name="h" value="100.0" />
					<parameter name="use_default_color" value="false" />
					<parameter name="w" value="154.0" />
					<parameter name="x" value="177.0" />
					<parameter name="y" value="241.0" />
				</graphical>
			</objectid>
			<objectid role="represents" type="Relation" oid="20BBE38A-32D9-AF78-6F6C-960AF5C58B07" source="6872B822-EC3C-B415-5B5E-65FCB372DDE5" target="859E01B1-EEF7-8FB3-451E-71CED0E6FFF4" viewid_source="3A8192A0-A625-A6FE-7B1A-A52B0C53D778" viewid_target="21168ED7-F5E9-8F77-EE9F-04632CB7A958">
				<points>
					<point x_coordinate="234.0" y_coordinate="180.0" />
					<point x_coordinate="234.0" y_coordinate="241.0" />
				</points>
				<labels>
					<source x_coordinate="189.0" y_coordinate="180.0" width="37.0" height="20.0" use_default_color="false" background_color="-1" foreground_color="-16777216">
						<fonts>
							<font_object>
								<parameter name="fo_type" value="Text" />
								<parameter name="font_color" value="-16777216" />
								<parameter name="font_name" value="Dialog" />
								<parameter name="font_size" value="10" />
								<parameter name="font_style" value="0" />
							</font_object>
						</fonts>
					</source>
					<target x_coordinate="243.0" y_coordinate="221.0" width="72.0" height="20.0" use_default_color="false" background_color="-1" foreground_color="-16777216">
						<fonts>
							<font_object>
								<parameter name="fo_type" value="Text" />
								<parameter name="font_color" value="-16777216" />
								<parameter name="font_name" value="Dialog" />
								<parameter name="font_size" value="10" />
								<parameter name="font_style" value="0" />
							</font_object>
						</fonts>
					</target>
					<main_label x_coordinate="-1.0" y_coordinate="-1.0" width="-1.0" height="-1.0" />
				</labels>
				<graphical>
					<parameter name="use_default_color" value="false" />
					<parameter name="color" value="-16777216" />
					<parameter name="width" value="1" />
				</graphical>
			</objectid>
			<alter type="created">
				<user>meyoung</user>
				<timestamp>2010-02-22 13:04:48</timestamp>
			</alter>
			<alter type="changed">
				<user>meyoung</user>
				<timestamp>2010-02-22 14:16:37</timestamp>
			</alter>
		</main_display>
		<subordinate_displays>
			<subordinate_display name="Display_1" objectid="8EC8D54C-8207-2C84-768C-4E92122C8525" notation="1" show_all_details="false" show_names_only="true" show_elements="false" show_datatype="false" show_keys="false" auto_route="false" box_in_box="false" comment="" notes="">
				<objectid role="represents" type="Entity" oid="6872B822-EC3C-B415-5B5E-65FCB372DDE5" viewid="317EE15B-88BF-F331-A3B8-A1953FF4A810" tv_generator_id="null" viewnumber="0">
					<graphical>
						<parameter name="background_color" value="-3381760" />
						<parameter name="foreground_color" value="-16776961" />
						<parameter name="h" value="80.0" />
						<parameter name="use_default_color" value="false" />
						<parameter name="w" value="137.0" />
						<parameter name="x" value="174.0" />
						<parameter name="y" value="100.0" />
					</graphical>
				</objectid>
				<objectid role="represents" type="Entity" oid="859E01B1-EEF7-8FB3-451E-71CED0E6FFF4" viewid="EFBEEFA2-7E53-571A-E0B4-EAB3B008410F" tv_generator_id="null" viewnumber="0">
					<graphical>
						<parameter name="background_color" value="-5971457" />
						<parameter name="foreground_color" value="-16776961" />
						<parameter name="h" value="100.0" />
						<parameter name="use_default_color" value="false" />
						<parameter name="w" value="154.0" />
						<parameter name="x" value="177.0" />
						<parameter name="y" value="241.0" />
					</graphical>
				</objectid>
				<objectid role="represents" type="Relation" oid="20BBE38A-32D9-AF78-6F6C-960AF5C58B07" source="6872B822-EC3C-B415-5B5E-65FCB372DDE5" target="859E01B1-EEF7-8FB3-451E-71CED0E6FFF4" viewid_source="317EE15B-88BF-F331-A3B8-A1953FF4A810" viewid_target="EFBEEFA2-7E53-571A-E0B4-EAB3B008410F">
					<points>
						<point x_coordinate="244.0" y_coordinate="180.0" />
						<point x_coordinate="244.0" y_coordinate="241.0" />
					</points>
					<labels>
						<source x_coordinate="194.0" y_coordinate="180.0" width="37.0" height="20.0" use_default_color="false" background_color="-1" foreground_color="-16777216">
							<fonts>
								<font_object>
									<parameter name="fo_type" value="Text" />
									<parameter name="font_color" value="-16777216" />
									<parameter name="font_name" value="Dialog" />
									<parameter name="font_size" value="10" />
									<parameter name="font_style" value="0" />
								</font_object>
							</fonts>
						</source>
						<target x_coordinate="262.0" y_coordinate="221.0" width="72.0" height="20.0" use_default_color="false" background_color="-1" foreground_color="-16777216">
							<fonts>
								<font_object>
									<parameter name="fo_type" value="Text" />
									<parameter name="font_color" value="-16777216" />
									<parameter name="font_name" value="Dialog" />
									<parameter name="font_size" value="10" />
									<parameter name="font_style" value="0" />
								</font_object>
							</fonts>
						</target>
						<main_label x_coordinate="-1.0" y_coordinate="-1.0" width="-1.0" height="-1.0" />
					</labels>
					<graphical>
						<parameter name="use_default_color" value="false" />
						<parameter name="color" value="-16777216" />
						<parameter name="width" value="1" />
					</graphical>
				</objectid>
				<alter type="created">
					<user>meyoung</user>
					<timestamp>2010-02-22 14:16:51</timestamp>
				</alter>
				<alter type="changed">
					<user>meyoung</user>
					<timestamp>2010-02-22 14:16:51</timestamp>
				</alter>
			</subordinate_display>
		</subordinate_displays>
	</sub_view>
</metadatadoc>