<?xml version="1.0" encoding="UTF-8" ?>
<metadatadoc version="2.0">
	<sub_view subview_name="Logical" id="CE9C1FAB-6065-91F5-40C2-49EF4A2FF9EE" generator="null" visible="true" comment="" notes="" sv_type="main_view" rep_oid="null" rep_ovid="null" is_checkedout="false" checkedout_by="">
		<alter type="created">
			<user>meyoung</user>
			<timestamp>2010-02-22 11:19:20</timestamp>
		</alter>
		<alter type="changed">
			<user>meyoung</user>
			<timestamp>2010-02-22 14:15:36</timestamp>
		</alter>
		<main_display name="Logical" objectid="CE9C1FAB-6065-91F5-40C2-49EF4A2FF9EE" notation="1" show_all_details="false" show_names_only="true" show_elements="false" show_datatype="false" show_keys="false" auto_route="false" box_in_box="false" comment="" notes="">
			<objectid role="represents" type="Entity" oid="6872B822-EC3C-B415-5B5E-65FCB372DDE5" viewid="752C0F87-4C54-F1AA-89A2-58456C780F33" tv_generator_id="null" viewnumber="0">
				<graphical>
					<parameter name="background_color" value="-3381760" />
					<parameter name="foreground_color" value="-16776961" />
					<parameter name="h" value="57.0" />
					<parameter name="use_default_color" value="false" />
					<parameter name="w" value="117.0" />
					<parameter name="x" value="174.0" />
					<parameter name="y" value="123.0" />
				</graphical>
			</objectid>
			<objectid role="represents" type="Entity" oid="859E01B1-EEF7-8FB3-451E-71CED0E6FFF4" viewid="551BC25C-42AE-82E3-594E-10A970BD7FC8" tv_generator_id="null" viewnumber="0">
				<graphical>
					<parameter name="background_color" value="-5971457" />
					<parameter name="foreground_color" value="-16776961" />
					<parameter name="h" value="57.0" />
					<parameter name="use_default_color" value="false" />
					<parameter name="w" value="117.0" />
					<parameter name="x" value="177.0" />
					<parameter name="y" value="241.0" />
				</graphical>
			</objectid>
			<objectid role="represents" type="Entity" oid="0B861A88-5C7A-63AB-0D11-2974D0B61415" viewid="D48A76DD-B5B9-0BB9-82D8-AE7835F81B1D" tv_generator_id="null" viewnumber="0">
				<graphical>
					<parameter name="background_color" value="-5971457" />
					<parameter name="foreground_color" value="-16776961" />
					<parameter name="h" value="57.0" />
					<parameter name="use_default_color" value="false" />
					<parameter name="w" value="117.0" />
					<parameter name="x" value="423.0" />
					<parameter name="y" value="241.0" />
				</graphical>
			</objectid>
			<objectid role="represents" type="Entity" oid="1B3D0169-B27A-7689-3253-703A7BEAAB7A" viewid="62110A7A-47D2-2947-0C88-0CE14D04251E" tv_generator_id="null" viewnumber="0">
				<graphical>
					<parameter name="background_color" value="-5971457" />
					<parameter name="foreground_color" value="-16776961" />
					<parameter name="h" value="57.0" />
					<parameter name="use_default_color" value="false" />
					<parameter name="w" value="117.0" />
					<parameter name="x" value="418.0" />
					<parameter name="y" value="123.0" />
				</graphical>
			</objectid>
			<objectid role="represents" type="Relation" oid="20BBE38A-32D9-AF78-6F6C-960AF5C58B07" source="6872B822-EC3C-B415-5B5E-65FCB372DDE5" target="859E01B1-EEF7-8FB3-451E-71CED0E6FFF4" viewid_source="752C0F87-4C54-F1AA-89A2-58456C780F33" viewid_target="551BC25C-42AE-82E3-594E-10A970BD7FC8">
				<points>
					<point x_coordinate="234.0" y_coordinate="180.0" />
					<point x_coordinate="234.0" y_coordinate="241.0" />
				</points>
				<labels>
					<source x_coordinate="196.0" y_coordinate="183.0" width="37.0" height="20.0" use_default_color="false" background_color="-1" foreground_color="-16777216">
						<fonts>
							<font_object>
								<parameter name="fo_type" value="Text" />
								<parameter name="font_color" value="-16777216" />
								<parameter name="font_name" value="Dialog" />
								<parameter name="font_size" value="10" />
								<parameter name="font_style" value="0" />
							</font_object>
						</fonts>
					</source>
					<target x_coordinate="250.0" y_coordinate="211.0" width="72.0" height="20.0" use_default_color="false" background_color="-1" foreground_color="-16777216">
						<fonts>
							<font_object>
								<parameter name="fo_type" value="Text" />
								<parameter name="font_color" value="-16777216" />
								<parameter name="font_name" value="Dialog" />
								<parameter name="font_size" value="10" />
								<parameter name="font_style" value="0" />
							</font_object>
						</fonts>
					</target>
					<main_label x_coordinate="-1.0" y_coordinate="-1.0" width="-1.0" height="-1.0" />
				</labels>
				<graphical>
					<parameter name="use_default_color" value="false" />
					<parameter name="color" value="-16777216" />
					<parameter name="width" value="1" />
				</graphical>
			</objectid>
			<objectid role="represents" type="Relation" oid="029B9546-ADDC-F532-CC9C-D03599D00416" source="859E01B1-EEF7-8FB3-451E-71CED0E6FFF4" target="0B861A88-5C7A-63AB-0D11-2974D0B61415" viewid_source="551BC25C-42AE-82E3-594E-10A970BD7FC8" viewid_target="D48A76DD-B5B9-0BB9-82D8-AE7835F81B1D">
				<points>
					<point x_coordinate="294.0" y_coordinate="295.5" />
					<point x_coordinate="351.5" y_coordinate="276.5" />
					<point x_coordinate="351.5" y_coordinate="276.5" />
					<point x_coordinate="423.0" y_coordinate="296.5" />
				</points>
				<labels>
					<source x_coordinate="-1.0" y_coordinate="-1.0" width="-1.0" height="-1.0" />
					<target x_coordinate="-1.0" y_coordinate="-1.0" width="-1.0" height="-1.0" />
					<main_label x_coordinate="-1.0" y_coordinate="-1.0" width="-1.0" height="-1.0" />
				</labels>
				<graphical>
					<parameter name="use_default_color" value="false" />
					<parameter name="color" value="-16777216" />
					<parameter name="width" value="1" />
				</graphical>
			</objectid>
			<objectid role="represents" type="Relation" oid="82E3BCF8-3BB8-A6A3-566E-BF73C6505F22" source="1B3D0169-B27A-7689-3253-703A7BEAAB7A" target="0B861A88-5C7A-63AB-0D11-2974D0B61415" viewid_source="62110A7A-47D2-2947-0C88-0CE14D04251E" viewid_target="D48A76DD-B5B9-0BB9-82D8-AE7835F81B1D">
				<points>
					<point x_coordinate="479.0" y_coordinate="180.0" />
					<point x_coordinate="479.0" y_coordinate="241.0" />
				</points>
				<labels>
					<source x_coordinate="-1.0" y_coordinate="-1.0" width="-1.0" height="-1.0" />
					<target x_coordinate="-1.0" y_coordinate="-1.0" width="-1.0" height="-1.0" />
					<main_label x_coordinate="-1.0" y_coordinate="-1.0" width="-1.0" height="-1.0" />
				</labels>
				<graphical>
					<parameter name="use_default_color" value="false" />
					<parameter name="color" value="-16777216" />
					<parameter name="width" value="1" />
				</graphical>
			</objectid>
			<alter type="created">
				<user>meyoung</user>
				<timestamp>2010-02-22 13:04:48</timestamp>
			</alter>
			<alter type="changed">
				<user>meyoung</user>
				<timestamp>2010-02-22 14:16:37</timestamp>
			</alter>
		</main_display>
		<subordinate_displays />
	</sub_view>
</metadatadoc>