<?xml version="1.0" encoding="UTF-8" ?>
<design version="2.0" id="E17F99D8-C2A8-5725-C556-DFF80C000E74">
	<ref>
		<objectid role="contains" type="Entity" oid="E5B170E7-D3F3-DE56-4B0A-FB129EEA90C0" />
		<objectid role="contains" type="Entity" oid="65117BA7-C4E2-FEF3-E391-E1C612C9BCF3" />
		<objectid role="contains" type="Relation" oid="1CB3BE1E-005C-610C-3CF0-EDAF388A0C2C" />
	</ref>
	<type_substitutions />
	<ext_sub_views_collection>
		<sub_view subview_name="Logical" id="D0F1D7D0-0E81-4176-5DA5-2A9F7BC0048F" sv_type="main_view" visible="true" rep_oid="null" rep_ovid="null" is_checkedout="false" checkedout_by="" />
	</ext_sub_views_collection>
	<documents />
	<parties />
	<naming_options>
		<naming_option class_name="oracle.dbtools.crest.model.design.logical.Entity" max_name_length="254" case_type="2" valid_characters="" all_valid="true" />
		<naming_option class_name="oracle.dbtools.crest.model.design.logical.Attribute" max_name_length="254" case_type="2" valid_characters="" all_valid="true" />
		<naming_option class_name="oracle.dbtools.crest.model.design.logical.EntityView" max_name_length="254" case_type="2" valid_characters="" all_valid="true" />
	</naming_options>
</design>