<?xml version="1.0" encoding="UTF-8" ?>
<metadatadoc version="2.0">
	<sub_view subview_name="Relational_1" id="DD6DE92B-8E5A-6F0B-3464-331BC20F9462" generator="null" visible="false" comment="" notes="" sv_type="main_view" rep_oid="null" rep_ovid="null" is_checkedout="false" checkedout_by="">
		<alter type="created">
			<user>meyoung</user>
			<timestamp>2010-02-22 14:16:22</timestamp>
		</alter>
		<alter type="changed">
			<user>meyoung</user>
			<timestamp>2010-02-22 14:16:22</timestamp>
		</alter>
		<main_display name="Relational_1" objectid="DD6DE92B-8E5A-6F0B-3464-331BC20F9462" notation="1" show_all_details="true" show_names_only="false" show_elements="false" show_datatype="false" show_keys="false" auto_route="true" box_in_box="false" comment="" notes="">
			<alter type="created">
				<user>meyoung</user>
				<timestamp>2010-02-22 14:16:37</timestamp>
			</alter>
			<alter type="changed">
				<user>meyoung</user>
				<timestamp>2010-02-22 14:16:37</timestamp>
			</alter>
		</main_display>
		<subordinate_displays />
	</sub_view>
</metadatadoc>