<?xml version="1.0" encoding="UTF-8" ?>
<design version="2.0" id="E17F99D8-C2A8-5725-C556-DFF80C000E74">
	<ref>
		<objectid role="contains" type="Entity" oid="5200C98B-24B9-1548-53BC-073519553724" />
		<objectid role="contains" type="Entity" oid="A2DAB4C6-4612-5FE7-F697-A9F3E5A900B3" />
		<objectid role="contains" type="Entity" oid="E5B170E7-D3F3-DE56-4B0A-FB129EEA90C0" />
		<objectid role="contains" type="Entity" oid="65117BA7-C4E2-FEF3-E391-E1C612C9BCF3" />
		<objectid role="contains" type="Entity" oid="DDFC5F14-2355-3267-DF55-EA3D036EF53E" />
		<objectid role="contains" type="Entity" oid="C64DC8C8-36D6-6835-555E-80B8F751B516" />
		<objectid role="contains" type="Entity" oid="9AA2642A-6C99-3C23-6122-AF66A1D23930" />
		<objectid role="contains" type="Relation" oid="1CB3BE1E-005C-610C-3CF0-EDAF388A0C2C" />
		<objectid role="contains" type="Relation" oid="19526F58-B186-8CBD-A543-715231797DB9" />
		<objectid role="contains" type="Relation" oid="B46D9368-B5DD-135D-9925-391271EE6901" />
		<objectid role="contains" type="Relation" oid="DFBAB855-F723-3C61-656E-4AB47AEF8A3D" />
		<objectid role="uses" type="Hierarchy relation" oid="51CDA0CE-9AC9-8159-B587-BD4A0F9188D6" />
		<objectid role="uses" type="Hierarchy relation" oid="95B93959-4385-BDA2-8550-23A59C3DF442" />
		<objectid role="uses" type="Arc" oid="0488B6A7-1FBE-AEEC-D96A-340A5E4CBEE8" />
	</ref>
	<type_substitutions />
	<ext_sub_views_collection>
		<sub_view subview_name="Logical" id="D0F1D7D0-0E81-4176-5DA5-2A9F7BC0048F" sv_type="main_view" visible="true" rep_oid="null" rep_ovid="null" is_checkedout="false" checkedout_by="" />
	</ext_sub_views_collection>
	<documents />
	<parties />
	<naming_options>
		<naming_option class_name="oracle.dbtools.crest.model.design.logical.Entity" max_name_length="254" case_type="2" valid_characters="" all_valid="true" />
		<naming_option class_name="oracle.dbtools.crest.model.design.logical.Attribute" max_name_length="254" case_type="2" valid_characters="" all_valid="true" />
		<naming_option class_name="oracle.dbtools.crest.model.design.logical.EntityView" max_name_length="254" case_type="2" valid_characters="" all_valid="true" />
	</naming_options>
</design>