<?xml version="1.0" encoding="UTF-8" ?>
<metadatadoc version="2.0">
	<object type="Relation" id="AB784484-AAE8-5526-9DF5-3D1A6F23CBAA" rep_oid="null" rep_ovid="null" is_checkedout="false" checkedout_by="" visible_in_main_view="true" use_default_color="true" background_color="null" foreground_color="null">
		<name>DEPT_MGR_FK</name>
		<comment></comment>
		<notes></notes>
		<alter type="created">
			<user>meyoung</user>
			<timestamp>2010-02-26 11:09:05</timestamp>
		</alter>
		<alter type="changed">
			<user>meyoung</user>
			<timestamp>2010-02-26 11:09:05</timestamp>
		</alter>
		<generator>4579A14C-2931-148E-B4D2-0775B1C01CEE</generator>
		<properties>
			<parameter name="design.owner" value="demo20-1a" />
			<parameter name="object.existsinrepository" value="true" />
			<parameter name="property.comment.rdbms" value="" />
		</properties>
		<connection endpoint="source" card="1" entity="1D0F8230-1BB8-E819-EEE1-6335B5DD62B0" allownull="true" />
		<connection endpoint="target" card="*" entity="19227E8F-11D0-D4E9-75CD-9280AA0981EA" allownull="true" />
		<dominant_role>null</dominant_role>
		<identifying>false</identifying>
		<engineering>
			<relational_design id="68FA06ED-17B3-EAE6-B229-B07502D6F357" should="true" />
			<relational_design id="DEB699DA-EDB3-37B7-175F-CD91E3FB0083" should="true" />
		</engineering>
		<des_obj_version version="1.0" />
		<documents />
		<parties />
		<changerequests />
		<measurements />
	</object>
</metadatadoc>