<?xml version="1.0" encoding="UTF-8" ?>
<metadatadoc version="2.0">
	<object type="Relation" id="BCE1D4F0-D6F6-6977-4F12-9BF2BE5FD168" rep_oid="null" rep_ovid="null" is_checkedout="false" checkedout_by="" visible_in_main_view="true" use_default_color="true" background_color="null" foreground_color="null">
		<name>COUNTR_REG_FK</name>
		<comment></comment>
		<notes></notes>
		<alter type="created">
			<user>meyoung</user>
			<timestamp>2010-02-26 11:09:05</timestamp>
		</alter>
		<alter type="changed">
			<user>meyoung</user>
			<timestamp>2010-02-26 11:09:05</timestamp>
		</alter>
		<generator>FA6D7A79-8D07-F527-C227-79C7B13EBBD4</generator>
		<properties>
			<parameter name="design.owner" value="demo20-1a" />
			<parameter name="object.existsinrepository" value="true" />
			<parameter name="property.comment.rdbms" value="" />
		</properties>
		<connection endpoint="source" card="1" entity="1F9FF45E-FF2C-3D67-1215-3AD781B14823" allownull="true" />
		<connection endpoint="target" card="*" entity="42609A83-DE8F-76DC-B09E-A412EB183E57" allownull="true" />
		<dominant_role>null</dominant_role>
		<identifying>false</identifying>
		<engineering>
			<relational_design id="68FA06ED-17B3-EAE6-B229-B07502D6F357" should="true" />
			<relational_design id="DEB699DA-EDB3-37B7-175F-CD91E3FB0083" should="true" />
		</engineering>
		<des_obj_version version="1.0" />
		<documents />
		<parties />
		<changerequests />
		<measurements />
	</object>
</metadatadoc>