<?xml version="1.0" encoding="UTF-8" ?>
<metadatadoc version="2.0">
	<object type="FKIndexAssociation" id="04C9ADD9-3118-0649-7DE6-EA0E2CECF72D" rep_oid="null" rep_ovid="null" is_checkedout="false" checkedout_by="" visible_in_main_view="true" tableid="5A0FAF6F-FD82-6865-8559-C2587D479115" reftableid="5A0FAF6F-FD82-6865-8559-C2587D479115" references="EBC4B958-572F-5A47-B898-68528694069E" localindexid="AB4CBF31-B0F3-6E4B-116C-AFFF6DED7F8C" delrule="RESTRICT" mandatory="true" transferable="true" use_default_color="true" background_color="null" foreground_color="null">
		<name>EMP_MANAGER_FK</name>
		<comment></comment>
		<notes></notes>
		<alter type="created">
			<user>meyoung</user>
			<timestamp>2010-02-26 11:16:52</timestamp>
		</alter>
		<alter type="changed">
			<user>meyoung</user>
			<timestamp>2010-02-26 11:16:52</timestamp>
		</alter>
		<generator>1E477CAD-12D4-CA47-CDBD-2D0575836092</generator>
		<properties>
			<parameter name="design.owner" value="demo20-1a" />
			<parameter name="object.existsinrepository" value="true" />
			<parameter name="property.comment.rdbms" value="" />
		</properties>
		<engineering should="true" />
		<des_obj_version version="1.0" />
		<documents />
		<parties />
		<changerequests />
		<measurements />
	</object>
</metadatadoc>