<?xml version="1.0" encoding="UTF-8" ?>
<metadatadoc version="2.0">
	<object type="FKIndexAssociation" id="6D266AEA-C2B6-6D4B-5B71-1C7584949BCE" rep_oid="null" rep_ovid="null" is_checkedout="false" checkedout_by="" visible_in_main_view="true" tableid="607361CA-58F6-CE86-929F-CE620C850C88" reftableid="79BC8932-7E30-DDE8-168D-913647EBD2BC" references="CF0EA4C9-DC40-F841-1A12-3CD14E406170" localindexid="854BD76B-6491-8471-4CFA-2529DA219632" delrule="SET NULL" mandatory="false" transferable="true" use_default_color="true" background_color="null" foreground_color="null">
		<name>DEPT_LOC_FK</name>
		<comment></comment>
		<notes></notes>
		<alter type="created">
			<user>meyoung</user>
			<timestamp>2010-02-26 11:16:52</timestamp>
		</alter>
		<alter type="changed">
			<user>meyoung</user>
			<timestamp>2010-02-26 11:16:52</timestamp>
		</alter>
		<generator>4CD0D5A8-A9AB-11D2-A96A-0B44B928CAD4</generator>
		<properties>
			<parameter name="design.owner" value="demo20-1a" />
			<parameter name="object.existsinrepository" value="true" />
			<parameter name="property.comment.rdbms" value="" />
		</properties>
		<engineering should="true" />
		<des_obj_version version="1.0" />
		<documents />
		<parties />
		<changerequests />
		<measurements />
	</object>
</metadatadoc>