<?xml version="1.0" encoding="UTF-8" ?>
<metadatadoc version="2.0">
	<object type="FKIndexAssociation" id="6FE177F0-4B4C-E7C5-7AF3-F6AACA25D0A6" rep_oid="null" rep_ovid="null" is_checkedout="false" checkedout_by="" visible_in_main_view="true" tableid="E5726DEC-E5D1-8848-01D5-288B1E9B07D7" reftableid="5DFB72DC-110B-8536-459E-6783D0433EC7" references="2927DA5C-D27F-60D1-0938-DD1C657DFF7A" localindexid="94291C20-2A3C-FCCC-CE88-CA6D37420B60" delrule="SET NULL" mandatory="false" transferable="true" use_default_color="true" background_color="null" foreground_color="null">
		<name>COUNTR_REG_FK</name>
		<comment></comment>
		<notes></notes>
		<alter type="created">
			<user>meyoung</user>
			<timestamp>2010-02-26 11:16:52</timestamp>
		</alter>
		<alter type="changed">
			<user>meyoung</user>
			<timestamp>2010-02-26 11:16:52</timestamp>
		</alter>
		<generator>BCE1D4F0-D6F6-6977-4F12-9BF2BE5FD168</generator>
		<properties>
			<parameter name="design.owner" value="demo20-1a" />
			<parameter name="object.existsinrepository" value="true" />
			<parameter name="property.comment.rdbms" value="" />
		</properties>
		<engineering should="true" />
		<des_obj_version version="1.0" />
		<documents />
		<parties />
		<changerequests />
		<measurements />
	</object>
</metadatadoc>