<?xml version="1.0" encoding="UTF-8" ?>
<metadatadoc version="2.0">
	<object type="FKIndexAssociation" id="7564BD1D-93EB-B0DE-3FA0-B2DB5F298FC9" rep_oid="null" rep_ovid="null" is_checkedout="false" checkedout_by="" visible_in_main_view="true" tableid="F180245B-1AC3-2321-802A-7DD621DBA7BA" reftableid="5A0FAF6F-FD82-6865-8559-C2587D479115" references="EBC4B958-572F-5A47-B898-68528694069E" localindexid="480BB64D-FA99-1DC2-549E-51FA62C40B4E" delrule="RESTRICT" mandatory="true" transferable="true" use_default_color="true" background_color="null" foreground_color="null">
		<name>JHIST_EMP_FK</name>
		<comment></comment>
		<notes></notes>
		<alter type="created">
			<user>meyoung</user>
			<timestamp>2010-02-26 11:16:52</timestamp>
		</alter>
		<alter type="changed">
			<user>meyoung</user>
			<timestamp>2010-02-26 11:16:52</timestamp>
		</alter>
		<generator>64E7017A-9459-608E-B2E4-4AB52C1D6C1A</generator>
		<properties>
			<parameter name="design.owner" value="demo20-1a" />
			<parameter name="object.existsinrepository" value="true" />
			<parameter name="property.comment.rdbms" value="" />
		</properties>
		<engineering should="true" />
		<des_obj_version version="1.0" />
		<documents />
		<parties />
		<changerequests />
		<measurements />
	</object>
</metadatadoc>