<?xml version="1.0" encoding="UTF-8" ?>
<metadatadoc version="2.0">
	<object type="FKIndexAssociation" id="787190C7-EB10-4E23-EEF8-61969D9BBACD" rep_oid="null" rep_ovid="null" is_checkedout="false" checkedout_by="" visible_in_main_view="true" tableid="607361CA-58F6-CE86-929F-CE620C850C88" reftableid="5A0FAF6F-FD82-6865-8559-C2587D479115" references="EBC4B958-572F-5A47-B898-68528694069E" localindexid="45F07D6D-7BF5-4B12-66B0-58BA50244CE9" delrule="SET NULL" mandatory="false" transferable="true" use_default_color="true" background_color="null" foreground_color="null">
		<name>DEPT_MGR_FK</name>
		<comment></comment>
		<notes></notes>
		<alter type="created">
			<user>meyoung</user>
			<timestamp>2010-02-26 11:16:52</timestamp>
		</alter>
		<alter type="changed">
			<user>meyoung</user>
			<timestamp>2010-02-26 11:16:52</timestamp>
		</alter>
		<generator>AB784484-AAE8-5526-9DF5-3D1A6F23CBAA</generator>
		<properties>
			<parameter name="design.owner" value="demo20-1a" />
			<parameter name="object.existsinrepository" value="true" />
			<parameter name="property.comment.rdbms" value="" />
		</properties>
		<engineering should="true" />
		<des_obj_version version="1.0" />
		<documents />
		<parties />
		<changerequests />
		<measurements />
	</object>
</metadatadoc>