<?xml version="1.0" encoding="UTF-8" ?>
<metadatadoc version="2.0">
	<object type="FKIndexAssociation" id="A7009485-B9E0-FB00-E7CE-B5D62E05741A" rep_oid="null" rep_ovid="null" is_checkedout="false" checkedout_by="" visible_in_main_view="true" tableid="5A0FAF6F-FD82-6865-8559-C2587D479115" reftableid="607361CA-58F6-CE86-929F-CE620C850C88" references="DC0E1612-4955-D5BC-0734-E8A4C96D32BE" localindexid="218290D7-28CE-5F78-A2D1-BEBF22844646" delrule="SET NULL" mandatory="false" transferable="true" use_default_color="true" background_color="null" foreground_color="null">
		<name>EMP_DEPT_FK</name>
		<comment></comment>
		<notes></notes>
		<alter type="created">
			<user>meyoung</user>
			<timestamp>2010-02-26 11:16:52</timestamp>
		</alter>
		<alter type="changed">
			<user>meyoung</user>
			<timestamp>2010-02-26 11:16:52</timestamp>
		</alter>
		<generator>90B34582-A19F-ABEF-6F6C-8E027BA56946</generator>
		<properties>
			<parameter name="design.owner" value="demo20-1a" />
			<parameter name="object.existsinrepository" value="true" />
			<parameter name="property.comment.rdbms" value="" />
		</properties>
		<engineering should="true" />
		<des_obj_version version="1.0" />
		<documents />
		<parties />
		<changerequests />
		<measurements />
	</object>
</metadatadoc>