<?xml version="1.0" encoding="UTF-8" ?>
<metadatadoc version="2.0">
	<object type="FKIndexAssociation" id="B8306A0B-94D3-302B-9D3D-871980F11263" rep_oid="null" rep_ovid="null" is_checkedout="false" checkedout_by="" visible_in_main_view="true" tableid="79BC8932-7E30-DDE8-168D-913647EBD2BC" reftableid="E5726DEC-E5D1-8848-01D5-288B1E9B07D7" references="29F8B841-5479-FED4-EE2F-68E284979C89" localindexid="C5EA1A7F-E87A-BEC0-C659-331A16BAD8A1" delrule="SET NULL" mandatory="false" transferable="true" use_default_color="true" background_color="null" foreground_color="null">
		<name>LOC_C_ID_FK</name>
		<comment></comment>
		<notes></notes>
		<alter type="created">
			<user>meyoung</user>
			<timestamp>2010-02-26 11:16:52</timestamp>
		</alter>
		<alter type="changed">
			<user>meyoung</user>
			<timestamp>2010-02-26 11:16:52</timestamp>
		</alter>
		<generator>D32B758E-2B6B-58E1-D2AB-2227CA81DF68</generator>
		<properties>
			<parameter name="design.owner" value="demo20-1a" />
			<parameter name="object.existsinrepository" value="true" />
			<parameter name="property.comment.rdbms" value="" />
		</properties>
		<engineering should="true" />
		<des_obj_version version="1.0" />
		<documents />
		<parties />
		<changerequests />
		<measurements />
	</object>
</metadatadoc>