<?xml version="1.0" encoding="UTF-8" ?>
<design version="2.0" id="8EAAFC55-0F0A-AEE1-F0F5-D8C0FCCDCAFF" defaultRDBMSSite="32076570-2523-435C-2E92-BF29817DFF70">
	<ref>
		<objectid role="contains" type="Table" oid="10A86985-48EC-C6B3-8CD5-71A664C51682" marked_generate="true" />
		<objectid role="contains" type="Table" oid="2168CBE7-8512-43AF-48C7-517B0CF601DA" marked_generate="true" />
		<objectid role="contains" type="Table" oid="DC6A08B0-832F-B2FC-69CA-0F7B4160D912" marked_generate="true" />
		<objectid role="contains" type="Table" oid="F2AB040E-C4DA-4A90-0669-94A558E06E60" marked_generate="true" />
		<objectid role="contains" type="Table" oid="6F2BC1A4-E6A1-0FFC-1DF5-E47419565A76" marked_generate="true" />
		<objectid role="contains" type="Table" oid="F59CED9A-4D43-AE7B-1C14-3B7E3B448C59" marked_generate="true" />
		<objectid role="contains" type="Table" oid="D24F118A-8855-2B78-566D-208398EDD37D" marked_generate="true" />
		<objectid role="contains" type="FKIndexAssociation" oid="7800CE7E-104D-0494-6732-2119D4932CAB" marked_generate="true" />
		<objectid role="contains" type="FKIndexAssociation" oid="940CD603-AE77-DC89-F33B-44CCF3FCC2F2" marked_generate="true" />
		<objectid role="contains" type="FKIndexAssociation" oid="47F54D76-1DCC-F612-E810-E55D4879E47B" marked_generate="true" />
		<objectid role="contains" type="FKIndexAssociation" oid="CEF4A7D2-F22D-E9B7-35C1-EB7EA7AF43B7" marked_generate="true" />
		<objectid role="contains" type="FKIndexAssociation" oid="10BD333C-B9A9-44A4-481B-F7E2234C81BA" marked_generate="true" />
		<objectid role="contains" type="FKIndexAssociation" oid="1072E05F-4F48-1AB5-FAAA-AC9746E678FC" marked_generate="true" />
		<objectid role="contains" type="FKIndexAssociation" oid="CF9EF2A9-5A02-9D52-FD5F-C1EF375D9777" marked_generate="true" />
		<objectid role="contains" type="FKIndexAssociation" oid="3E0C88FA-696D-CDA5-B552-2F24E238C66F" marked_generate="true" />
		<objectid role="contains" type="FKIndexAssociation" oid="CB30C348-DA8B-C860-0E10-B2A890A29689" marked_generate="true" />
		<objectid role="contains" type="FKIndexAssociation" oid="910112C4-8177-66BB-C8E0-115E8BCBB3A2" marked_generate="true" />
	</ref>
	<type_substitutions />
	<marked_generate_for_indexes>
		<objectid oid="6B2D0E8C-C3D3-740D-9220-5B43390A1500" marked_generate="true" />
		<objectid oid="5294AC31-53EF-FBA1-32E2-6EB0B70D7C03" marked_generate="true" />
		<objectid oid="943B23A4-CA22-86F8-106B-3A0394BA0076" marked_generate="true" />
		<objectid oid="6CA7A0B0-E5FA-6324-7B59-FBC3CA285A01" marked_generate="true" />
		<objectid oid="2D54AC08-F2AF-0402-E766-010460B96295" marked_generate="true" />
		<objectid oid="509E07CC-69FA-99FA-7608-65CC8514023F" marked_generate="true" />
		<objectid oid="E818346C-B4C1-DDEE-7CB9-FD5D7107CA19" marked_generate="true" />
		<objectid oid="A8096854-4BF3-53AC-BF1B-9C53C6C5F9BC" marked_generate="true" />
		<objectid oid="88740CF6-9CC8-5679-7BF3-1F20A2D58551" marked_generate="true" />
		<objectid oid="B3BC5CEA-A301-EFD3-34A4-DB3A747ED30D" marked_generate="true" />
		<objectid oid="37519BB8-C284-DDEB-BB24-B42073121EB4" marked_generate="true" />
		<objectid oid="B9EC2A14-42AE-3F07-90C7-CE654E21127B" marked_generate="true" />
		<objectid oid="A3287B4F-8681-02E8-5BB4-6743643B09FD" marked_generate="true" />
		<objectid oid="388DF15C-EE31-4690-4E00-D690A58D9F75" marked_generate="true" />
		<objectid oid="5C8145EE-630A-CCC0-5F6A-0A0B30C7D15D" marked_generate="true" />
		<objectid oid="F6DDA131-761A-18E1-26C3-C8A517678DD2" marked_generate="true" />
		<objectid oid="B6634645-7236-AE07-78B6-90B1C7F22243" marked_generate="true" />
		<objectid oid="722DBF87-11A5-5855-7692-B6DCAC4FFB98" marked_generate="true" />
		<objectid oid="A08A1593-EBCF-1FE7-D6CF-4048C2EAC3DB" marked_generate="true" />
		<objectid oid="BC5CEED0-CA15-712F-65B7-AD47FC9B32DD" marked_generate="true" />
		<objectid oid="9FB1A3F8-FEC9-DC6F-C2AE-5E245D9EB139" marked_generate="true" />
		<objectid oid="55A07436-6557-6FED-695D-C0C68727B0E0" marked_generate="true" />
		<objectid oid="0B173A7F-CE4B-8F19-0B6A-73F8856181DB" marked_generate="true" />
		<objectid oid="83E3CA90-5BDF-B278-0368-31D060941A48" marked_generate="true" />
		<objectid oid="28AEA37C-61A2-712F-8806-D9A91F360284" marked_generate="true" />
		<objectid oid="AA04C832-4234-7AB3-A00E-B95EE7A4B950" marked_generate="true" />
		<objectid oid="F3D3AA0B-C18A-B6DE-B383-063BA2F47B05" marked_generate="true" />
		<objectid oid="DC513F8E-F4A5-5530-1161-FE19422ACE44" marked_generate="true" />
		<objectid oid="A41463F1-0BA4-A06E-DECE-A6CFA91C371C" marked_generate="true" />
	</marked_generate_for_indexes>
	<ext_sub_views_collection>
		<sub_view subview_name="Relational_1" id="34422ECE-B0FC-1C0F-AD76-3C9C6BE47580" sv_type="main_view" visible="true" rep_oid="null" rep_ovid="null" is_checkedout="false" checkedout_by="" />
	</ext_sub_views_collection>
	<documents />
	<parties />
	<naming_options>
		<naming_option class_name="oracle.dbtools.crest.model.design.relational.Table" max_name_length="30" case_type="2" valid_characters="" all_valid="true" />
		<naming_option class_name="oracle.dbtools.crest.model.design.relational.Column" max_name_length="30" case_type="2" valid_characters="" all_valid="true" />
		<naming_option class_name="oracle.dbtools.crest.model.design.relational.TableView" max_name_length="30" case_type="2" valid_characters="" all_valid="true" />
		<naming_option class_name="oracle.dbtools.crest.model.design.constraint.TableLevelConstraint" max_name_length="30" case_type="2" valid_characters="" all_valid="true" />
		<naming_option class_name="oracle.dbtools.crest.model.design.relational.FKIndexAssociation" max_name_length="30" case_type="2" valid_characters="" all_valid="true" />
		<naming_option class_name="oracle.dbtools.crest.model.design.relational.Index" max_name_length="30" case_type="2" valid_characters="" all_valid="true" />
	</naming_options>
</design>