<?xml version="1.0" encoding="UTF-8" ?>
<metadatadoc version="2.0">
	<sub_view subview_name="Logical" id="D0F1D7D0-0E81-4176-5DA5-2A9F7BC0048F" generator="null" visible="true" comment="" notes="" sv_type="main_view" rep_oid="null" rep_ovid="null" is_checkedout="false" checkedout_by="">
		<alter type="created">
			<user>meyoung</user>
			<timestamp>2010-02-23 16:59:47</timestamp>
		</alter>
		<alter type="changed">
			<user>meyoung</user>
			<timestamp>2010-02-23 16:59:47</timestamp>
		</alter>
		<main_display name="Logical" objectid="D0F1D7D0-0E81-4176-5DA5-2A9F7BC0048F" notation="1" show_all_details="true" show_names_only="false" show_elements="false" show_datatype="false" show_keys="false" auto_route="false" box_in_box="false" comment="" notes="">
			<objectid role="represents" type="Entity" oid="E5B170E7-D3F3-DE56-4B0A-FB129EEA90C0" viewid="A4CECEA5-2FDB-F66F-DFD4-C745B987D4BA" tv_generator_id="null" viewnumber="0">
				<graphical>
					<parameter name="background_color" value="-5971457" />
					<parameter name="foreground_color" value="-16776961" />
					<parameter name="h" value="110.0" />
					<parameter name="use_default_color" value="false" />
					<parameter name="w" value="170.0" />
					<parameter name="x" value="54.0" />
					<parameter name="y" value="198.0" />
				</graphical>
			</objectid>
			<objectid role="represents" type="Entity" oid="65117BA7-C4E2-FEF3-E391-E1C612C9BCF3" viewid="27D52A54-28C3-5CAF-87CA-EC143C5AEBF7" tv_generator_id="null" viewnumber="0">
				<graphical>
					<parameter name="background_color" value="-5971457" />
					<parameter name="foreground_color" value="-16776961" />
					<parameter name="h" value="149.0" />
					<parameter name="use_default_color" value="false" />
					<parameter name="w" value="195.0" />
					<parameter name="x" value="356.0" />
					<parameter name="y" value="202.0" />
				</graphical>
			</objectid>
			<objectid role="represents" type="Relation" oid="1CB3BE1E-005C-610C-3CF0-EDAF388A0C2C" source="E5B170E7-D3F3-DE56-4B0A-FB129EEA90C0" target="65117BA7-C4E2-FEF3-E391-E1C612C9BCF3" viewid_source="A4CECEA5-2FDB-F66F-DFD4-C745B987D4BA" viewid_target="27D52A54-28C3-5CAF-87CA-EC143C5AEBF7">
				<points>
					<point x_coordinate="224.0" y_coordinate="255.0" />
					<point x_coordinate="356.0" y_coordinate="255.0" />
				</points>
				<labels>
					<source x_coordinate="226.0" y_coordinate="223.0" width="50.0" height="20.0" use_default_color="false" background_color="-1" foreground_color="-16777216">
						<fonts>
							<font_object>
								<parameter name="fo_type" value="Text" />
								<parameter name="font_color" value="-16777216" />
								<parameter name="font_name" value="Dialog" />
								<parameter name="font_size" value="10" />
								<parameter name="font_style" value="0" />
							</font_object>
						</fonts>
					</source>
					<target x_coordinate="286.0" y_coordinate="264.0" width="63.0" height="20.0" use_default_color="false" background_color="-1" foreground_color="-16777216">
						<fonts>
							<font_object>
								<parameter name="fo_type" value="Text" />
								<parameter name="font_color" value="-16777216" />
								<parameter name="font_name" value="Dialog" />
								<parameter name="font_size" value="10" />
								<parameter name="font_style" value="0" />
							</font_object>
						</fonts>
					</target>
					<main_label x_coordinate="-1.0" y_coordinate="-1.0" width="-1.0" height="-1.0" />
				</labels>
				<graphical>
					<parameter name="use_default_color" value="false" />
					<parameter name="color" value="-16777216" />
					<parameter name="width" value="1" />
				</graphical>
			</objectid>
			<alter type="created">
				<user>meyoung</user>
				<timestamp>2010-02-25 08:59:27</timestamp>
			</alter>
			<alter type="changed">
				<user>meyoung</user>
				<timestamp>2010-02-25 12:52:52</timestamp>
			</alter>
		</main_display>
		<subordinate_displays />
	</sub_view>
</metadatadoc>