<?xml version="1.0" encoding="UTF-8" ?>
<metadatadoc version="2.0">
	<object type="SType" id="47E390DE-0671-C4B1-8428-0F45CBEE18F8">
		<name>SDO_GEOMETRY</name>
		<comment></comment>
		<notes></notes>
		<alter type="created">
			<user>meyoung</user>
			<timestamp>2010-02-25 13:24:01</timestamp>
		</alter>
		<alter type="changed">
			<user>meyoung</user>
			<timestamp>2010-02-25 13:24:01</timestamp>
		</alter>
		<properties>
			<parameter name="object.property.auto.CommentChanged" value="false" />
			<parameter name="object.property.auto.CommentInRDBMSChanged" value="false" />
			<parameter name="object.property.auto.DeletedInPhysicalDesign" value="false" />
			<parameter name="object.property.auto.DropEnabled" value="false" />
			<parameter name="object.property.auto.GeneratedInRDBMS" value="false" />
			<parameter name="object.property.auto.GlobalOid" value="" />
			<parameter name="object.property.auto.InvokerRights" value="" />
			<parameter name="object.property.auto.JavaClass" value="" />
			<parameter name="object.property.auto.JavaInstanceUsing" value="null" />
			<parameter name="object.property.auto.LongName" value="MDSYS.SDO_GEOMETRY" />
			<parameter name="object.property.auto.MapOrderFunction" value="NO_OBJECT" />
			<parameter name="object.property.auto.MapOrderType" value="MAP" />
			<parameter name="object.property.auto.MapToJavaClass" value="NO" />
			<parameter name="object.property.auto.MarkedGenerate" value="true" />
			<parameter name="object.property.auto.Name" value="SDO_GEOMETRY" />
			<parameter name="object.property.auto.NameChanged" value="false" />
			<parameter name="object.property.auto.NameHasQuotes" value="false" />
			<parameter name="object.property.auto.ObjectID" value="47E390DE-0671-C4B1-8428-0F45CBEE18F8" />
			<parameter name="object.property.auto.Owner" value="MDSYS" />
			<parameter name="object.property.auto.RawObject" value="false" />
			<parameter name="design.owner" value="demo19-1" />
			<parameter name="object.existsinrepository" value="true" />
		</properties>
	</object>
</metadatadoc>