<?xml version="1.0" encoding="UTF-8" ?>
<design version="2.0" id="E17F99D8-C2A8-5725-C556-DFF80C000E74">
	<ref>
		<objectid role="contains" type="Entity" oid="42609A83-DE8F-76DC-B09E-A412EB183E57" />
		<objectid role="contains" type="Entity" oid="19227E8F-11D0-D4E9-75CD-9280AA0981EA" />
		<objectid role="contains" type="Entity" oid="6EBAD4FD-6E16-8449-D539-CC1E8591E809" />
		<objectid role="contains" type="Entity" oid="1D0F8230-1BB8-E819-EEE1-6335B5DD62B0" />
		<objectid role="contains" type="Entity" oid="881728C0-3BAB-A24C-D7E3-0434E2A125D8" />
		<objectid role="contains" type="Entity" oid="3059C3EE-8410-6652-DDF4-979F67586B72" />
		<objectid role="contains" type="Entity" oid="FA174A55-2EE7-96E3-3951-0D4943829844" />
		<objectid role="contains" type="Entity" oid="1F9FF45E-FF2C-3D67-1215-3AD781B14823" />
		<objectid role="contains" type="EntityView" oid="C4B44F28-34CA-A000-4160-7C8E340D41CE" />
		<objectid role="contains" type="Relation" oid="BCE1D4F0-D6F6-6977-4F12-9BF2BE5FD168" />
		<objectid role="contains" type="Relation" oid="4CD0D5A8-A9AB-11D2-A96A-0B44B928CAD4" />
		<objectid role="contains" type="Relation" oid="AB784484-AAE8-5526-9DF5-3D1A6F23CBAA" />
		<objectid role="contains" type="Relation" oid="90B34582-A19F-ABEF-6F6C-8E027BA56946" />
		<objectid role="contains" type="Relation" oid="9CA184BD-938E-B87F-B1A2-C41A057FF88D" />
		<objectid role="contains" type="Relation" oid="1E477CAD-12D4-CA47-CDBD-2D0575836092" />
		<objectid role="contains" type="Relation" oid="A6E3D888-B663-0A88-16B3-922C914BBF7F" />
		<objectid role="contains" type="Relation" oid="64E7017A-9459-608E-B2E4-4AB52C1D6C1A" />
		<objectid role="contains" type="Relation" oid="D424CA61-88AD-E278-0EE7-6B63632BB8B9" />
		<objectid role="contains" type="Relation" oid="D32B758E-2B6B-58E1-D2AB-2227CA81DF68" />
		<objectid role="contains" type="Relation" oid="0D81F800-46AE-A70D-75E7-F8A10E882645" />
	</ref>
	<type_substitutions />
	<ext_sub_views_collection>
		<sub_view subview_name="Logical" id="6B2C8998-D7BB-2D4C-161C-71532F0A6E1F" sv_type="main_view" visible="true" rep_oid="null" rep_ovid="null" is_checkedout="false" checkedout_by="" />
	</ext_sub_views_collection>
	<documents />
	<parties />
	<naming_options>
		<naming_option class_name="oracle.dbtools.crest.model.design.logical.Entity" max_name_length="254" case_type="2" valid_characters="" all_valid="true" />
		<naming_option class_name="oracle.dbtools.crest.model.design.logical.Attribute" max_name_length="254" case_type="2" valid_characters="" all_valid="true" />
		<naming_option class_name="oracle.dbtools.crest.model.design.logical.EntityView" max_name_length="254" case_type="2" valid_characters="" all_valid="true" />
	</naming_options>
</design>