<?xml version="1.0" encoding="UTF-8" ?>
<metadatadoc version="2.0">
	<object type="Entity" id="A7C014D6-E675-410D-EC5C-47914127EC31" rep_oid="null" rep_ovid="null" is_checkedout="false" checkedout_by="" visible_in_main_view="true" entitytype="" allow_type_substitution="true" strategy="Single Table" minVolumes="0" expectedVolumes="0" maxVolumes="9999999" growthPercent="0" growthType="Year" normalForm="Third" adequatelyNormalized="NO" use_default_color="true" background_color="null" foreground_color="null">
		<name>EMPLOYEES</name>
		<comment></comment>
		<notes></notes>
		<alter type="created">
			<user>oracle</user>
			<timestamp>2009-12-18 15:31:11</timestamp>
		</alter>
		<alter type="changed">
			<user>oracle</user>
			<timestamp>2009-12-18 15:31:11</timestamp>
		</alter>
		<generator>DC6A08B0-832F-B2FC-69CA-0F7B4160D912</generator>
		<properties>
			<parameter name="design.owner" value="hr_schema" />
			<parameter name="object.existsinrepository" value="true" />
			<parameter name="property.comment.rdbms" value="employees table. Contains 107 rows. References with departments,&lt;br&gt;jobs, job_history tables. Contains a self reference." />
		</properties>
		<parent inherits="false" />
		<engineering>
			<relational_design id="8EAAFC55-0F0A-AEE1-F0F5-D8C0FCCDCAFF" should="true" />
		</engineering>
		<des_obj_version version="1.0" />
		<fonts>
			<font_object>
				<parameter name="fo_type" value="Title" />
				<parameter name="font_color" value="-16776961" />
				<parameter name="font_name" value="Dialog" />
				<parameter name="font_size" value="10" />
				<parameter name="font_style" value="1" />
			</font_object>
			<font_object>
				<parameter name="fo_type" value="Attribute" />
				<parameter name="font_color" value="-16777216" />
				<parameter name="font_name" value="Dialog" />
				<parameter name="font_size" value="10" />
				<parameter name="font_style" value="0" />
			</font_object>
			<font_object>
				<parameter name="fo_type" value="Datatype" />
				<parameter name="font_color" value="-16744448" />
				<parameter name="font_name" value="Dialog" />
				<parameter name="font_size" value="10" />
				<parameter name="font_style" value="0" />
			</font_object>
			<font_object>
				<parameter name="fo_type" value="PK Element" />
				<parameter name="font_color" value="-16776961" />
				<parameter name="font_name" value="Dialog" />
				<parameter name="font_size" value="10" />
				<parameter name="font_style" value="0" />
			</font_object>
			<font_object>
				<parameter name="fo_type" value="FK Element" />
				<parameter name="font_color" value="-16777216" />
				<parameter name="font_name" value="Dialog" />
				<parameter name="font_size" value="10" />
				<parameter name="font_style" value="0" />
			</font_object>
			<font_object>
				<parameter name="fo_type" value="UK Element" />
				<parameter name="font_color" value="-16776961" />
				<parameter name="font_name" value="Dialog" />
				<parameter name="font_size" value="10" />
				<parameter name="font_style" value="0" />
			</font_object>
			<font_object>
				<parameter name="fo_type" value="Not Null" />
				<parameter name="font_color" value="-65536" />
				<parameter name="font_name" value="Dialog" />
				<parameter name="font_size" value="10" />
				<parameter name="font_style" value="0" />
			</font_object>
			<font_object>
				<parameter name="fo_type" value="Key" />
				<parameter name="font_color" value="-16777216" />
				<parameter name="font_name" value="Dialog" />
				<parameter name="font_size" value="10" />
				<parameter name="font_style" value="0" />
			</font_object>
		</fonts>
		<documents />
		<parties />
		<changerequests />
		<measurements />
		<contained>
			<object type="Attribute" id="030B5A45-6573-5081-5300-2E35C79955C1" rep_oid="null" rep_ovid="null" is_checkedout="false" checkedout_by="" visible_in_main_view="false" use_default_color="true" background_color="null" foreground_color="null" unique="false" allownull="false" usedomainconstraints="true" is_oid="false" structured_attribute_id="" fk="false">
				<name>EMPLOYEE ID</name>
				<comment></comment>
				<notes></notes>
				<alter type="created">
					<user>oracle</user>
					<timestamp>2009-12-18 15:31:11</timestamp>
				</alter>
				<alter type="changed">
					<user>oracle</user>
					<timestamp>2009-12-18 15:31:11</timestamp>
				</alter>
				<generator>51D57A81-11E6-3D7A-C6BD-23F9B2FCC0BD</generator>
				<properties>
					<parameter name="design.owner" value="hr_schema" />
					<parameter name="object.existsinrepository" value="true" />
					<parameter name="object.property.defaultvalue" value="" />
					<parameter name="object.property.usesdefault" value="false" />
					<parameter name="property.comment.rdbms" value="Primary key of employees table." />
				</properties>
				<engineering>
					<relational_design id="8EAAFC55-0F0A-AEE1-F0F5-D8C0FCCDCAFF" should="true" />
				</engineering>
				<des_obj_version version="1.0" />
				<domain oid="DOM3000004" file="defaultdomains" />
				<datatype dttype="packed" precision="6" scale="" typename="NUMBER" />
				<reference value="false" />
				<logicaltype dttype="NUMERIC" oid="LOGDT019" />
				<use value="logical type" />
				<sourcetype sort="" />
				<formula desc="" />
				<subtypeSubstitution value="true" />
				<restricted_substitution value="false" />
				<source value="" />
				<documents />
				<parties />
				<changerequests />
				<measurements />
			</object>
			<object type="Attribute" id="ED459911-362A-BE3D-732E-FB28A15F01F4" rep_oid="null" rep_ovid="null" is_checkedout="false" checkedout_by="" visible_in_main_view="false" use_default_color="true" background_color="null" foreground_color="null" unique="false" allownull="true" usedomainconstraints="true" is_oid="false" structured_attribute_id="" fk="false">
				<name>FIRST NAME</name>
				<comment></comment>
				<notes></notes>
				<alter type="created">
					<user>oracle</user>
					<timestamp>2009-12-18 15:31:11</timestamp>
				</alter>
				<alter type="changed">
					<user>oracle</user>
					<timestamp>2009-12-18 15:31:11</timestamp>
				</alter>
				<generator>FDD2EE20-C015-C17D-F2B0-1D0093A50251</generator>
				<properties>
					<parameter name="design.owner" value="hr_schema" />
					<parameter name="object.existsinrepository" value="true" />
					<parameter name="object.property.defaultvalue" value="" />
					<parameter name="object.property.usesdefault" value="false" />
					<parameter name="property.comment.rdbms" value="First name of the employee. A not null column." />
				</properties>
				<engineering>
					<relational_design id="8EAAFC55-0F0A-AEE1-F0F5-D8C0FCCDCAFF" should="true" />
				</engineering>
				<des_obj_version version="1.0" />
				<domain oid="DOM3000004" file="defaultdomains" />
				<datatype dttype="var" size="20 BYTE" typename="VARCHAR2" />
				<reference value="false" />
				<logicaltype dttype="VARCHAR" oid="LOGDT024" />
				<use value="logical type" />
				<sourcetype sort="" />
				<formula desc="" />
				<subtypeSubstitution value="true" />
				<restricted_substitution value="false" />
				<source value="" />
				<documents />
				<parties />
				<changerequests />
				<measurements />
			</object>
			<object type="Attribute" id="64803364-0E90-1375-32F2-98232BA8A05D" rep_oid="null" rep_ovid="null" is_checkedout="false" checkedout_by="" visible_in_main_view="false" use_default_color="true" background_color="null" foreground_color="null" unique="false" allownull="false" usedomainconstraints="true" is_oid="false" structured_attribute_id="" fk="false">
				<name>LAST NAME</name>
				<comment></comment>
				<notes></notes>
				<alter type="created">
					<user>oracle</user>
					<timestamp>2009-12-18 15:31:11</timestamp>
				</alter>
				<alter type="changed">
					<user>oracle</user>
					<timestamp>2009-12-18 15:31:11</timestamp>
				</alter>
				<generator>BF15C32D-BAE0-1C68-45EA-E15B5ADC0B16</generator>
				<properties>
					<parameter name="design.owner" value="hr_schema" />
					<parameter name="object.existsinrepository" value="true" />
					<parameter name="object.property.defaultvalue" value="" />
					<parameter name="object.property.usesdefault" value="false" />
					<parameter name="property.comment.rdbms" value="Last name of the employee. A not null column." />
				</properties>
				<engineering>
					<relational_design id="8EAAFC55-0F0A-AEE1-F0F5-D8C0FCCDCAFF" should="true" />
				</engineering>
				<des_obj_version version="1.0" />
				<domain oid="DOM3000004" file="defaultdomains" />
				<datatype dttype="var" size="25 BYTE" typename="VARCHAR2" />
				<reference value="false" />
				<logicaltype dttype="VARCHAR" oid="LOGDT024" />
				<use value="logical type" />
				<sourcetype sort="" />
				<formula desc="" />
				<subtypeSubstitution value="true" />
				<restricted_substitution value="false" />
				<source value="" />
				<documents />
				<parties />
				<changerequests />
				<measurements />
			</object>
			<object type="Attribute" id="22B10164-E6D8-A895-EFB0-71DAC9A20D2A" rep_oid="null" rep_ovid="null" is_checkedout="false" checkedout_by="" visible_in_main_view="false" use_default_color="true" background_color="null" foreground_color="null" unique="true" allownull="false" usedomainconstraints="true" is_oid="false" structured_attribute_id="" fk="false">
				<name>EMAIL</name>
				<comment></comment>
				<notes></notes>
				<alter type="created">
					<user>oracle</user>
					<timestamp>2009-12-18 15:31:11</timestamp>
				</alter>
				<alter type="changed">
					<user>oracle</user>
					<timestamp>2009-12-18 15:31:11</timestamp>
				</alter>
				<generator>D33D0CA6-7DEA-8772-7E9B-FD86FB79CD5B</generator>
				<properties>
					<parameter name="design.owner" value="hr_schema" />
					<parameter name="object.existsinrepository" value="true" />
					<parameter name="object.property.defaultvalue" value="" />
					<parameter name="object.property.usesdefault" value="false" />
					<parameter name="property.comment.rdbms" value="Email id of the employee" />
				</properties>
				<engineering>
					<relational_design id="8EAAFC55-0F0A-AEE1-F0F5-D8C0FCCDCAFF" should="true" />
				</engineering>
				<des_obj_version version="1.0" />
				<domain oid="DOM3000004" file="defaultdomains" />
				<datatype dttype="var" size="25 BYTE" typename="VARCHAR2" />
				<reference value="false" />
				<logicaltype dttype="VARCHAR" oid="LOGDT024" />
				<use value="logical type" />
				<sourcetype sort="" />
				<formula desc="" />
				<subtypeSubstitution value="true" />
				<restricted_substitution value="false" />
				<source value="" />
				<documents />
				<parties />
				<changerequests />
				<measurements />
			</object>
			<object type="Attribute" id="1748CA61-C9FA-EC2B-A0B7-398116BDCDD7" rep_oid="null" rep_ovid="null" is_checkedout="false" checkedout_by="" visible_in_main_view="false" use_default_color="true" background_color="null" foreground_color="null" unique="false" allownull="true" usedomainconstraints="true" is_oid="false" structured_attribute_id="" fk="false">
				<name>PHONE NUMBER</name>
				<comment></comment>
				<notes></notes>
				<alter type="created">
					<user>oracle</user>
					<timestamp>2009-12-18 15:31:11</timestamp>
				</alter>
				<alter type="changed">
					<user>oracle</user>
					<timestamp>2009-12-18 15:31:11</timestamp>
				</alter>
				<generator>A1B3E632-5FF6-FD5F-98B8-FF26CFEC0DF5</generator>
				<properties>
					<parameter name="design.owner" value="hr_schema" />
					<parameter name="object.existsinrepository" value="true" />
					<parameter name="object.property.defaultvalue" value="" />
					<parameter name="object.property.usesdefault" value="false" />
					<parameter name="property.comment.rdbms" value="Phone number of the employee; includes country code and area code" />
				</properties>
				<engineering>
					<relational_design id="8EAAFC55-0F0A-AEE1-F0F5-D8C0FCCDCAFF" should="true" />
				</engineering>
				<des_obj_version version="1.0" />
				<domain oid="DOM3000004" file="defaultdomains" />
				<datatype dttype="var" size="20 BYTE" typename="VARCHAR2" />
				<reference value="false" />
				<logicaltype dttype="VARCHAR" oid="LOGDT024" />
				<use value="logical type" />
				<sourcetype sort="" />
				<formula desc="" />
				<subtypeSubstitution value="true" />
				<restricted_substitution value="false" />
				<source value="" />
				<documents />
				<parties />
				<changerequests />
				<measurements />
			</object>
			<object type="Attribute" id="1FF68B31-9BED-2113-F493-EAA0EF666BC8" rep_oid="null" rep_ovid="null" is_checkedout="false" checkedout_by="" visible_in_main_view="false" use_default_color="true" background_color="null" foreground_color="null" unique="false" allownull="false" usedomainconstraints="true" is_oid="false" structured_attribute_id="" fk="false">
				<name>HIRE DATE</name>
				<comment></comment>
				<notes></notes>
				<alter type="created">
					<user>oracle</user>
					<timestamp>2009-12-18 15:31:11</timestamp>
				</alter>
				<alter type="changed">
					<user>oracle</user>
					<timestamp>2009-12-18 15:31:11</timestamp>
				</alter>
				<generator>591CFC0F-1D35-FA29-C263-46A382A32EF3</generator>
				<properties>
					<parameter name="design.owner" value="hr_schema" />
					<parameter name="object.existsinrepository" value="true" />
					<parameter name="object.property.defaultvalue" value="" />
					<parameter name="object.property.usesdefault" value="false" />
					<parameter name="property.comment.rdbms" value="Date when the employee started on this job. A not null column." />
				</properties>
				<engineering>
					<relational_design id="8EAAFC55-0F0A-AEE1-F0F5-D8C0FCCDCAFF" should="true" />
				</engineering>
				<des_obj_version version="1.0" />
				<domain oid="DOM3000004" file="defaultdomains" />
				<datatype dttype="builtin" typename="DATE" />
				<reference value="false" />
				<logicaltype dttype="Date" oid="LOGDT007" />
				<use value="logical type" />
				<sourcetype sort="" />
				<formula desc="" />
				<subtypeSubstitution value="true" />
				<restricted_substitution value="false" />
				<source value="" />
				<documents />
				<parties />
				<changerequests />
				<measurements />
			</object>
			<object type="Attribute" id="B2D02182-2B6D-DAAF-8CE5-8FD768E7650F" rep_oid="null" rep_ovid="null" is_checkedout="false" checkedout_by="" visible_in_main_view="false" use_default_color="true" background_color="null" foreground_color="null" unique="false" allownull="false" usedomainconstraints="true" is_oid="false" structured_attribute_id="" fk="true" references="9978174C-6F08-0D36-B84D-38C2F43DE61F">
				<name>JOB ID</name>
				<comment></comment>
				<notes></notes>
				<alter type="created">
					<user>oracle</user>
					<timestamp>2009-12-18 15:31:11</timestamp>
				</alter>
				<alter type="changed">
					<user>oracle</user>
					<timestamp>2009-12-18 15:31:11</timestamp>
				</alter>
				<generator>24433A89-1005-330D-7920-F9F296C91A8C</generator>
				<properties>
					<parameter name="design.owner" value="hr_schema" />
					<parameter name="object.existsinrepository" value="true" />
					<parameter name="object.property.defaultvalue" value="" />
					<parameter name="object.property.usesdefault" value="false" />
					<parameter name="property.comment.rdbms" value="Current job of the employee; foreign key to job_id column of the&lt;br&gt;jobs table. A not null column." />
					<parameter name="refers.attribute" value="9978174C-6F08-0D36-B84D-38C2F43DE61F" />
				</properties>
				<engineering>
					<relational_design id="8EAAFC55-0F0A-AEE1-F0F5-D8C0FCCDCAFF" should="true" />
				</engineering>
				<des_obj_version version="1.0" />
				<domain oid="DOM3000004" file="defaultdomains" />
				<datatype dttype="var" size="10 BYTE" typename="VARCHAR2" />
				<reference value="false" />
				<logicaltype dttype="VARCHAR" oid="LOGDT024" />
				<use value="logical type" />
				<sourcetype sort="" />
				<formula desc="" />
				<subtypeSubstitution value="true" />
				<restricted_substitution value="false" />
				<source value="" />
				<documents />
				<parties />
				<changerequests />
				<measurements />
			</object>
			<object type="Attribute" id="62415D54-4CEE-2028-AFF2-1914573E5EA6" rep_oid="null" rep_ovid="null" is_checkedout="false" checkedout_by="" visible_in_main_view="false" use_default_color="true" background_color="null" foreground_color="null" unique="false" allownull="true" usedomainconstraints="false" is_oid="false" structured_attribute_id="" avt_sort_order="0" fk="false">
				<name>SALARY</name>
				<comment></comment>
				<notes></notes>
				<alter type="created">
					<user>oracle</user>
					<timestamp>2009-12-18 15:31:11</timestamp>
				</alter>
				<alter type="changed">
					<user>oracle</user>
					<timestamp>2009-12-18 15:31:11</timestamp>
				</alter>
				<generator>D8A51B23-5994-2A13-D397-1D56DBB6B154</generator>
				<properties>
					<parameter name="design.owner" value="hr_schema" />
					<parameter name="object.existsinrepository" value="true" />
					<parameter name="object.property.defaultvalue" value="" />
					<parameter name="object.property.usesdefault" value="false" />
					<parameter name="property.comment.rdbms" value="Monthly salary of the employee. Must be greater&lt;br&gt;than zero (enforced by constraint emp_salary_min)" />
				</properties>
				<engineering>
					<relational_design id="8EAAFC55-0F0A-AEE1-F0F5-D8C0FCCDCAFF" should="true" />
				</engineering>
				<des_obj_version version="1.0" />
				<constraint type="check constraint">
					<properties>
						<parameter name="Oracle Database 11g" value="salary &gt; 0" />
					</properties>
				</constraint>
				<avt>
					<beginvalue></beginvalue>
					<endvalue></endvalue>
					<description></description>
				</avt>
				<domain oid="DOM3000004" file="defaultdomains" />
				<datatype dttype="packed" precision="8" scale="2" typename="NUMBER" />
				<reference value="false" />
				<logicaltype dttype="NUMERIC" oid="LOGDT019" />
				<use value="logical type" />
				<sourcetype sort="" />
				<formula desc="" />
				<subtypeSubstitution value="true" />
				<restricted_substitution value="false" />
				<source value="" />
				<documents />
				<parties />
				<changerequests />
				<measurements />
			</object>
			<object type="Attribute" id="21E3046E-AEAE-080A-6AEF-5B3782913DCA" rep_oid="null" rep_ovid="null" is_checkedout="false" checkedout_by="" visible_in_main_view="false" use_default_color="true" background_color="null" foreground_color="null" unique="false" allownull="true" usedomainconstraints="true" is_oid="false" structured_attribute_id="" fk="false">
				<name>COMMISSION PCT</name>
				<comment></comment>
				<notes></notes>
				<alter type="created">
					<user>oracle</user>
					<timestamp>2009-12-18 15:31:11</timestamp>
				</alter>
				<alter type="changed">
					<user>oracle</user>
					<timestamp>2009-12-18 15:31:11</timestamp>
				</alter>
				<generator>B74541E0-98BC-A0DA-D264-0EAB95BC31BA</generator>
				<properties>
					<parameter name="design.owner" value="hr_schema" />
					<parameter name="object.existsinrepository" value="true" />
					<parameter name="object.property.defaultvalue" value="" />
					<parameter name="object.property.usesdefault" value="false" />
					<parameter name="property.comment.rdbms" value="Commission percentage of the employee; Only employees in sales&lt;br&gt;department elgible for commission percentage" />
				</properties>
				<engineering>
					<relational_design id="8EAAFC55-0F0A-AEE1-F0F5-D8C0FCCDCAFF" should="true" />
				</engineering>
				<des_obj_version version="1.0" />
				<domain oid="DOM3000004" file="defaultdomains" />
				<datatype dttype="packed" precision="2" scale="2" typename="NUMBER" />
				<reference value="false" />
				<logicaltype dttype="NUMERIC" oid="LOGDT019" />
				<use value="logical type" />
				<sourcetype sort="" />
				<formula desc="" />
				<subtypeSubstitution value="true" />
				<restricted_substitution value="false" />
				<source value="" />
				<documents />
				<parties />
				<changerequests />
				<measurements />
			</object>
			<object type="Attribute" id="F38903CE-B28B-6DFB-3102-746C12250916" rep_oid="null" rep_ovid="null" is_checkedout="false" checkedout_by="" visible_in_main_view="false" use_default_color="true" background_color="null" foreground_color="null" unique="false" allownull="false" usedomainconstraints="true" is_oid="false" structured_attribute_id="" fk="true" references="030B5A45-6573-5081-5300-2E35C79955C1">
				<name>MANAGER ID</name>
				<comment></comment>
				<notes></notes>
				<alter type="created">
					<user>oracle</user>
					<timestamp>2009-12-18 15:31:11</timestamp>
				</alter>
				<alter type="changed">
					<user>oracle</user>
					<timestamp>2009-12-18 15:31:11</timestamp>
				</alter>
				<generator>BFA6AFB7-02A0-4B3B-AE02-5569E1E7CE8D</generator>
				<properties>
					<parameter name="design.owner" value="hr_schema" />
					<parameter name="object.existsinrepository" value="true" />
					<parameter name="object.property.defaultvalue" value="" />
					<parameter name="object.property.usesdefault" value="false" />
					<parameter name="property.comment.rdbms" value="Manager id of the employee; has same domain as manager_id in&lt;br&gt;departments table. Foreign key to employee_id column of employees table.&lt;br&gt;(useful for reflexive joins and CONNECT BY query)" />
					<parameter name="refers.attribute" value="030B5A45-6573-5081-5300-2E35C79955C1" />
				</properties>
				<engineering>
					<relational_design id="8EAAFC55-0F0A-AEE1-F0F5-D8C0FCCDCAFF" should="true" />
				</engineering>
				<des_obj_version version="1.0" />
				<domain oid="DOM3000004" file="defaultdomains" />
				<datatype dttype="packed" precision="6" scale="" typename="NUMBER" />
				<reference value="false" />
				<logicaltype dttype="NUMERIC" oid="LOGDT019" />
				<use value="logical type" />
				<sourcetype sort="" />
				<formula desc="" />
				<subtypeSubstitution value="true" />
				<restricted_substitution value="false" />
				<source value="" />
				<documents />
				<parties />
				<changerequests />
				<measurements />
			</object>
			<object type="Attribute" id="46E45768-0C34-A0D0-F87F-76EBBDAA1AE3" rep_oid="null" rep_ovid="null" is_checkedout="false" checkedout_by="" visible_in_main_view="false" use_default_color="true" background_color="null" foreground_color="null" unique="false" allownull="true" usedomainconstraints="true" is_oid="false" structured_attribute_id="" fk="true" references="E4FA6484-8EF5-0609-D7FE-B498DEB45361">
				<name>DEPARTMENT ID</name>
				<comment></comment>
				<notes></notes>
				<alter type="created">
					<user>oracle</user>
					<timestamp>2009-12-18 15:31:11</timestamp>
				</alter>
				<alter type="changed">
					<user>oracle</user>
					<timestamp>2009-12-18 15:31:11</timestamp>
				</alter>
				<generator>78B30ABF-DAD7-EC1F-4942-86EAA77020F4</generator>
				<properties>
					<parameter name="design.owner" value="hr_schema" />
					<parameter name="object.existsinrepository" value="true" />
					<parameter name="object.property.defaultvalue" value="" />
					<parameter name="object.property.usesdefault" value="false" />
					<parameter name="property.comment.rdbms" value="Department id where employee works; foreign key to department_id&lt;br&gt;column of the departments table" />
					<parameter name="refers.attribute" value="E4FA6484-8EF5-0609-D7FE-B498DEB45361" />
				</properties>
				<engineering>
					<relational_design id="8EAAFC55-0F0A-AEE1-F0F5-D8C0FCCDCAFF" should="true" />
				</engineering>
				<des_obj_version version="1.0" />
				<domain oid="DOM3000004" file="defaultdomains" />
				<datatype dttype="packed" precision="4" scale="" typename="NUMBER" />
				<reference value="false" />
				<logicaltype dttype="NUMERIC" oid="LOGDT019" />
				<use value="logical type" />
				<sourcetype sort="" />
				<formula desc="" />
				<subtypeSubstitution value="true" />
				<restricted_substitution value="false" />
				<source value="" />
				<documents />
				<parties />
				<changerequests />
				<measurements />
			</object>
		</contained>
		<key>
			<object type="Candidate Key" id="A5B11F9C-F1FA-C859-8622-77A864EE54DB" rep_oid="null" rep_ovid="null" is_checkedout="false" checkedout_by="" visible_in_main_view="false" use_default_color="true" background_color="null" foreground_color="null" pk="false" keystate="Unique Key" synonym="">
				<name>EMP EMAIL UK</name>
				<comment></comment>
				<notes></notes>
				<alter type="created">
					<user>oracle</user>
					<timestamp>2009-12-18 15:31:11</timestamp>
				</alter>
				<alter type="changed">
					<user>oracle</user>
					<timestamp>2009-12-18 15:31:11</timestamp>
				</alter>
				<generator>E818346C-B4C1-DDEE-7CB9-FD5D7107CA19</generator>
				<properties>
					<parameter name="design.owner" value="hr_schema" />
					<parameter name="object.existsinrepository" value="true" />
					<parameter name="property.comment.rdbms" value="" />
				</properties>
				<engineering>
					<relational_design id="8EAAFC55-0F0A-AEE1-F0F5-D8C0FCCDCAFF" should="true" />
				</engineering>
				<des_obj_version version="1.0" />
				<contains type="Attribute">22B10164-E6D8-A895-EFB0-71DAC9A20D2A</contains>
				<documents />
				<parties />
				<changerequests />
				<measurements />
			</object>
			<object type="Candidate Key" id="2583F946-B74D-9F32-9EBB-E6641F849E9B" rep_oid="null" rep_ovid="null" is_checkedout="false" checkedout_by="" visible_in_main_view="false" use_default_color="true" background_color="null" foreground_color="null" pk="true" keystate="Primary Key" synonym="">
				<name>EMP EMP ID PK</name>
				<comment></comment>
				<notes></notes>
				<alter type="created">
					<user>oracle</user>
					<timestamp>2009-12-18 15:31:11</timestamp>
				</alter>
				<alter type="changed">
					<user>oracle</user>
					<timestamp>2009-12-18 15:31:11</timestamp>
				</alter>
				<generator>A8096854-4BF3-53AC-BF1B-9C53C6C5F9BC</generator>
				<properties>
					<parameter name="design.owner" value="hr_schema" />
					<parameter name="object.existsinrepository" value="true" />
					<parameter name="property.comment.rdbms" value="" />
				</properties>
				<engineering>
					<relational_design id="8EAAFC55-0F0A-AEE1-F0F5-D8C0FCCDCAFF" should="true" />
				</engineering>
				<des_obj_version version="1.0" />
				<contains type="Attribute">030B5A45-6573-5081-5300-2E35C79955C1</contains>
				<documents />
				<parties />
				<changerequests />
				<measurements />
			</object>
		</key>
	</object>
</metadatadoc>