<?xml version="1.0" encoding="UTF-8" ?>
<extendedmap version="2.0">
	<mappings>
		<extmapping>
			<parameter name="creationTime" value="1267118604157" />
			<parameter name="fw_engineer" value="true" />
			<parameter name="inheritance_type" value="0" />
			<parameter name="owner.design.id" value="E17F99D8-C2A8-5725-C556-DFF80C000E74" />
			<parameter name="owner.design.name" value="Logical" />
			<parameter name="owner.id" value="0488B6A7-1FBE-AEEC-D96A-340A5E4CBEE8" />
			<parameter name="owner.name" value="Arc_1" />
			<parameter name="owner.type" value="-1" />
			<parameter name="rev_engineer" value="true" />
			<parameter name="target.design.id" value="CA0A5102-8613-A844-1FAA-2D7357BCA011" />
			<parameter name="target.design.name" value="null" />
			<parameter name="target.id" value="826F8060-5F3A-A6E0-46C8-4BA8414EB1B9" />
			<parameter name="target.name" value="FKArc_2" />
			<parameter name="target.type" value="-1" />
		</extmapping>
		<extmapping>
			<parameter name="creationTime" value="1267118604142" />
			<parameter name="fw_engineer" value="true" />
			<parameter name="inheritance_type" value="0" />
			<parameter name="owner.design.id" value="E17F99D8-C2A8-5725-C556-DFF80C000E74" />
			<parameter name="owner.design.name" value="Logical" />
			<parameter name="owner.id" value="0D529C41-0449-83FB-8C3A-DF89BF071780" />
			<parameter name="owner.name" value="County_PK" />
			<parameter name="owner.type" value="2" />
			<parameter name="rev_engineer" value="true" />
			<parameter name="target.design.id" value="CA0A5102-8613-A844-1FAA-2D7357BCA011" />
			<parameter name="target.design.name" value="null" />
			<parameter name="target.id" value="36818027-5319-684C-4C9F-0BC7E6F7CEC9" />
			<parameter name="target.name" value="COUNTY_PK" />
			<parameter name="target.type" value="6" />
		</extmapping>
		<extmapping>
			<parameter name="creationTime" value="1267118604142" />
			<parameter name="fw_engineer" value="true" />
			<parameter name="inheritance_type" value="0" />
			<parameter name="owner.design.id" value="E17F99D8-C2A8-5725-C556-DFF80C000E74" />
			<parameter name="owner.design.name" value="Logical" />
			<parameter name="owner.id" value="10B449ED-A24D-1E31-5658-5F8958C13CB9" />
			<parameter name="owner.name" value="Phone Number" />
			<parameter name="owner.type" value="1" />
			<parameter name="owner_container_id" value="65117BA7-C4E2-FEF3-E391-E1C612C9BCF3" />
			<parameter name="rev_engineer" value="true" />
			<parameter name="target.design.id" value="CA0A5102-8613-A844-1FAA-2D7357BCA011" />
			<parameter name="target.design.name" value="null" />
			<parameter name="target.id" value="27F00F25-2683-AFF1-831E-9B65AEE73BCD" />
			<parameter name="target.name" value="PH_NO" />
			<parameter name="target.type" value="5" />
			<parameter name="target_container_id" value="20EFE58C-E998-7676-D099-A78F90DF8595" />
		</extmapping>
		<extmapping>
			<parameter name="creationTime" value="1267118604157" />
			<parameter name="fw_engineer" value="true" />
			<parameter name="inheritance_type" value="0" />
			<parameter name="owner.design.id" value="E17F99D8-C2A8-5725-C556-DFF80C000E74" />
			<parameter name="owner.design.name" value="Logical" />
			<parameter name="owner.id" value="19526F58-B186-8CBD-A543-715231797DB9" />
			<parameter name="owner.name" value="Relation_5" />
			<parameter name="owner.type" value="3" />
			<parameter name="real_source_entity_id" value="5200C98B-24B9-1548-53BC-073519553724" />
			<parameter name="real_target_entity_id" value="65117BA7-C4E2-FEF3-E391-E1C612C9BCF3" />
			<parameter name="rev_engineer" value="true" />
			<parameter name="target.design.id" value="CA0A5102-8613-A844-1FAA-2D7357BCA011" />
			<parameter name="target.design.name" value="5200C98B-24B9-1548-53BC-073519553724" />
			<parameter name="target.id" value="931BCC0F-7402-DDDA-9803-0B08D83CF51F" />
			<parameter name="target.name" value="Relation_5" />
			<parameter name="target.type" value="-1" />
		</extmapping>
		<extmapping>
			<parameter name="creationTime" value="1267118604126" />
			<parameter name="fw_engineer" value="true" />
			<parameter name="inheritance_type" value="0" />
			<parameter name="owner.design.id" value="E17F99D8-C2A8-5725-C556-DFF80C000E74" />
			<parameter name="owner.design.name" value="Logical" />
			<parameter name="owner.id" value="1B5C6BF9-608A-D585-DC3A-0ECA360A0780" />
			<parameter name="owner.name" value="Country_PK" />
			<parameter name="owner.type" value="2" />
			<parameter name="rev_engineer" value="true" />
			<parameter name="target.design.id" value="CA0A5102-8613-A844-1FAA-2D7357BCA011" />
			<parameter name="target.design.name" value="null" />
			<parameter name="target.id" value="55B30D34-0A6C-175B-BC53-B7DF1000DACB" />
			<parameter name="target.name" value="CTRY__PK" />
			<parameter name="target.type" value="6" />
		</extmapping>
		<extmapping>
			<parameter name="creationTime" value="1267118604157" />
			<parameter name="fw_engineer" value="true" />
			<parameter name="inheritance_type" value="0" />
			<parameter name="owner.design.id" value="E17F99D8-C2A8-5725-C556-DFF80C000E74" />
			<parameter name="owner.design.name" value="Logical" />
			<parameter name="owner.id" value="1CB3BE1E-005C-610C-3CF0-EDAF388A0C2C" />
			<parameter name="owner.name" value="Relation_1" />
			<parameter name="owner.type" value="3" />
			<parameter name="real_source_entity_id" value="E5B170E7-D3F3-DE56-4B0A-FB129EEA90C0" />
			<parameter name="real_target_entity_id" value="65117BA7-C4E2-FEF3-E391-E1C612C9BCF3" />
			<parameter name="rev_engineer" value="true" />
			<parameter name="target.design.id" value="CA0A5102-8613-A844-1FAA-2D7357BCA011" />
			<parameter name="target.design.name" value="E5B170E7-D3F3-DE56-4B0A-FB129EEA90C0" />
			<parameter name="target.id" value="A314310F-881E-56E7-A233-B50133F366C8" />
			<parameter name="target.name" value="Relation_1" />
			<parameter name="target.type" value="-1" />
		</extmapping>
		<extmapping>
			<parameter name="creationTime" value="1267118604142" />
			<parameter name="fw_engineer" value="true" />
			<parameter name="inheritance_type" value="0" />
			<parameter name="owner.design.id" value="E17F99D8-C2A8-5725-C556-DFF80C000E74" />
			<parameter name="owner.design.name" value="Logical" />
			<parameter name="owner.id" value="1E362B73-6047-C012-FE54-27D0DC8C175E" />
			<parameter name="owner.name" value="ID" />
			<parameter name="owner.type" value="1" />
			<parameter name="owner_container_id" value="E5B170E7-D3F3-DE56-4B0A-FB129EEA90C0" />
			<parameter name="rev_engineer" value="true" />
			<parameter name="target.design.id" value="CA0A5102-8613-A844-1FAA-2D7357BCA011" />
			<parameter name="target.design.name" value="null" />
			<parameter name="target.id" value="F49FAC47-599D-F900-7B3A-32BADCC14920" />
			<parameter name="target.name" value="ID" />
			<parameter name="target.type" value="5" />
			<parameter name="target_container_id" value="725B226B-0572-9D61-AF7D-DD410B946DDC" />
		</extmapping>
		<extmapping>
			<parameter name="creationTime" value="1267118604142" />
			<parameter name="fw_engineer" value="true" />
			<parameter name="inheritance_type" value="0" />
			<parameter name="owner.design.id" value="E17F99D8-C2A8-5725-C556-DFF80C000E74" />
			<parameter name="owner.design.name" value="Logical" />
			<parameter name="owner.id" value="2281DF0D-778D-EFFC-5BC3-9E24A9A786D1" />
			<parameter name="owner.name" value="Other State_ID" />
			<parameter name="owner.type" value="1" />
			<parameter name="owner_container_id" value="65117BA7-C4E2-FEF3-E391-E1C612C9BCF3" />
			<parameter name="rev_engineer" value="true" />
			<parameter name="target.design.id" value="CA0A5102-8613-A844-1FAA-2D7357BCA011" />
			<parameter name="target.design.name" value="null" />
			<parameter name="target.id" value="3AD406F9-0A57-0D06-629B-97A6DD5F5912" />
			<parameter name="target.name" value="OTHER_STATE__ID" />
			<parameter name="target.type" value="5" />
			<parameter name="target_container_id" value="20EFE58C-E998-7676-D099-A78F90DF8595" />
		</extmapping>
		<extmapping>
			<parameter name="creationTime" value="1267118604157" />
			<parameter name="fw_engineer" value="true" />
			<parameter name="inheritance_type" value="0" />
			<parameter name="owner.design.id" value="E17F99D8-C2A8-5725-C556-DFF80C000E74" />
			<parameter name="owner.design.name" value="Logical" />
			<parameter name="owner.id" value="36D67A47-961E-1174-87B7-22A7E400F232" />
			<parameter name="owner.name" value="Hourly rate" />
			<parameter name="owner.type" value="1" />
			<parameter name="owner_container_id" value="C64DC8C8-36D6-6835-555E-80B8F751B516" />
			<parameter name="rev_engineer" value="true" />
			<parameter name="target.design.id" value="CA0A5102-8613-A844-1FAA-2D7357BCA011" />
			<parameter name="target.design.name" value="null" />
			<parameter name="target.id" value="06F04FF5-1011-0E66-CB9F-2AA373D7F019" />
			<parameter name="target.name" value="HOURLY RATE" />
			<parameter name="target.type" value="5" />
			<parameter name="target_container_id" value="20EFE58C-E998-7676-D099-A78F90DF8595" />
		</extmapping>
		<extmapping>
			<parameter name="creationTime" value="1267118604142" />
			<parameter name="fw_engineer" value="true" />
			<parameter name="inheritance_type" value="0" />
			<parameter name="owner.design.id" value="E17F99D8-C2A8-5725-C556-DFF80C000E74" />
			<parameter name="owner.design.name" value="Logical" />
			<parameter name="owner.id" value="37ABEBE6-F865-D8A1-0F19-EB4AE445CD99" />
			<parameter name="owner.name" value="Last Name" />
			<parameter name="owner.type" value="1" />
			<parameter name="owner_container_id" value="65117BA7-C4E2-FEF3-E391-E1C612C9BCF3" />
			<parameter name="rev_engineer" value="true" />
			<parameter name="target.design.id" value="CA0A5102-8613-A844-1FAA-2D7357BCA011" />
			<parameter name="target.design.name" value="null" />
			<parameter name="target.id" value="93353F61-1C6D-DE4D-90D3-A1412CA44FC1" />
			<parameter name="target.name" value="LAST_NM" />
			<parameter name="target.type" value="5" />
			<parameter name="target_container_id" value="20EFE58C-E998-7676-D099-A78F90DF8595" />
		</extmapping>
		<extmapping>
			<parameter name="creationTime" value="1267118604142" />
			<parameter name="fw_engineer" value="true" />
			<parameter name="inheritance_type" value="0" />
			<parameter name="owner.design.id" value="E17F99D8-C2A8-5725-C556-DFF80C000E74" />
			<parameter name="owner.design.name" value="Logical" />
			<parameter name="owner.id" value="3B588F22-9C49-6EC8-59AF-E38EC9167CFF" />
			<parameter name="owner.name" value="Country_Code" />
			<parameter name="owner.type" value="1" />
			<parameter name="owner_container_id" value="65117BA7-C4E2-FEF3-E391-E1C612C9BCF3" />
			<parameter name="rev_engineer" value="true" />
			<parameter name="target.design.id" value="CA0A5102-8613-A844-1FAA-2D7357BCA011" />
			<parameter name="target.design.name" value="null" />
			<parameter name="target.id" value="BA5487E8-FAE1-79A9-72E8-23518124647F" />
			<parameter name="target.name" value="CTRY__CODE" />
			<parameter name="target.type" value="5" />
			<parameter name="target_container_id" value="20EFE58C-E998-7676-D099-A78F90DF8595" />
		</extmapping>
		<extmapping>
			<parameter name="creationTime" value="1267118604126" />
			<parameter name="fw_engineer" value="true" />
			<parameter name="inheritance_type" value="0" />
			<parameter name="owner.design.id" value="E17F99D8-C2A8-5725-C556-DFF80C000E74" />
			<parameter name="owner.design.name" value="Logical" />
			<parameter name="owner.id" value="5200C98B-24B9-1548-53BC-073519553724" />
			<parameter name="owner.name" value="Country" />
			<parameter name="owner.type" value="0" />
			<parameter name="rev_engineer" value="true" />
			<parameter name="target.design.id" value="CA0A5102-8613-A844-1FAA-2D7357BCA011" />
			<parameter name="target.design.name" value="null" />
			<parameter name="target.id" value="4423EE64-2B45-6D18-DF5E-2E0B31C85ECA" />
			<parameter name="target.name" value="CTRY" />
			<parameter name="target.type" value="4" />
		</extmapping>
		<extmapping>
			<parameter name="creationTime" value="1267118604142" />
			<parameter name="fw_engineer" value="true" />
			<parameter name="inheritance_type" value="0" />
			<parameter name="owner.design.id" value="E17F99D8-C2A8-5725-C556-DFF80C000E74" />
			<parameter name="owner.design.name" value="Logical" />
			<parameter name="owner.id" value="5FAE70D2-CB24-D7EB-ACC8-2AC435C0B8AB" />
			<parameter name="owner.name" value="Email" />
			<parameter name="owner.type" value="1" />
			<parameter name="owner_container_id" value="65117BA7-C4E2-FEF3-E391-E1C612C9BCF3" />
			<parameter name="rev_engineer" value="true" />
			<parameter name="target.design.id" value="CA0A5102-8613-A844-1FAA-2D7357BCA011" />
			<parameter name="target.design.name" value="null" />
			<parameter name="target.id" value="A20F59B4-5A62-E006-3D20-AB6B42B151B6" />
			<parameter name="target.name" value="EMAIL" />
			<parameter name="target.type" value="5" />
			<parameter name="target_container_id" value="20EFE58C-E998-7676-D099-A78F90DF8595" />
		</extmapping>
		<extmapping>
			<parameter name="creationTime" value="1267118604142" />
			<parameter name="fw_engineer" value="true" />
			<parameter name="inheritance_type" value="1" />
			<parameter name="owner.design.id" value="E17F99D8-C2A8-5725-C556-DFF80C000E74" />
			<parameter name="owner.design.name" value="Logical" />
			<parameter name="owner.id" value="65117BA7-C4E2-FEF3-E391-E1C612C9BCF3" />
			<parameter name="owner.name" value="Employees" />
			<parameter name="owner.type" value="0" />
			<parameter name="rev_engineer" value="true" />
			<parameter name="target.design.id" value="CA0A5102-8613-A844-1FAA-2D7357BCA011" />
			<parameter name="target.design.name" value="null" />
			<parameter name="target.id" value="20EFE58C-E998-7676-D099-A78F90DF8595" />
			<parameter name="target.name" value="EMPLOYEES" />
			<parameter name="target.type" value="4" />
		</extmapping>
		<extmapping>
			<parameter name="creationTime" value="1267118604142" />
			<parameter name="fw_engineer" value="true" />
			<parameter name="inheritance_type" value="0" />
			<parameter name="owner.design.id" value="E17F99D8-C2A8-5725-C556-DFF80C000E74" />
			<parameter name="owner.design.name" value="Logical" />
			<parameter name="owner.id" value="70B9C813-9EB2-04AA-DF8D-01DEBFFADF5E" />
			<parameter name="owner.name" value="Name" />
			<parameter name="owner.type" value="1" />
			<parameter name="owner_container_id" value="E5B170E7-D3F3-DE56-4B0A-FB129EEA90C0" />
			<parameter name="rev_engineer" value="true" />
			<parameter name="target.design.id" value="CA0A5102-8613-A844-1FAA-2D7357BCA011" />
			<parameter name="target.design.name" value="null" />
			<parameter name="target.id" value="FC2390A7-8490-B932-1DFF-41CA0DD001A1" />
			<parameter name="target.name" value="NM" />
			<parameter name="target.type" value="5" />
			<parameter name="target_container_id" value="725B226B-0572-9D61-AF7D-DD410B946DDC" />
		</extmapping>
		<extmapping>
			<parameter name="creationTime" value="1267118604142" />
			<parameter name="fw_engineer" value="true" />
			<parameter name="inheritance_type" value="0" />
			<parameter name="owner.design.id" value="E17F99D8-C2A8-5725-C556-DFF80C000E74" />
			<parameter name="owner.design.name" value="Logical" />
			<parameter name="owner.id" value="74E8AF81-C994-6874-0D23-C84A868A7B46" />
			<parameter name="owner.name" value="Department_PK" />
			<parameter name="owner.type" value="2" />
			<parameter name="rev_engineer" value="true" />
			<parameter name="target.design.id" value="CA0A5102-8613-A844-1FAA-2D7357BCA011" />
			<parameter name="target.design.name" value="null" />
			<parameter name="target.id" value="D4C0C238-F0D7-D58C-DE2D-CEE964A3F4BC" />
			<parameter name="target.name" value="DEPT__PK" />
			<parameter name="target.type" value="6" />
		</extmapping>
		<extmapping>
			<parameter name="creationTime" value="1267118604157" />
			<parameter name="fw_engineer" value="true" />
			<parameter name="inheritance_type" value="0" />
			<parameter name="owner.design.id" value="E17F99D8-C2A8-5725-C556-DFF80C000E74" />
			<parameter name="owner.design.name" value="Logical" />
			<parameter name="owner.id" value="7929E9AD-A0A0-F61D-8CC4-D09218300996" />
			<parameter name="owner.name" value="Employees_PK" />
			<parameter name="owner.type" value="2" />
			<parameter name="rev_engineer" value="true" />
			<parameter name="target.design.id" value="CA0A5102-8613-A844-1FAA-2D7357BCA011" />
			<parameter name="target.design.name" value="null" />
			<parameter name="target.id" value="E6026B00-EA21-C36C-55C4-8C202A22BAEE" />
			<parameter name="target.name" value="EMP_S_PK" />
			<parameter name="target.type" value="6" />
		</extmapping>
		<extmapping>
			<parameter name="creationTime" value="1267118604142" />
			<parameter name="fw_engineer" value="true" />
			<parameter name="inheritance_type" value="0" />
			<parameter name="owner.design.id" value="E17F99D8-C2A8-5725-C556-DFF80C000E74" />
			<parameter name="owner.design.name" value="Logical" />
			<parameter name="owner.id" value="794C5E9D-E924-82AB-5702-A28AEE4B6995" />
			<parameter name="owner.name" value="Salary" />
			<parameter name="owner.type" value="1" />
			<parameter name="owner_container_id" value="DDFC5F14-2355-3267-DF55-EA3D036EF53E" />
			<parameter name="rev_engineer" value="true" />
			<parameter name="target.design.id" value="CA0A5102-8613-A844-1FAA-2D7357BCA011" />
			<parameter name="target.design.name" value="null" />
			<parameter name="target.id" value="212EC912-151E-0991-B936-E8860CABFD55" />
			<parameter name="target.name" value="SAL" />
			<parameter name="target.type" value="5" />
			<parameter name="target_container_id" value="20EFE58C-E998-7676-D099-A78F90DF8595" />
		</extmapping>
		<extmapping>
			<parameter name="creationTime" value="1267118604142" />
			<parameter name="fw_engineer" value="true" />
			<parameter name="inheritance_type" value="0" />
			<parameter name="owner.design.id" value="E17F99D8-C2A8-5725-C556-DFF80C000E74" />
			<parameter name="owner.design.name" value="Logical" />
			<parameter name="owner.id" value="7BA38F91-867F-F85B-9196-32A2D48C613D" />
			<parameter name="owner.name" value="First Name" />
			<parameter name="owner.type" value="1" />
			<parameter name="owner_container_id" value="65117BA7-C4E2-FEF3-E391-E1C612C9BCF3" />
			<parameter name="rev_engineer" value="true" />
			<parameter name="target.design.id" value="CA0A5102-8613-A844-1FAA-2D7357BCA011" />
			<parameter name="target.design.name" value="null" />
			<parameter name="target.id" value="AD0A6E76-2D1A-2E1F-0988-F7DE5E6713B0" />
			<parameter name="target.name" value="FIRST_NM" />
			<parameter name="target.type" value="5" />
			<parameter name="target_container_id" value="20EFE58C-E998-7676-D099-A78F90DF8595" />
		</extmapping>
		<extmapping>
			<parameter name="creationTime" value="1267118604142" />
			<parameter name="fw_engineer" value="true" />
			<parameter name="inheritance_type" value="0" />
			<parameter name="owner.design.id" value="E17F99D8-C2A8-5725-C556-DFF80C000E74" />
			<parameter name="owner.design.name" value="Logical" />
			<parameter name="owner.id" value="7D2F0EAF-1D82-2D85-52F1-0839A78B4807" />
			<parameter name="owner.name" value="ID" />
			<parameter name="owner.type" value="1" />
			<parameter name="owner_container_id" value="9AA2642A-6C99-3C23-6122-AF66A1D23930" />
			<parameter name="rev_engineer" value="true" />
			<parameter name="target.design.id" value="CA0A5102-8613-A844-1FAA-2D7357BCA011" />
			<parameter name="target.design.name" value="null" />
			<parameter name="target.id" value="765B161F-B06F-612B-EE07-F7429C3D39C8" />
			<parameter name="target.name" value="ID" />
			<parameter name="target.type" value="5" />
			<parameter name="target_container_id" value="122C63CC-FEB6-011A-55E4-6EDF7F43D999" />
		</extmapping>
		<extmapping>
			<parameter name="creationTime" value="1267118604142" />
			<parameter name="fw_engineer" value="true" />
			<parameter name="inheritance_type" value="0" />
			<parameter name="owner.design.id" value="E17F99D8-C2A8-5725-C556-DFF80C000E74" />
			<parameter name="owner.design.name" value="Logical" />
			<parameter name="owner.id" value="83D7807A-3984-410A-D39D-CEB8ACB3496D" />
			<parameter name="owner.name" value="Name" />
			<parameter name="owner.type" value="1" />
			<parameter name="owner_container_id" value="9AA2642A-6C99-3C23-6122-AF66A1D23930" />
			<parameter name="rev_engineer" value="true" />
			<parameter name="target.design.id" value="CA0A5102-8613-A844-1FAA-2D7357BCA011" />
			<parameter name="target.design.name" value="null" />
			<parameter name="target.id" value="D4F09BBA-5509-6345-CD66-CE0884DB5CA9" />
			<parameter name="target.name" value="NM" />
			<parameter name="target.type" value="5" />
			<parameter name="target_container_id" value="122C63CC-FEB6-011A-55E4-6EDF7F43D999" />
		</extmapping>
		<extmapping>
			<parameter name="creationTime" value="1267118604142" />
			<parameter name="fw_engineer" value="true" />
			<parameter name="inheritance_type" value="0" />
			<parameter name="owner.design.id" value="E17F99D8-C2A8-5725-C556-DFF80C000E74" />
			<parameter name="owner.design.name" value="Logical" />
			<parameter name="owner.id" value="9AA2642A-6C99-3C23-6122-AF66A1D23930" />
			<parameter name="owner.name" value="Other State" />
			<parameter name="owner.type" value="0" />
			<parameter name="rev_engineer" value="true" />
			<parameter name="target.design.id" value="CA0A5102-8613-A844-1FAA-2D7357BCA011" />
			<parameter name="target.design.name" value="null" />
			<parameter name="target.id" value="122C63CC-FEB6-011A-55E4-6EDF7F43D999" />
			<parameter name="target.name" value="OTHER_STATE" />
			<parameter name="target.type" value="4" />
		</extmapping>
		<extmapping>
			<parameter name="creationTime" value="1267118604126" />
			<parameter name="fw_engineer" value="true" />
			<parameter name="inheritance_type" value="0" />
			<parameter name="owner.design.id" value="E17F99D8-C2A8-5725-C556-DFF80C000E74" />
			<parameter name="owner.design.name" value="Logical" />
			<parameter name="owner.id" value="A2DAB4C6-4612-5FE7-F697-A9F3E5A900B3" />
			<parameter name="owner.name" value="County" />
			<parameter name="owner.type" value="0" />
			<parameter name="rev_engineer" value="true" />
			<parameter name="target.design.id" value="CA0A5102-8613-A844-1FAA-2D7357BCA011" />
			<parameter name="target.design.name" value="null" />
			<parameter name="target.id" value="B40CB2EA-164C-3A03-3547-D3AA8E2C5117" />
			<parameter name="target.name" value="COUNTY" />
			<parameter name="target.type" value="4" />
		</extmapping>
		<extmapping>
			<parameter name="creationTime" value="1267118604157" />
			<parameter name="fw_engineer" value="true" />
			<parameter name="inheritance_type" value="0" />
			<parameter name="owner.design.id" value="E17F99D8-C2A8-5725-C556-DFF80C000E74" />
			<parameter name="owner.design.name" value="Logical" />
			<parameter name="owner.id" value="B04D2AD8-3834-C213-B138-3298E32A171D" />
			<parameter name="owner.name" value="Overtime Rate" />
			<parameter name="owner.type" value="1" />
			<parameter name="owner_container_id" value="C64DC8C8-36D6-6835-555E-80B8F751B516" />
			<parameter name="rev_engineer" value="true" />
			<parameter name="target.design.id" value="CA0A5102-8613-A844-1FAA-2D7357BCA011" />
			<parameter name="target.design.name" value="null" />
			<parameter name="target.id" value="B9B24B19-3F3B-8B8F-FAA8-C712FB28884B" />
			<parameter name="target.name" value="OVERTIME RATE" />
			<parameter name="target.type" value="5" />
			<parameter name="target_container_id" value="20EFE58C-E998-7676-D099-A78F90DF8595" />
		</extmapping>
		<extmapping>
			<parameter name="creationTime" value="1267118604157" />
			<parameter name="fw_engineer" value="true" />
			<parameter name="inheritance_type" value="0" />
			<parameter name="owner.design.id" value="E17F99D8-C2A8-5725-C556-DFF80C000E74" />
			<parameter name="owner.design.name" value="Logical" />
			<parameter name="owner.id" value="B46D9368-B5DD-135D-9925-391271EE6901" />
			<parameter name="owner.name" value="Relation_6" />
			<parameter name="owner.type" value="3" />
			<parameter name="real_source_entity_id" value="A2DAB4C6-4612-5FE7-F697-A9F3E5A900B3" />
			<parameter name="real_target_entity_id" value="65117BA7-C4E2-FEF3-E391-E1C612C9BCF3" />
			<parameter name="rev_engineer" value="true" />
			<parameter name="target.design.id" value="CA0A5102-8613-A844-1FAA-2D7357BCA011" />
			<parameter name="target.design.name" value="A2DAB4C6-4612-5FE7-F697-A9F3E5A900B3" />
			<parameter name="target.id" value="A000F11F-848C-DB5A-0A07-6E6B2755BCFC" />
			<parameter name="target.name" value="Relation_6" />
			<parameter name="target.type" value="-1" />
		</extmapping>
		<extmapping>
			<parameter name="creationTime" value="1267118604126" />
			<parameter name="fw_engineer" value="true" />
			<parameter name="inheritance_type" value="0" />
			<parameter name="owner.design.id" value="E17F99D8-C2A8-5725-C556-DFF80C000E74" />
			<parameter name="owner.design.name" value="Logical" />
			<parameter name="owner.id" value="B62B477E-3F30-8979-797F-7DF0938D9341" />
			<parameter name="owner.name" value="Code" />
			<parameter name="owner.type" value="1" />
			<parameter name="owner_container_id" value="5200C98B-24B9-1548-53BC-073519553724" />
			<parameter name="rev_engineer" value="true" />
			<parameter name="target.design.id" value="CA0A5102-8613-A844-1FAA-2D7357BCA011" />
			<parameter name="target.design.name" value="null" />
			<parameter name="target.id" value="A1D6098D-D9A1-C193-6F14-9971D4EC9C22" />
			<parameter name="target.name" value="CODE" />
			<parameter name="target.type" value="5" />
			<parameter name="target_container_id" value="4423EE64-2B45-6D18-DF5E-2E0B31C85ECA" />
		</extmapping>
		<extmapping>
			<parameter name="creationTime" value="1267118604126" />
			<parameter name="fw_engineer" value="true" />
			<parameter name="inheritance_type" value="0" />
			<parameter name="owner.design.id" value="E17F99D8-C2A8-5725-C556-DFF80C000E74" />
			<parameter name="owner.design.name" value="Logical" />
			<parameter name="owner.id" value="B7238965-159A-D144-7B6A-BBED98A04ACC" />
			<parameter name="owner.name" value="Name" />
			<parameter name="owner.type" value="1" />
			<parameter name="owner_container_id" value="5200C98B-24B9-1548-53BC-073519553724" />
			<parameter name="rev_engineer" value="true" />
			<parameter name="target.design.id" value="CA0A5102-8613-A844-1FAA-2D7357BCA011" />
			<parameter name="target.design.name" value="null" />
			<parameter name="target.id" value="696D2A17-24EC-DF82-CFD9-94DFDF3EE9D7" />
			<parameter name="target.name" value="NM" />
			<parameter name="target.type" value="5" />
			<parameter name="target_container_id" value="4423EE64-2B45-6D18-DF5E-2E0B31C85ECA" />
		</extmapping>
		<extmapping>
			<parameter name="creationTime" value="1267118604142" />
			<parameter name="fw_engineer" value="true" />
			<parameter name="inheritance_type" value="0" />
			<parameter name="owner.design.id" value="E17F99D8-C2A8-5725-C556-DFF80C000E74" />
			<parameter name="owner.design.name" value="Logical" />
			<parameter name="owner.id" value="BA17A6EB-67F6-811C-6AFD-C59DDDB1A0C5" />
			<parameter name="owner.name" value="County_Code" />
			<parameter name="owner.type" value="1" />
			<parameter name="owner_container_id" value="65117BA7-C4E2-FEF3-E391-E1C612C9BCF3" />
			<parameter name="rev_engineer" value="true" />
			<parameter name="target.design.id" value="CA0A5102-8613-A844-1FAA-2D7357BCA011" />
			<parameter name="target.design.name" value="null" />
			<parameter name="target.id" value="494575CC-1505-CDB6-15C9-49A8C682940C" />
			<parameter name="target.name" value="COUNTY_CODE" />
			<parameter name="target.type" value="5" />
			<parameter name="target_container_id" value="20EFE58C-E998-7676-D099-A78F90DF8595" />
		</extmapping>
		<extmapping>
			<parameter name="creationTime" value="1267118604142" />
			<parameter name="fw_engineer" value="true" />
			<parameter name="inheritance_type" value="0" />
			<parameter name="owner.design.id" value="E17F99D8-C2A8-5725-C556-DFF80C000E74" />
			<parameter name="owner.design.name" value="Logical" />
			<parameter name="owner.id" value="BF44AFDC-EEC4-84DE-8F0F-111A811BB877" />
			<parameter name="owner.name" value="Code" />
			<parameter name="owner.type" value="1" />
			<parameter name="owner_container_id" value="A2DAB4C6-4612-5FE7-F697-A9F3E5A900B3" />
			<parameter name="rev_engineer" value="true" />
			<parameter name="target.design.id" value="CA0A5102-8613-A844-1FAA-2D7357BCA011" />
			<parameter name="target.design.name" value="null" />
			<parameter name="target.id" value="7CA5D8CD-21BE-174D-2C10-457467BD3D3D" />
			<parameter name="target.name" value="CODE" />
			<parameter name="target.type" value="5" />
			<parameter name="target_container_id" value="B40CB2EA-164C-3A03-3547-D3AA8E2C5117" />
		</extmapping>
		<extmapping>
			<parameter name="creationTime" value="1267118604142" />
			<parameter name="fw_engineer" value="true" />
			<parameter name="inheritance_type" value="0" />
			<parameter name="owner.design.id" value="E17F99D8-C2A8-5725-C556-DFF80C000E74" />
			<parameter name="owner.design.name" value="Logical" />
			<parameter name="owner.id" value="C45EF44E-BED0-8968-000B-8565B6517AF0" />
			<parameter name="owner.name" value="Department_ID" />
			<parameter name="owner.type" value="1" />
			<parameter name="owner_container_id" value="65117BA7-C4E2-FEF3-E391-E1C612C9BCF3" />
			<parameter name="rev_engineer" value="true" />
			<parameter name="target.design.id" value="CA0A5102-8613-A844-1FAA-2D7357BCA011" />
			<parameter name="target.design.name" value="null" />
			<parameter name="target.id" value="0FA799A9-16CA-F271-0898-BF863E4EEB7F" />
			<parameter name="target.name" value="DEPT__ID" />
			<parameter name="target.type" value="5" />
			<parameter name="target_container_id" value="20EFE58C-E998-7676-D099-A78F90DF8595" />
		</extmapping>
		<extmapping>
			<parameter name="creationTime" value="1267118604142" />
			<parameter name="fw_engineer" value="true" />
			<parameter name="inheritance_type" value="0" />
			<parameter name="owner.design.id" value="E17F99D8-C2A8-5725-C556-DFF80C000E74" />
			<parameter name="owner.design.name" value="Logical" />
			<parameter name="owner.id" value="C56BD789-AB68-F8AF-B94E-364CAD45B45B" />
			<parameter name="owner.name" value="Commission Percentage" />
			<parameter name="owner.type" value="1" />
			<parameter name="owner_container_id" value="DDFC5F14-2355-3267-DF55-EA3D036EF53E" />
			<parameter name="rev_engineer" value="true" />
			<parameter name="target.design.id" value="CA0A5102-8613-A844-1FAA-2D7357BCA011" />
			<parameter name="target.design.name" value="null" />
			<parameter name="target.id" value="53FA0D65-5717-5C9E-E0F2-50FB22182E4D" />
			<parameter name="target.name" value="COMM_PCT" />
			<parameter name="target.type" value="5" />
			<parameter name="target_container_id" value="20EFE58C-E998-7676-D099-A78F90DF8595" />
		</extmapping>
		<extmapping>
			<parameter name="creationTime" value="1267118604157" />
			<parameter name="fw_engineer" value="true" />
			<parameter name="inheritance_type" value="1" />
			<parameter name="owner.design.id" value="E17F99D8-C2A8-5725-C556-DFF80C000E74" />
			<parameter name="owner.design.name" value="Logical" />
			<parameter name="owner.id" value="C64DC8C8-36D6-6835-555E-80B8F751B516" />
			<parameter name="owner.name" value="Non-Exempt Employee" />
			<parameter name="owner.type" value="0" />
			<parameter name="rev_engineer" value="true" />
			<parameter name="target.design.id" value="CA0A5102-8613-A844-1FAA-2D7357BCA011" />
			<parameter name="target.design.name" value="null" />
			<parameter name="target.id" value="20EFE58C-E998-7676-D099-A78F90DF8595" />
			<parameter name="target.name" value="EMPLOYEES" />
			<parameter name="target.type" value="4" />
			<columns>
				<cont_id value="A38D6BFB-C4B7-72F5-5363-F2B5FBE8D2F4" />
				<cont_id value="AD0A6E76-2D1A-2E1F-0988-F7DE5E6713B0" />
				<cont_id value="93353F61-1C6D-DE4D-90D3-A1412CA44FC1" />
				<cont_id value="A20F59B4-5A62-E006-3D20-AB6B42B151B6" />
				<cont_id value="27F00F25-2683-AFF1-831E-9B65AEE73BCD" />
				<cont_id value="F2A18462-F46A-E9C4-18EC-41C88704D431" />
				<cont_id value="0FA799A9-16CA-F271-0898-BF863E4EEB7F" />
				<cont_id value="BA5487E8-FAE1-79A9-72E8-23518124647F" />
				<cont_id value="494575CC-1505-CDB6-15C9-49A8C682940C" />
				<cont_id value="3AD406F9-0A57-0D06-629B-97A6DD5F5912" />
				<cont_id value="212EC912-151E-0991-B936-E8860CABFD55" />
				<cont_id value="53FA0D65-5717-5C9E-E0F2-50FB22182E4D" />
			</columns>
		</extmapping>
		<extmapping>
			<parameter name="creationTime" value="1267118604142" />
			<parameter name="fw_engineer" value="true" />
			<parameter name="inheritance_type" value="0" />
			<parameter name="owner.design.id" value="E17F99D8-C2A8-5725-C556-DFF80C000E74" />
			<parameter name="owner.design.name" value="Logical" />
			<parameter name="owner.id" value="C9BD388E-40D1-8450-8DF2-F312D23ECE77" />
			<parameter name="owner.name" value="Other State_PK" />
			<parameter name="owner.type" value="2" />
			<parameter name="rev_engineer" value="true" />
			<parameter name="target.design.id" value="CA0A5102-8613-A844-1FAA-2D7357BCA011" />
			<parameter name="target.design.name" value="null" />
			<parameter name="target.id" value="BBD121FB-DE01-B3A4-A958-C42D4AEEC17F" />
			<parameter name="target.name" value="OTHER_STATE__PK" />
			<parameter name="target.type" value="6" />
		</extmapping>
		<extmapping>
			<parameter name="creationTime" value="1267118604142" />
			<parameter name="fw_engineer" value="true" />
			<parameter name="inheritance_type" value="1" />
			<parameter name="owner.design.id" value="E17F99D8-C2A8-5725-C556-DFF80C000E74" />
			<parameter name="owner.design.name" value="Logical" />
			<parameter name="owner.id" value="DDFC5F14-2355-3267-DF55-EA3D036EF53E" />
			<parameter name="owner.name" value="Exempt Employee" />
			<parameter name="owner.type" value="0" />
			<parameter name="rev_engineer" value="true" />
			<parameter name="target.design.id" value="CA0A5102-8613-A844-1FAA-2D7357BCA011" />
			<parameter name="target.design.name" value="null" />
			<parameter name="target.id" value="20EFE58C-E998-7676-D099-A78F90DF8595" />
			<parameter name="target.name" value="EMPLOYEES" />
			<parameter name="target.type" value="4" />
			<columns>
				<cont_id value="A38D6BFB-C4B7-72F5-5363-F2B5FBE8D2F4" />
				<cont_id value="AD0A6E76-2D1A-2E1F-0988-F7DE5E6713B0" />
				<cont_id value="93353F61-1C6D-DE4D-90D3-A1412CA44FC1" />
				<cont_id value="A20F59B4-5A62-E006-3D20-AB6B42B151B6" />
				<cont_id value="27F00F25-2683-AFF1-831E-9B65AEE73BCD" />
				<cont_id value="F2A18462-F46A-E9C4-18EC-41C88704D431" />
				<cont_id value="0FA799A9-16CA-F271-0898-BF863E4EEB7F" />
				<cont_id value="BA5487E8-FAE1-79A9-72E8-23518124647F" />
				<cont_id value="494575CC-1505-CDB6-15C9-49A8C682940C" />
				<cont_id value="3AD406F9-0A57-0D06-629B-97A6DD5F5912" />
			</columns>
		</extmapping>
		<extmapping>
			<parameter name="creationTime" value="1267118604157" />
			<parameter name="fw_engineer" value="true" />
			<parameter name="inheritance_type" value="0" />
			<parameter name="owner.design.id" value="E17F99D8-C2A8-5725-C556-DFF80C000E74" />
			<parameter name="owner.design.name" value="Logical" />
			<parameter name="owner.id" value="DFBAB855-F723-3C61-656E-4AB47AEF8A3D" />
			<parameter name="owner.name" value="Relation_7" />
			<parameter name="owner.type" value="3" />
			<parameter name="real_source_entity_id" value="9AA2642A-6C99-3C23-6122-AF66A1D23930" />
			<parameter name="real_target_entity_id" value="65117BA7-C4E2-FEF3-E391-E1C612C9BCF3" />
			<parameter name="rev_engineer" value="true" />
			<parameter name="target.design.id" value="CA0A5102-8613-A844-1FAA-2D7357BCA011" />
			<parameter name="target.design.name" value="9AA2642A-6C99-3C23-6122-AF66A1D23930" />
			<parameter name="target.id" value="E05793B9-D67C-0197-CC56-5A4922431B8C" />
			<parameter name="target.name" value="Relation_7" />
			<parameter name="target.type" value="-1" />
		</extmapping>
		<extmapping>
			<parameter name="creationTime" value="1267118604142" />
			<parameter name="fw_engineer" value="true" />
			<parameter name="inheritance_type" value="0" />
			<parameter name="owner.design.id" value="E17F99D8-C2A8-5725-C556-DFF80C000E74" />
			<parameter name="owner.design.name" value="Logical" />
			<parameter name="owner.id" value="E0E76CAE-CD30-CF47-B078-0575BF628929" />
			<parameter name="owner.name" value="Hire_Date" />
			<parameter name="owner.type" value="1" />
			<parameter name="owner_container_id" value="65117BA7-C4E2-FEF3-E391-E1C612C9BCF3" />
			<parameter name="rev_engineer" value="true" />
			<parameter name="target.design.id" value="CA0A5102-8613-A844-1FAA-2D7357BCA011" />
			<parameter name="target.design.name" value="null" />
			<parameter name="target.id" value="F2A18462-F46A-E9C4-18EC-41C88704D431" />
			<parameter name="target.name" value="HIRE__DATE" />
			<parameter name="target.type" value="5" />
			<parameter name="target_container_id" value="20EFE58C-E998-7676-D099-A78F90DF8595" />
		</extmapping>
		<extmapping>
			<parameter name="creationTime" value="1267118604142" />
			<parameter name="fw_engineer" value="true" />
			<parameter name="inheritance_type" value="0" />
			<parameter name="owner.design.id" value="E17F99D8-C2A8-5725-C556-DFF80C000E74" />
			<parameter name="owner.design.name" value="Logical" />
			<parameter name="owner.id" value="E5B170E7-D3F3-DE56-4B0A-FB129EEA90C0" />
			<parameter name="owner.name" value="Department" />
			<parameter name="owner.type" value="0" />
			<parameter name="rev_engineer" value="true" />
			<parameter name="target.design.id" value="CA0A5102-8613-A844-1FAA-2D7357BCA011" />
			<parameter name="target.design.name" value="null" />
			<parameter name="target.id" value="725B226B-0572-9D61-AF7D-DD410B946DDC" />
			<parameter name="target.name" value="DEPT" />
			<parameter name="target.type" value="4" />
		</extmapping>
		<extmapping>
			<parameter name="creationTime" value="1267118604142" />
			<parameter name="fw_engineer" value="true" />
			<parameter name="inheritance_type" value="0" />
			<parameter name="owner.design.id" value="E17F99D8-C2A8-5725-C556-DFF80C000E74" />
			<parameter name="owner.design.name" value="Logical" />
			<parameter name="owner.id" value="F2C09DA8-D296-8958-5021-FD491025A2BE" />
			<parameter name="owner.name" value="ID" />
			<parameter name="owner.type" value="1" />
			<parameter name="owner_container_id" value="65117BA7-C4E2-FEF3-E391-E1C612C9BCF3" />
			<parameter name="rev_engineer" value="true" />
			<parameter name="target.design.id" value="CA0A5102-8613-A844-1FAA-2D7357BCA011" />
			<parameter name="target.design.name" value="null" />
			<parameter name="target.id" value="A38D6BFB-C4B7-72F5-5363-F2B5FBE8D2F4" />
			<parameter name="target.name" value="ID" />
			<parameter name="target.type" value="5" />
			<parameter name="target_container_id" value="20EFE58C-E998-7676-D099-A78F90DF8595" />
		</extmapping>
		<extmapping>
			<parameter name="creationTime" value="1267118604142" />
			<parameter name="fw_engineer" value="true" />
			<parameter name="inheritance_type" value="0" />
			<parameter name="owner.design.id" value="E17F99D8-C2A8-5725-C556-DFF80C000E74" />
			<parameter name="owner.design.name" value="Logical" />
			<parameter name="owner.id" value="FA314CA9-7E92-874C-0700-68714181EFCE" />
			<parameter name="owner.name" value="Name" />
			<parameter name="owner.type" value="1" />
			<parameter name="owner_container_id" value="A2DAB4C6-4612-5FE7-F697-A9F3E5A900B3" />
			<parameter name="rev_engineer" value="true" />
			<parameter name="target.design.id" value="CA0A5102-8613-A844-1FAA-2D7357BCA011" />
			<parameter name="target.design.name" value="null" />
			<parameter name="target.id" value="798DAAE7-102E-FEA9-24A2-7F4F1573F54C" />
			<parameter name="target.name" value="NM" />
			<parameter name="target.type" value="5" />
			<parameter name="target_container_id" value="B40CB2EA-164C-3A03-3547-D3AA8E2C5117" />
		</extmapping>
		<extmapping>
			<parameter name="creationTime" value="1267118508233" />
			<parameter name="deleted_id" value="A32E9AA8-6BBD-56A2-AC97-921934702A3F" />
			<parameter name="fw_engineer" value="true" />
			<parameter name="inheritance_type" value="0" />
			<parameter name="owner.design.id" value="E17F99D8-C2A8-5725-C556-DFF80C000E74" />
			<parameter name="owner.design.name" value="Logical" />
			<parameter name="owner.id" value="7929E9AD-A0A0-F61D-8CC4-D09218300996" />
			<parameter name="owner.name" value="Employees_PK" />
			<parameter name="owner.type" value="2" />
			<parameter name="rev_engineer" value="true" />
			<parameter name="target.design.id" value="CA0A5102-8613-A844-1FAA-2D7357BCA011" />
			<parameter name="target.design.name" value="null" />
			<parameter name="target.id" value="A32E9AA8-6BBD-56A2-AC97-921934702A3F" />
			<parameter name="target.name" value="EMP_S_PK" />
			<parameter name="target.type" value="6" />
		</extmapping>
		<extmapping>
			<parameter name="creationTime" value="1267118508233" />
			<parameter name="deleted_id" value="9A35DC27-EBBF-85BE-E111-C3B94FF2613E" />
			<parameter name="fw_engineer" value="true" />
			<parameter name="inheritance_type" value="0" />
			<parameter name="owner.design.id" value="E17F99D8-C2A8-5725-C556-DFF80C000E74" />
			<parameter name="owner.design.name" value="Logical" />
			<parameter name="owner.id" value="C45EF44E-BED0-8968-000B-8565B6517AF0" />
			<parameter name="owner.name" value="Department_ID" />
			<parameter name="owner.type" value="1" />
			<parameter name="owner_container_id" value="65117BA7-C4E2-FEF3-E391-E1C612C9BCF3" />
			<parameter name="rev_engineer" value="true" />
			<parameter name="target.design.id" value="CA0A5102-8613-A844-1FAA-2D7357BCA011" />
			<parameter name="target.design.name" value="null" />
			<parameter name="target.id" value="9A35DC27-EBBF-85BE-E111-C3B94FF2613E" />
			<parameter name="target.name" value="DEPT__ID" />
			<parameter name="target.type" value="5" />
			<parameter name="target_container_id" value="3930B243-3AAD-E498-985D-CF16E1CAB9ED" />
		</extmapping>
		<extmapping>
			<parameter name="creationTime" value="1267118508249" />
			<parameter name="deleted_id" value="2A186E21-5C85-6B81-8367-27F16680716B" />
			<parameter name="fw_engineer" value="true" />
			<parameter name="inheritance_type" value="0" />
			<parameter name="owner.design.id" value="E17F99D8-C2A8-5725-C556-DFF80C000E74" />
			<parameter name="owner.design.name" value="Logical" />
			<parameter name="owner.id" value="1CB3BE1E-005C-610C-3CF0-EDAF388A0C2C" />
			<parameter name="owner.name" value="Relation_1" />
			<parameter name="owner.type" value="3" />
			<parameter name="real_source_entity_id" value="E5B170E7-D3F3-DE56-4B0A-FB129EEA90C0" />
			<parameter name="real_target_entity_id" value="65117BA7-C4E2-FEF3-E391-E1C612C9BCF3" />
			<parameter name="rev_engineer" value="true" />
			<parameter name="target.design.id" value="CA0A5102-8613-A844-1FAA-2D7357BCA011" />
			<parameter name="target.design.name" value="E5B170E7-D3F3-DE56-4B0A-FB129EEA90C0" />
			<parameter name="target.id" value="2A186E21-5C85-6B81-8367-27F16680716B" />
			<parameter name="target.name" value="Relation_1" />
			<parameter name="target.type" value="-1" />
		</extmapping>
		<extmapping>
			<parameter name="creationTime" value="1267118508233" />
			<parameter name="deleted_id" value="B681E23B-C944-984B-E663-33271B66A19A" />
			<parameter name="fw_engineer" value="true" />
			<parameter name="inheritance_type" value="0" />
			<parameter name="owner.design.id" value="E17F99D8-C2A8-5725-C556-DFF80C000E74" />
			<parameter name="owner.design.name" value="Logical" />
			<parameter name="owner.id" value="3B588F22-9C49-6EC8-59AF-E38EC9167CFF" />
			<parameter name="owner.name" value="Country_Code" />
			<parameter name="owner.type" value="1" />
			<parameter name="owner_container_id" value="65117BA7-C4E2-FEF3-E391-E1C612C9BCF3" />
			<parameter name="rev_engineer" value="true" />
			<parameter name="target.design.id" value="CA0A5102-8613-A844-1FAA-2D7357BCA011" />
			<parameter name="target.design.name" value="null" />
			<parameter name="target.id" value="B681E23B-C944-984B-E663-33271B66A19A" />
			<parameter name="target.name" value="CTRY__CODE" />
			<parameter name="target.type" value="5" />
			<parameter name="target_container_id" value="3930B243-3AAD-E498-985D-CF16E1CAB9ED" />
		</extmapping>
		<extmapping>
			<parameter name="creationTime" value="1267118508249" />
			<parameter name="deleted_id" value="0CE4FF1F-3F7B-7E81-08EF-455BE53242C4" />
			<parameter name="fw_engineer" value="true" />
			<parameter name="inheritance_type" value="0" />
			<parameter name="owner.design.id" value="E17F99D8-C2A8-5725-C556-DFF80C000E74" />
			<parameter name="owner.design.name" value="Logical" />
			<parameter name="owner.id" value="19526F58-B186-8CBD-A543-715231797DB9" />
			<parameter name="owner.name" value="Relation_5" />
			<parameter name="owner.type" value="3" />
			<parameter name="real_source_entity_id" value="5200C98B-24B9-1548-53BC-073519553724" />
			<parameter name="real_target_entity_id" value="65117BA7-C4E2-FEF3-E391-E1C612C9BCF3" />
			<parameter name="rev_engineer" value="true" />
			<parameter name="target.design.id" value="CA0A5102-8613-A844-1FAA-2D7357BCA011" />
			<parameter name="target.design.name" value="5200C98B-24B9-1548-53BC-073519553724" />
			<parameter name="target.id" value="0CE4FF1F-3F7B-7E81-08EF-455BE53242C4" />
			<parameter name="target.name" value="Relation_5" />
			<parameter name="target.type" value="-1" />
		</extmapping>
		<extmapping>
			<parameter name="creationTime" value="1267118508264" />
			<parameter name="deleted_id" value="5FD4C9B9-6108-7910-4C52-E34732EB1DAF" />
			<parameter name="fw_engineer" value="true" />
			<parameter name="inheritance_type" value="0" />
			<parameter name="owner.design.id" value="E17F99D8-C2A8-5725-C556-DFF80C000E74" />
			<parameter name="owner.design.name" value="Logical" />
			<parameter name="owner.id" value="0488B6A7-1FBE-AEEC-D96A-340A5E4CBEE8" />
			<parameter name="owner.name" value="Arc_1" />
			<parameter name="owner.type" value="-1" />
			<parameter name="rev_engineer" value="true" />
			<parameter name="target.design.id" value="CA0A5102-8613-A844-1FAA-2D7357BCA011" />
			<parameter name="target.design.name" value="null" />
			<parameter name="target.id" value="5FD4C9B9-6108-7910-4C52-E34732EB1DAF" />
			<parameter name="target.name" value="FKArc_1" />
			<parameter name="target.type" value="-1" />
		</extmapping>
		<extmapping>
			<parameter name="creationTime" value="1267118508233" />
			<parameter name="deleted_id" value="2D7CBFC8-A20A-6A8F-43C2-09F6A5689AB4" />
			<parameter name="fw_engineer" value="true" />
			<parameter name="inheritance_type" value="0" />
			<parameter name="owner.design.id" value="E17F99D8-C2A8-5725-C556-DFF80C000E74" />
			<parameter name="owner.design.name" value="Logical" />
			<parameter name="owner.id" value="BA17A6EB-67F6-811C-6AFD-C59DDDB1A0C5" />
			<parameter name="owner.name" value="County_Code" />
			<parameter name="owner.type" value="1" />
			<parameter name="owner_container_id" value="65117BA7-C4E2-FEF3-E391-E1C612C9BCF3" />
			<parameter name="rev_engineer" value="true" />
			<parameter name="target.design.id" value="CA0A5102-8613-A844-1FAA-2D7357BCA011" />
			<parameter name="target.design.name" value="null" />
			<parameter name="target.id" value="2D7CBFC8-A20A-6A8F-43C2-09F6A5689AB4" />
			<parameter name="target.name" value="COUNTY_CODE" />
			<parameter name="target.type" value="5" />
			<parameter name="target_container_id" value="3930B243-3AAD-E498-985D-CF16E1CAB9ED" />
		</extmapping>
		<extmapping>
			<parameter name="creationTime" value="1267118508249" />
			<parameter name="deleted_id" value="5990CE1B-8E81-F7D0-AC15-C784E830D0A2" />
			<parameter name="fw_engineer" value="true" />
			<parameter name="inheritance_type" value="0" />
			<parameter name="owner.design.id" value="E17F99D8-C2A8-5725-C556-DFF80C000E74" />
			<parameter name="owner.design.name" value="Logical" />
			<parameter name="owner.id" value="B46D9368-B5DD-135D-9925-391271EE6901" />
			<parameter name="owner.name" value="Relation_6" />
			<parameter name="owner.type" value="3" />
			<parameter name="real_source_entity_id" value="A2DAB4C6-4612-5FE7-F697-A9F3E5A900B3" />
			<parameter name="real_target_entity_id" value="65117BA7-C4E2-FEF3-E391-E1C612C9BCF3" />
			<parameter name="rev_engineer" value="true" />
			<parameter name="target.design.id" value="CA0A5102-8613-A844-1FAA-2D7357BCA011" />
			<parameter name="target.design.name" value="A2DAB4C6-4612-5FE7-F697-A9F3E5A900B3" />
			<parameter name="target.id" value="5990CE1B-8E81-F7D0-AC15-C784E830D0A2" />
			<parameter name="target.name" value="Relation_6" />
			<parameter name="target.type" value="-1" />
		</extmapping>
		<extmapping>
			<parameter name="creationTime" value="1267118508233" />
			<parameter name="deleted_id" value="590365CB-571B-9D29-2CE0-55BABC4F343D" />
			<parameter name="fw_engineer" value="true" />
			<parameter name="inheritance_type" value="0" />
			<parameter name="owner.design.id" value="E17F99D8-C2A8-5725-C556-DFF80C000E74" />
			<parameter name="owner.design.name" value="Logical" />
			<parameter name="owner.id" value="F2C09DA8-D296-8958-5021-FD491025A2BE" />
			<parameter name="owner.name" value="ID" />
			<parameter name="owner.type" value="1" />
			<parameter name="owner_container_id" value="65117BA7-C4E2-FEF3-E391-E1C612C9BCF3" />
			<parameter name="rev_engineer" value="true" />
			<parameter name="target.design.id" value="CA0A5102-8613-A844-1FAA-2D7357BCA011" />
			<parameter name="target.design.name" value="null" />
			<parameter name="target.id" value="590365CB-571B-9D29-2CE0-55BABC4F343D" />
			<parameter name="target.name" value="ID" />
			<parameter name="target.type" value="5" />
			<parameter name="target_container_id" value="3930B243-3AAD-E498-985D-CF16E1CAB9ED" />
		</extmapping>
		<extmapping>
			<parameter name="creationTime" value="1267118508233" />
			<parameter name="deleted_id" value="5A4FFCAF-1287-9E92-0EBF-61CC73B8E58F" />
			<parameter name="fw_engineer" value="true" />
			<parameter name="inheritance_type" value="0" />
			<parameter name="owner.design.id" value="E17F99D8-C2A8-5725-C556-DFF80C000E74" />
			<parameter name="owner.design.name" value="Logical" />
			<parameter name="owner.id" value="7BA38F91-867F-F85B-9196-32A2D48C613D" />
			<parameter name="owner.name" value="First Name" />
			<parameter name="owner.type" value="1" />
			<parameter name="owner_container_id" value="65117BA7-C4E2-FEF3-E391-E1C612C9BCF3" />
			<parameter name="rev_engineer" value="true" />
			<parameter name="target.design.id" value="CA0A5102-8613-A844-1FAA-2D7357BCA011" />
			<parameter name="target.design.name" value="null" />
			<parameter name="target.id" value="5A4FFCAF-1287-9E92-0EBF-61CC73B8E58F" />
			<parameter name="target.name" value="FIRST_NM" />
			<parameter name="target.type" value="5" />
			<parameter name="target_container_id" value="3930B243-3AAD-E498-985D-CF16E1CAB9ED" />
		</extmapping>
		<extmapping>
			<parameter name="creationTime" value="1267118508233" />
			<parameter name="deleted_id" value="825D2571-AE25-6876-055F-63B683E1C2BE" />
			<parameter name="fw_engineer" value="true" />
			<parameter name="inheritance_type" value="0" />
			<parameter name="owner.design.id" value="E17F99D8-C2A8-5725-C556-DFF80C000E74" />
			<parameter name="owner.design.name" value="Logical" />
			<parameter name="owner.id" value="37ABEBE6-F865-D8A1-0F19-EB4AE445CD99" />
			<parameter name="owner.name" value="Last Name" />
			<parameter name="owner.type" value="1" />
			<parameter name="owner_container_id" value="65117BA7-C4E2-FEF3-E391-E1C612C9BCF3" />
			<parameter name="rev_engineer" value="true" />
			<parameter name="target.design.id" value="CA0A5102-8613-A844-1FAA-2D7357BCA011" />
			<parameter name="target.design.name" value="null" />
			<parameter name="target.id" value="825D2571-AE25-6876-055F-63B683E1C2BE" />
			<parameter name="target.name" value="LAST_NM" />
			<parameter name="target.type" value="5" />
			<parameter name="target_container_id" value="3930B243-3AAD-E498-985D-CF16E1CAB9ED" />
		</extmapping>
		<extmapping>
			<parameter name="creationTime" value="1267118508233" />
			<parameter name="deleted_id" value="A803C5D2-4505-EA2E-6D4D-36C69EED2AA8" />
			<parameter name="fw_engineer" value="true" />
			<parameter name="inheritance_type" value="0" />
			<parameter name="owner.design.id" value="E17F99D8-C2A8-5725-C556-DFF80C000E74" />
			<parameter name="owner.design.name" value="Logical" />
			<parameter name="owner.id" value="5FAE70D2-CB24-D7EB-ACC8-2AC435C0B8AB" />
			<parameter name="owner.name" value="Email" />
			<parameter name="owner.type" value="1" />
			<parameter name="owner_container_id" value="65117BA7-C4E2-FEF3-E391-E1C612C9BCF3" />
			<parameter name="rev_engineer" value="true" />
			<parameter name="target.design.id" value="CA0A5102-8613-A844-1FAA-2D7357BCA011" />
			<parameter name="target.design.name" value="null" />
			<parameter name="target.id" value="A803C5D2-4505-EA2E-6D4D-36C69EED2AA8" />
			<parameter name="target.name" value="EMAIL" />
			<parameter name="target.type" value="5" />
			<parameter name="target_container_id" value="3930B243-3AAD-E498-985D-CF16E1CAB9ED" />
		</extmapping>
		<extmapping>
			<parameter name="creationTime" value="1267118508233" />
			<parameter name="deleted_id" value="750DB429-CBFC-BA70-C308-7CC3EA1B9190" />
			<parameter name="fw_engineer" value="true" />
			<parameter name="inheritance_type" value="0" />
			<parameter name="owner.design.id" value="E17F99D8-C2A8-5725-C556-DFF80C000E74" />
			<parameter name="owner.design.name" value="Logical" />
			<parameter name="owner.id" value="10B449ED-A24D-1E31-5658-5F8958C13CB9" />
			<parameter name="owner.name" value="Phone Number" />
			<parameter name="owner.type" value="1" />
			<parameter name="owner_container_id" value="65117BA7-C4E2-FEF3-E391-E1C612C9BCF3" />
			<parameter name="rev_engineer" value="true" />
			<parameter name="target.design.id" value="CA0A5102-8613-A844-1FAA-2D7357BCA011" />
			<parameter name="target.design.name" value="null" />
			<parameter name="target.id" value="750DB429-CBFC-BA70-C308-7CC3EA1B9190" />
			<parameter name="target.name" value="PH_NO" />
			<parameter name="target.type" value="5" />
			<parameter name="target_container_id" value="3930B243-3AAD-E498-985D-CF16E1CAB9ED" />
		</extmapping>
		<extmapping>
			<parameter name="creationTime" value="1267118508233" />
			<parameter name="deleted_id" value="BCA88883-6538-444E-3CDF-CDA5477B2F90" />
			<parameter name="fw_engineer" value="true" />
			<parameter name="inheritance_type" value="0" />
			<parameter name="owner.design.id" value="E17F99D8-C2A8-5725-C556-DFF80C000E74" />
			<parameter name="owner.design.name" value="Logical" />
			<parameter name="owner.id" value="E0E76CAE-CD30-CF47-B078-0575BF628929" />
			<parameter name="owner.name" value="Hire_Date" />
			<parameter name="owner.type" value="1" />
			<parameter name="owner_container_id" value="65117BA7-C4E2-FEF3-E391-E1C612C9BCF3" />
			<parameter name="rev_engineer" value="true" />
			<parameter name="target.design.id" value="CA0A5102-8613-A844-1FAA-2D7357BCA011" />
			<parameter name="target.design.name" value="null" />
			<parameter name="target.id" value="BCA88883-6538-444E-3CDF-CDA5477B2F90" />
			<parameter name="target.name" value="HIRE__DATE" />
			<parameter name="target.type" value="5" />
			<parameter name="target_container_id" value="3930B243-3AAD-E498-985D-CF16E1CAB9ED" />
		</extmapping>
		<extmapping>
			<parameter name="creationTime" value="1267118508233" />
			<parameter name="deleted_id" value="BD30F4E0-70A2-1A45-0938-986A193B7A32" />
			<parameter name="fw_engineer" value="true" />
			<parameter name="inheritance_type" value="0" />
			<parameter name="owner.design.id" value="E17F99D8-C2A8-5725-C556-DFF80C000E74" />
			<parameter name="owner.design.name" value="Logical" />
			<parameter name="owner.id" value="794C5E9D-E924-82AB-5702-A28AEE4B6995" />
			<parameter name="owner.name" value="Salary" />
			<parameter name="owner.type" value="1" />
			<parameter name="owner_container_id" value="DDFC5F14-2355-3267-DF55-EA3D036EF53E" />
			<parameter name="rev_engineer" value="true" />
			<parameter name="target.design.id" value="CA0A5102-8613-A844-1FAA-2D7357BCA011" />
			<parameter name="target.design.name" value="null" />
			<parameter name="target.id" value="BD30F4E0-70A2-1A45-0938-986A193B7A32" />
			<parameter name="target.name" value="SAL" />
			<parameter name="target.type" value="5" />
			<parameter name="target_container_id" value="3930B243-3AAD-E498-985D-CF16E1CAB9ED" />
		</extmapping>
		<extmapping>
			<parameter name="creationTime" value="1267118508233" />
			<parameter name="deleted_id" value="D53EA968-A9C8-50FB-B033-53EA7F887B6A" />
			<parameter name="fw_engineer" value="true" />
			<parameter name="inheritance_type" value="0" />
			<parameter name="owner.design.id" value="E17F99D8-C2A8-5725-C556-DFF80C000E74" />
			<parameter name="owner.design.name" value="Logical" />
			<parameter name="owner.id" value="C56BD789-AB68-F8AF-B94E-364CAD45B45B" />
			<parameter name="owner.name" value="Commission Percentage" />
			<parameter name="owner.type" value="1" />
			<parameter name="owner_container_id" value="DDFC5F14-2355-3267-DF55-EA3D036EF53E" />
			<parameter name="rev_engineer" value="true" />
			<parameter name="target.design.id" value="CA0A5102-8613-A844-1FAA-2D7357BCA011" />
			<parameter name="target.design.name" value="null" />
			<parameter name="target.id" value="D53EA968-A9C8-50FB-B033-53EA7F887B6A" />
			<parameter name="target.name" value="COMM_PCT" />
			<parameter name="target.type" value="5" />
			<parameter name="target_container_id" value="3930B243-3AAD-E498-985D-CF16E1CAB9ED" />
		</extmapping>
		<extmapping>
			<parameter name="creationTime" value="1267118508233" />
			<parameter name="deleted_id" value="CE65C01B-3BBF-8273-DB5B-0D5E70399695" />
			<parameter name="fw_engineer" value="true" />
			<parameter name="inheritance_type" value="0" />
			<parameter name="owner.design.id" value="E17F99D8-C2A8-5725-C556-DFF80C000E74" />
			<parameter name="owner.design.name" value="Logical" />
			<parameter name="owner.id" value="36D67A47-961E-1174-87B7-22A7E400F232" />
			<parameter name="owner.name" value="Hourly rate" />
			<parameter name="owner.type" value="1" />
			<parameter name="owner_container_id" value="C64DC8C8-36D6-6835-555E-80B8F751B516" />
			<parameter name="rev_engineer" value="true" />
			<parameter name="target.design.id" value="CA0A5102-8613-A844-1FAA-2D7357BCA011" />
			<parameter name="target.design.name" value="null" />
			<parameter name="target.id" value="CE65C01B-3BBF-8273-DB5B-0D5E70399695" />
			<parameter name="target.name" value="HOURLY RATE" />
			<parameter name="target.type" value="5" />
			<parameter name="target_container_id" value="3930B243-3AAD-E498-985D-CF16E1CAB9ED" />
		</extmapping>
		<extmapping>
			<parameter name="creationTime" value="1267118508233" />
			<parameter name="deleted_id" value="183EF101-FB33-97B6-D2D5-7A13F9AEA85C" />
			<parameter name="fw_engineer" value="true" />
			<parameter name="inheritance_type" value="0" />
			<parameter name="owner.design.id" value="E17F99D8-C2A8-5725-C556-DFF80C000E74" />
			<parameter name="owner.design.name" value="Logical" />
			<parameter name="owner.id" value="B04D2AD8-3834-C213-B138-3298E32A171D" />
			<parameter name="owner.name" value="Overtime Rate" />
			<parameter name="owner.type" value="1" />
			<parameter name="owner_container_id" value="C64DC8C8-36D6-6835-555E-80B8F751B516" />
			<parameter name="rev_engineer" value="true" />
			<parameter name="target.design.id" value="CA0A5102-8613-A844-1FAA-2D7357BCA011" />
			<parameter name="target.design.name" value="null" />
			<parameter name="target.id" value="183EF101-FB33-97B6-D2D5-7A13F9AEA85C" />
			<parameter name="target.name" value="OVERTIME RATE" />
			<parameter name="target.type" value="5" />
			<parameter name="target_container_id" value="3930B243-3AAD-E498-985D-CF16E1CAB9ED" />
		</extmapping>
		<extmapping>
			<parameter name="creationTime" value="1267118508233" />
			<parameter name="deleted_id" value="3930B243-3AAD-E498-985D-CF16E1CAB9ED" />
			<parameter name="fw_engineer" value="true" />
			<parameter name="inheritance_type" value="1" />
			<parameter name="owner.design.id" value="E17F99D8-C2A8-5725-C556-DFF80C000E74" />
			<parameter name="owner.design.name" value="Logical" />
			<parameter name="owner.id" value="DDFC5F14-2355-3267-DF55-EA3D036EF53E" />
			<parameter name="owner.name" value="Exempt Employee" />
			<parameter name="owner.type" value="0" />
			<parameter name="rev_engineer" value="true" />
			<parameter name="target.design.id" value="CA0A5102-8613-A844-1FAA-2D7357BCA011" />
			<parameter name="target.design.name" value="null" />
			<parameter name="target.id" value="3930B243-3AAD-E498-985D-CF16E1CAB9ED" />
			<parameter name="target.name" value="EMPLOYEES" />
			<parameter name="target.type" value="4" />
			<columns>
				<cont_id value="590365CB-571B-9D29-2CE0-55BABC4F343D" />
				<cont_id value="5A4FFCAF-1287-9E92-0EBF-61CC73B8E58F" />
				<cont_id value="825D2571-AE25-6876-055F-63B683E1C2BE" />
				<cont_id value="A803C5D2-4505-EA2E-6D4D-36C69EED2AA8" />
				<cont_id value="750DB429-CBFC-BA70-C308-7CC3EA1B9190" />
				<cont_id value="BCA88883-6538-444E-3CDF-CDA5477B2F90" />
				<cont_id value="9A35DC27-EBBF-85BE-E111-C3B94FF2613E" />
				<cont_id value="B681E23B-C944-984B-E663-33271B66A19A" />
				<cont_id value="2D7CBFC8-A20A-6A8F-43C2-09F6A5689AB4" />
			</columns>
		</extmapping>
		<extmapping>
			<parameter name="creationTime" value="1267118508233" />
			<parameter name="deleted_id" value="3930B243-3AAD-E498-985D-CF16E1CAB9ED" />
			<parameter name="fw_engineer" value="true" />
			<parameter name="inheritance_type" value="1" />
			<parameter name="owner.design.id" value="E17F99D8-C2A8-5725-C556-DFF80C000E74" />
			<parameter name="owner.design.name" value="Logical" />
			<parameter name="owner.id" value="C64DC8C8-36D6-6835-555E-80B8F751B516" />
			<parameter name="owner.name" value="Non-Exempt Employee" />
			<parameter name="owner.type" value="0" />
			<parameter name="rev_engineer" value="true" />
			<parameter name="target.design.id" value="CA0A5102-8613-A844-1FAA-2D7357BCA011" />
			<parameter name="target.design.name" value="null" />
			<parameter name="target.id" value="3930B243-3AAD-E498-985D-CF16E1CAB9ED" />
			<parameter name="target.name" value="EMPLOYEES" />
			<parameter name="target.type" value="4" />
			<columns>
				<cont_id value="590365CB-571B-9D29-2CE0-55BABC4F343D" />
				<cont_id value="5A4FFCAF-1287-9E92-0EBF-61CC73B8E58F" />
				<cont_id value="825D2571-AE25-6876-055F-63B683E1C2BE" />
				<cont_id value="A803C5D2-4505-EA2E-6D4D-36C69EED2AA8" />
				<cont_id value="750DB429-CBFC-BA70-C308-7CC3EA1B9190" />
				<cont_id value="BCA88883-6538-444E-3CDF-CDA5477B2F90" />
				<cont_id value="9A35DC27-EBBF-85BE-E111-C3B94FF2613E" />
				<cont_id value="B681E23B-C944-984B-E663-33271B66A19A" />
				<cont_id value="2D7CBFC8-A20A-6A8F-43C2-09F6A5689AB4" />
				<cont_id value="BD30F4E0-70A2-1A45-0938-986A193B7A32" />
				<cont_id value="D53EA968-A9C8-50FB-B033-53EA7F887B6A" />
			</columns>
		</extmapping>
		<extmapping>
			<parameter name="creationTime" value="1267118508217" />
			<parameter name="deleted_id" value="88DA3A03-95B6-9A9B-C677-778255C4A890" />
			<parameter name="fw_engineer" value="true" />
			<parameter name="inheritance_type" value="0" />
			<parameter name="owner.design.id" value="E17F99D8-C2A8-5725-C556-DFF80C000E74" />
			<parameter name="owner.design.name" value="Logical" />
			<parameter name="owner.id" value="1B5C6BF9-608A-D585-DC3A-0ECA360A0780" />
			<parameter name="owner.name" value="Country_PK" />
			<parameter name="owner.type" value="2" />
			<parameter name="rev_engineer" value="true" />
			<parameter name="target.design.id" value="CA0A5102-8613-A844-1FAA-2D7357BCA011" />
			<parameter name="target.design.name" value="null" />
			<parameter name="target.id" value="88DA3A03-95B6-9A9B-C677-778255C4A890" />
			<parameter name="target.name" value="CTRY__PK" />
			<parameter name="target.type" value="6" />
		</extmapping>
		<extmapping>
			<parameter name="creationTime" value="1267118508217" />
			<parameter name="deleted_id" value="073CE5A3-9CFD-62C3-D653-EEA5184839C0" />
			<parameter name="fw_engineer" value="true" />
			<parameter name="inheritance_type" value="0" />
			<parameter name="owner.design.id" value="E17F99D8-C2A8-5725-C556-DFF80C000E74" />
			<parameter name="owner.design.name" value="Logical" />
			<parameter name="owner.id" value="B62B477E-3F30-8979-797F-7DF0938D9341" />
			<parameter name="owner.name" value="Code" />
			<parameter name="owner.type" value="1" />
			<parameter name="owner_container_id" value="5200C98B-24B9-1548-53BC-073519553724" />
			<parameter name="rev_engineer" value="true" />
			<parameter name="target.design.id" value="CA0A5102-8613-A844-1FAA-2D7357BCA011" />
			<parameter name="target.design.name" value="null" />
			<parameter name="target.id" value="073CE5A3-9CFD-62C3-D653-EEA5184839C0" />
			<parameter name="target.name" value="CODE" />
			<parameter name="target.type" value="5" />
			<parameter name="target_container_id" value="62858817-A6BF-CCEA-8CBB-8F6F9554DFD0" />
		</extmapping>
		<extmapping>
			<parameter name="creationTime" value="1267118508217" />
			<parameter name="deleted_id" value="EFE4CBF3-8AEB-A237-1E07-C3F7BBA87EFC" />
			<parameter name="fw_engineer" value="true" />
			<parameter name="inheritance_type" value="0" />
			<parameter name="owner.design.id" value="E17F99D8-C2A8-5725-C556-DFF80C000E74" />
			<parameter name="owner.design.name" value="Logical" />
			<parameter name="owner.id" value="B7238965-159A-D144-7B6A-BBED98A04ACC" />
			<parameter name="owner.name" value="Name" />
			<parameter name="owner.type" value="1" />
			<parameter name="owner_container_id" value="5200C98B-24B9-1548-53BC-073519553724" />
			<parameter name="rev_engineer" value="true" />
			<parameter name="target.design.id" value="CA0A5102-8613-A844-1FAA-2D7357BCA011" />
			<parameter name="target.design.name" value="null" />
			<parameter name="target.id" value="EFE4CBF3-8AEB-A237-1E07-C3F7BBA87EFC" />
			<parameter name="target.name" value="NM" />
			<parameter name="target.type" value="5" />
			<parameter name="target_container_id" value="62858817-A6BF-CCEA-8CBB-8F6F9554DFD0" />
		</extmapping>
		<extmapping>
			<parameter name="creationTime" value="1267118508217" />
			<parameter name="deleted_id" value="55EB1F4F-D291-F3D9-DD4F-7E158E1F8A88" />
			<parameter name="fw_engineer" value="true" />
			<parameter name="inheritance_type" value="0" />
			<parameter name="owner.design.id" value="E17F99D8-C2A8-5725-C556-DFF80C000E74" />
			<parameter name="owner.design.name" value="Logical" />
			<parameter name="owner.id" value="0D529C41-0449-83FB-8C3A-DF89BF071780" />
			<parameter name="owner.name" value="County_PK" />
			<parameter name="owner.type" value="2" />
			<parameter name="rev_engineer" value="true" />
			<parameter name="target.design.id" value="CA0A5102-8613-A844-1FAA-2D7357BCA011" />
			<parameter name="target.design.name" value="null" />
			<parameter name="target.id" value="55EB1F4F-D291-F3D9-DD4F-7E158E1F8A88" />
			<parameter name="target.name" value="COUNTY_PK" />
			<parameter name="target.type" value="6" />
		</extmapping>
		<extmapping>
			<parameter name="creationTime" value="1267118508217" />
			<parameter name="deleted_id" value="F8018399-C86F-41FF-D070-7FC3E8722610" />
			<parameter name="fw_engineer" value="true" />
			<parameter name="inheritance_type" value="0" />
			<parameter name="owner.design.id" value="E17F99D8-C2A8-5725-C556-DFF80C000E74" />
			<parameter name="owner.design.name" value="Logical" />
			<parameter name="owner.id" value="BF44AFDC-EEC4-84DE-8F0F-111A811BB877" />
			<parameter name="owner.name" value="Code" />
			<parameter name="owner.type" value="1" />
			<parameter name="owner_container_id" value="A2DAB4C6-4612-5FE7-F697-A9F3E5A900B3" />
			<parameter name="rev_engineer" value="true" />
			<parameter name="target.design.id" value="CA0A5102-8613-A844-1FAA-2D7357BCA011" />
			<parameter name="target.design.name" value="null" />
			<parameter name="target.id" value="F8018399-C86F-41FF-D070-7FC3E8722610" />
			<parameter name="target.name" value="CODE" />
			<parameter name="target.type" value="5" />
			<parameter name="target_container_id" value="6EC93778-9141-1063-3C1B-E4B7EA071E5B" />
		</extmapping>
		<extmapping>
			<parameter name="creationTime" value="1267118508217" />
			<parameter name="deleted_id" value="CAA8F37C-2C02-006A-1987-FA4189317740" />
			<parameter name="fw_engineer" value="true" />
			<parameter name="inheritance_type" value="0" />
			<parameter name="owner.design.id" value="E17F99D8-C2A8-5725-C556-DFF80C000E74" />
			<parameter name="owner.design.name" value="Logical" />
			<parameter name="owner.id" value="FA314CA9-7E92-874C-0700-68714181EFCE" />
			<parameter name="owner.name" value="Name" />
			<parameter name="owner.type" value="1" />
			<parameter name="owner_container_id" value="A2DAB4C6-4612-5FE7-F697-A9F3E5A900B3" />
			<parameter name="rev_engineer" value="true" />
			<parameter name="target.design.id" value="CA0A5102-8613-A844-1FAA-2D7357BCA011" />
			<parameter name="target.design.name" value="null" />
			<parameter name="target.id" value="CAA8F37C-2C02-006A-1987-FA4189317740" />
			<parameter name="target.name" value="NM" />
			<parameter name="target.type" value="5" />
			<parameter name="target_container_id" value="6EC93778-9141-1063-3C1B-E4B7EA071E5B" />
		</extmapping>
		<extmapping>
			<parameter name="creationTime" value="1267118508233" />
			<parameter name="deleted_id" value="B3C8D052-0A56-DF0B-3782-C56196E6278F" />
			<parameter name="fw_engineer" value="true" />
			<parameter name="inheritance_type" value="0" />
			<parameter name="owner.design.id" value="E17F99D8-C2A8-5725-C556-DFF80C000E74" />
			<parameter name="owner.design.name" value="Logical" />
			<parameter name="owner.id" value="7D2F0EAF-1D82-2D85-52F1-0839A78B4807" />
			<parameter name="owner.name" value="ID" />
			<parameter name="owner.type" value="1" />
			<parameter name="owner_container_id" value="9AA2642A-6C99-3C23-6122-AF66A1D23930" />
			<parameter name="rev_engineer" value="true" />
			<parameter name="target.design.id" value="CA0A5102-8613-A844-1FAA-2D7357BCA011" />
			<parameter name="target.design.name" value="null" />
			<parameter name="target.id" value="B3C8D052-0A56-DF0B-3782-C56196E6278F" />
			<parameter name="target.name" value="ID" />
			<parameter name="target.type" value="5" />
			<parameter name="target_container_id" value="20F2F04C-81F3-5F1C-7BF6-6658B2140A16" />
		</extmapping>
		<extmapping>
			<parameter name="creationTime" value="1267118508233" />
			<parameter name="deleted_id" value="B569D6D9-1A3E-D7A2-C47C-C5DB79BAE853" />
			<parameter name="fw_engineer" value="true" />
			<parameter name="inheritance_type" value="0" />
			<parameter name="owner.design.id" value="E17F99D8-C2A8-5725-C556-DFF80C000E74" />
			<parameter name="owner.design.name" value="Logical" />
			<parameter name="owner.id" value="83D7807A-3984-410A-D39D-CEB8ACB3496D" />
			<parameter name="owner.name" value="Name" />
			<parameter name="owner.type" value="1" />
			<parameter name="owner_container_id" value="9AA2642A-6C99-3C23-6122-AF66A1D23930" />
			<parameter name="rev_engineer" value="true" />
			<parameter name="target.design.id" value="CA0A5102-8613-A844-1FAA-2D7357BCA011" />
			<parameter name="target.design.name" value="null" />
			<parameter name="target.id" value="B569D6D9-1A3E-D7A2-C47C-C5DB79BAE853" />
			<parameter name="target.name" value="NM" />
			<parameter name="target.type" value="5" />
			<parameter name="target_container_id" value="20F2F04C-81F3-5F1C-7BF6-6658B2140A16" />
		</extmapping>
		<extmapping>
			<parameter name="creationTime" value="1267118508233" />
			<parameter name="deleted_id" value="14D582C9-2472-223F-B038-2F7B034308B8" />
			<parameter name="fw_engineer" value="true" />
			<parameter name="inheritance_type" value="0" />
			<parameter name="owner.design.id" value="E17F99D8-C2A8-5725-C556-DFF80C000E74" />
			<parameter name="owner.design.name" value="Logical" />
			<parameter name="owner.id" value="74E8AF81-C994-6874-0D23-C84A868A7B46" />
			<parameter name="owner.name" value="Department_PK" />
			<parameter name="owner.type" value="2" />
			<parameter name="rev_engineer" value="true" />
			<parameter name="target.design.id" value="CA0A5102-8613-A844-1FAA-2D7357BCA011" />
			<parameter name="target.design.name" value="null" />
			<parameter name="target.id" value="14D582C9-2472-223F-B038-2F7B034308B8" />
			<parameter name="target.name" value="DEPT__PK" />
			<parameter name="target.type" value="6" />
		</extmapping>
		<extmapping>
			<parameter name="creationTime" value="1267118508233" />
			<parameter name="deleted_id" value="C0B4B243-E1AC-94B1-83EF-C67407F23846" />
			<parameter name="fw_engineer" value="true" />
			<parameter name="inheritance_type" value="0" />
			<parameter name="owner.design.id" value="E17F99D8-C2A8-5725-C556-DFF80C000E74" />
			<parameter name="owner.design.name" value="Logical" />
			<parameter name="owner.id" value="1E362B73-6047-C012-FE54-27D0DC8C175E" />
			<parameter name="owner.name" value="ID" />
			<parameter name="owner.type" value="1" />
			<parameter name="owner_container_id" value="E5B170E7-D3F3-DE56-4B0A-FB129EEA90C0" />
			<parameter name="rev_engineer" value="true" />
			<parameter name="target.design.id" value="CA0A5102-8613-A844-1FAA-2D7357BCA011" />
			<parameter name="target.design.name" value="null" />
			<parameter name="target.id" value="C0B4B243-E1AC-94B1-83EF-C67407F23846" />
			<parameter name="target.name" value="ID" />
			<parameter name="target.type" value="5" />
			<parameter name="target_container_id" value="BE17A460-33B7-F4DE-050C-F9F017D7DCB3" />
		</extmapping>
		<extmapping>
			<parameter name="creationTime" value="1267118508233" />
			<parameter name="deleted_id" value="42916EA5-6EE6-1B9D-2171-AED7FA5A265D" />
			<parameter name="fw_engineer" value="true" />
			<parameter name="inheritance_type" value="0" />
			<parameter name="owner.design.id" value="E17F99D8-C2A8-5725-C556-DFF80C000E74" />
			<parameter name="owner.design.name" value="Logical" />
			<parameter name="owner.id" value="70B9C813-9EB2-04AA-DF8D-01DEBFFADF5E" />
			<parameter name="owner.name" value="Name" />
			<parameter name="owner.type" value="1" />
			<parameter name="owner_container_id" value="E5B170E7-D3F3-DE56-4B0A-FB129EEA90C0" />
			<parameter name="rev_engineer" value="true" />
			<parameter name="target.design.id" value="CA0A5102-8613-A844-1FAA-2D7357BCA011" />
			<parameter name="target.design.name" value="null" />
			<parameter name="target.id" value="42916EA5-6EE6-1B9D-2171-AED7FA5A265D" />
			<parameter name="target.name" value="NM" />
			<parameter name="target.type" value="5" />
			<parameter name="target_container_id" value="BE17A460-33B7-F4DE-050C-F9F017D7DCB3" />
		</extmapping>
	</mappings>
</extendedmap>