<?xml version="1.0" encoding="UTF-8" ?>
<design version="2.0" id="CC575711-BD94-E816-5C92-27915EA8AAEC">
	<ref>
		<objectid role="contains" type="Entity" oid="AC4F7369-FE7B-1BE8-015D-E4E2B6323998" />
		<objectid role="contains" type="Entity" oid="E8DA54F9-7C16-F2AB-D38C-79EECC7CE818" />
		<objectid role="contains" type="Entity" oid="B51D914C-E61A-EF4A-90B1-66F0B59EC2E1" />
		<objectid role="contains" type="Hierarchy relation" oid="73CA7EC3-AE01-B28A-CD67-7DDFDBCC5E91" />
		<objectid role="contains" type="Hierarchy relation" oid="5D178C06-C1DB-49A2-533B-95CBBEBB6E0D" />
	</ref>
	<type_substitutions />
	<ext_sub_views_collection>
		<sub_view subview_name="Logical" id="27B72FDD-FA88-A685-50A9-EE425ED83741" sv_type="main_view" visible="true" rep_oid="null" rep_ovid="null" is_checkedout="false" checkedout_by="" />
	</ext_sub_views_collection>
	<documents />
	<parties />
	<naming_options>
		<naming_option class_name="oracle.dbtools.crest.model.design.logical.Entity" max_name_length="254" case_type="2" valid_characters="" all_valid="true" />
		<naming_option class_name="oracle.dbtools.crest.model.design.logical.Attribute" max_name_length="254" case_type="2" valid_characters="" all_valid="true" />
		<naming_option class_name="oracle.dbtools.crest.model.design.logical.EntityView" max_name_length="254" case_type="2" valid_characters="" all_valid="true" />
	</naming_options>
</design>