<?xml version="1.0" encoding="UTF-8" ?>
<metadatadoc version="2.0">
	<sub_view subview_name="Logical" id="DF5B35BF-DB79-76F5-6DC2-43B7D7A5D5A3" generator="null" visible="true" comment="" notes="" sv_type="main_view" rep_oid="null" rep_ovid="null" is_checkedout="false" checkedout_by="">
		<alter type="created">
			<user>oracle</user>
			<timestamp>2009-12-18 15:29:36</timestamp>
		</alter>
		<alter type="changed">
			<user>oracle</user>
			<timestamp>2009-12-18 15:32:36</timestamp>
		</alter>
		<main_display name="Logical" objectid="DF5B35BF-DB79-76F5-6DC2-43B7D7A5D5A3" notation="1" show_all_details="true" show_names_only="false" show_elements="false" show_datatype="false" show_keys="false" auto_route="false" box_in_box="true" comment="" notes="">
			<objectid role="represents" type="Entity" oid="F81DBBF0-BF8F-CCA6-0DCA-EF3F93E7ABF8" viewid="F8122231-7476-1577-EA68-FDD940162369" tv_generator_id="null" viewnumber="0">
				<graphical>
					<parameter name="background_color" value="NULL" />
					<parameter name="foreground_color" value="NULL" />
					<parameter name="h" value="85.0" />
					<parameter name="use_default_color" value="true" />
					<parameter name="w" value="286.0" />
					<parameter name="x" value="21.0" />
					<parameter name="y" value="637.0" />
				</graphical>
			</objectid>
			<objectid role="represents" type="Entity" oid="733F0DD8-A4C7-9531-03B0-27ABC743C8F7" viewid="ECF7B413-1BFC-33E5-3FEF-ECD17070ACAF" tv_generator_id="null" viewnumber="0">
				<graphical>
					<parameter name="background_color" value="NULL" />
					<parameter name="foreground_color" value="NULL" />
					<parameter name="h" value="113.0" />
					<parameter name="use_default_color" value="true" />
					<parameter name="w" value="286.0" />
					<parameter name="x" value="20.0" />
					<parameter name="y" value="235.0" />
				</graphical>
			</objectid>
			<objectid role="represents" type="Entity" oid="A7C014D6-E675-410D-EC5C-47914127EC31" viewid="D10F91B3-CA83-7988-5A71-3A61A48F14BD" tv_generator_id="null" viewnumber="0">
				<graphical>
					<parameter name="background_color" value="NULL" />
					<parameter name="foreground_color" value="NULL" />
					<parameter name="h" value="267.0" />
					<parameter name="use_default_color" value="true" />
					<parameter name="w" value="286.0" />
					<parameter name="x" value="387.0" />
					<parameter name="y" value="235.0" />
				</graphical>
			</objectid>
			<objectid role="represents" type="Entity" oid="E451501F-DAD8-58E6-2072-50AE115E9BE7" viewid="95D62DA2-FD16-06BF-4840-766915E35690" tv_generator_id="null" viewnumber="0">
				<graphical>
					<parameter name="background_color" value="NULL" />
					<parameter name="foreground_color" value="NULL" />
					<parameter name="h" value="155.0" />
					<parameter name="use_default_color" value="true" />
					<parameter name="w" value="286.0" />
					<parameter name="x" value="20.0" />
					<parameter name="y" value="20.0" />
				</graphical>
			</objectid>
			<objectid role="represents" type="Entity" oid="22236565-866C-05A7-1E30-78E0B221ADD4" viewid="A372507D-A258-5696-61D6-6F1FCCD79A02" tv_generator_id="null" viewnumber="0">
				<graphical>
					<parameter name="background_color" value="NULL" />
					<parameter name="foreground_color" value="NULL" />
					<parameter name="h" value="99.0" />
					<parameter name="use_default_color" value="true" />
					<parameter name="w" value="286.0" />
					<parameter name="x" value="386.0" />
					<parameter name="y" value="20.0" />
				</graphical>
			</objectid>
			<objectid role="represents" type="Entity" oid="C7519E83-906B-AF83-C245-C154947942DA" viewid="DB58E6B3-D9D8-D8D8-8A8C-183686FD803F" tv_generator_id="null" viewnumber="0">
				<graphical>
					<parameter name="background_color" value="NULL" />
					<parameter name="foreground_color" value="NULL" />
					<parameter name="h" value="169.0" />
					<parameter name="use_default_color" value="true" />
					<parameter name="w" value="286.0" />
					<parameter name="x" value="21.0" />
					<parameter name="y" value="408.0" />
				</graphical>
			</objectid>
			<objectid role="represents" type="Entity" oid="DA72A447-6004-775D-D7FF-5CC5EEF182BC" viewid="FA6511EA-8FBA-8645-E7D0-B40C523BA531" tv_generator_id="null" viewnumber="0">
				<graphical>
					<parameter name="background_color" value="NULL" />
					<parameter name="foreground_color" value="NULL" />
					<parameter name="h" value="71.0" />
					<parameter name="use_default_color" value="true" />
					<parameter name="w" value="286.0" />
					<parameter name="x" value="21.0" />
					<parameter name="y" value="782.0" />
				</graphical>
			</objectid>
			<objectid role="represents" type="Relation" oid="E17E6BEA-6065-3F68-3FBF-F818E7D2727A" source="DA72A447-6004-775D-D7FF-5CC5EEF182BC" target="F81DBBF0-BF8F-CCA6-0DCA-EF3F93E7ABF8" viewid_source="FA6511EA-8FBA-8645-E7D0-B40C523BA531" viewid_target="F8122231-7476-1577-EA68-FDD940162369">
				<points>
					<point x_coordinate="174.0" y_coordinate="782.0" />
					<point x_coordinate="174.0" y_coordinate="722.0" />
				</points>
				<labels>
					<source x_coordinate="-1.0" y_coordinate="-1.0" width="-1.0" height="-1.0" />
					<target x_coordinate="-1.0" y_coordinate="-1.0" width="-1.0" height="-1.0" />
					<main_label x_coordinate="-1.0" y_coordinate="-1.0" width="-1.0" height="-1.0" />
				</labels>
				<graphical>
					<parameter name="use_default_color" value="true" />
				</graphical>
			</objectid>
			<objectid role="represents" type="Relation" oid="9C69C71D-2C03-A3D7-6072-4071A4F3449B" source="C7519E83-906B-AF83-C245-C154947942DA" target="733F0DD8-A4C7-9531-03B0-27ABC743C8F7" viewid_source="DB58E6B3-D9D8-D8D8-8A8C-183686FD803F" viewid_target="ECF7B413-1BFC-33E5-3FEF-ECD17070ACAF">
				<points>
					<point x_coordinate="173.5" y_coordinate="408.0" />
					<point x_coordinate="173.5" y_coordinate="348.0" />
				</points>
				<labels>
					<source x_coordinate="-1.0" y_coordinate="-1.0" width="-1.0" height="-1.0" />
					<target x_coordinate="-1.0" y_coordinate="-1.0" width="-1.0" height="-1.0" />
					<main_label x_coordinate="-1.0" y_coordinate="-1.0" width="-1.0" height="-1.0" />
				</labels>
				<graphical>
					<parameter name="use_default_color" value="true" />
				</graphical>
			</objectid>
			<objectid role="represents" type="Relation" oid="66A6B6AA-641B-4B7D-B39A-D6606F143C3D" source="A7C014D6-E675-410D-EC5C-47914127EC31" target="733F0DD8-A4C7-9531-03B0-27ABC743C8F7" viewid_source="D10F91B3-CA83-7988-5A71-3A61A48F14BD" viewid_target="ECF7B413-1BFC-33E5-3FEF-ECD17070ACAF">
				<points>
					<point x_coordinate="387.0" y_coordinate="281.5" />
					<point x_coordinate="306.0" y_coordinate="281.5" />
				</points>
				<labels>
					<source x_coordinate="-1.0" y_coordinate="-1.0" width="-1.0" height="-1.0" />
					<target x_coordinate="-1.0" y_coordinate="-1.0" width="-1.0" height="-1.0" />
					<main_label x_coordinate="-1.0" y_coordinate="-1.0" width="-1.0" height="-1.0" />
				</labels>
				<graphical>
					<parameter name="use_default_color" value="true" />
				</graphical>
			</objectid>
			<objectid role="represents" type="Relation" oid="78B30ABF-DAD7-EC1F-4942-86EAA77020F4" source="733F0DD8-A4C7-9531-03B0-27ABC743C8F7" target="A7C014D6-E675-410D-EC5C-47914127EC31" viewid_source="ECF7B413-1BFC-33E5-3FEF-ECD17070ACAF" viewid_target="D10F91B3-CA83-7988-5A71-3A61A48F14BD">
				<points>
					<point x_coordinate="306.0" y_coordinate="311.5" />
					<point x_coordinate="387.0" y_coordinate="311.5" />
				</points>
				<labels>
					<source x_coordinate="-1.0" y_coordinate="-1.0" width="-1.0" height="-1.0" />
					<target x_coordinate="-1.0" y_coordinate="-1.0" width="-1.0" height="-1.0" />
					<main_label x_coordinate="-1.0" y_coordinate="-1.0" width="-1.0" height="-1.0" />
				</labels>
				<graphical>
					<parameter name="use_default_color" value="true" />
				</graphical>
			</objectid>
			<objectid role="represents" type="Relation" oid="24433A89-1005-330D-7920-F9F296C91A8C" source="22236565-866C-05A7-1E30-78E0B221ADD4" target="A7C014D6-E675-410D-EC5C-47914127EC31" viewid_source="A372507D-A258-5696-61D6-6F1FCCD79A02" viewid_target="D10F91B3-CA83-7988-5A71-3A61A48F14BD">
				<points>
					<point x_coordinate="539.5" y_coordinate="119.0" />
					<point x_coordinate="539.5" y_coordinate="235.0" />
				</points>
				<labels>
					<source x_coordinate="-1.0" y_coordinate="-1.0" width="-1.0" height="-1.0" />
					<target x_coordinate="-1.0" y_coordinate="-1.0" width="-1.0" height="-1.0" />
					<main_label x_coordinate="-1.0" y_coordinate="-1.0" width="-1.0" height="-1.0" />
				</labels>
				<graphical>
					<parameter name="use_default_color" value="true" />
				</graphical>
			</objectid>
			<objectid role="represents" type="Relation" oid="BFA6AFB7-02A0-4B3B-AE02-5569E1E7CE8D" source="A7C014D6-E675-410D-EC5C-47914127EC31" target="A7C014D6-E675-410D-EC5C-47914127EC31" viewid_source="D10F91B3-CA83-7988-5A71-3A61A48F14BD" viewid_target="D10F91B3-CA83-7988-5A71-3A61A48F14BD">
				<points>
					<point x_coordinate="673.0" y_coordinate="368.5" />
					<point x_coordinate="688.0" y_coordinate="368.5" />
					<point x_coordinate="688.0" y_coordinate="517.0" />
					<point x_coordinate="530.0" y_coordinate="517.0" />
					<point x_coordinate="530.0" y_coordinate="502.0" />
				</points>
				<labels>
					<source x_coordinate="-1.0" y_coordinate="-1.0" width="-1.0" height="-1.0" />
					<target x_coordinate="-1.0" y_coordinate="-1.0" width="-1.0" height="-1.0" />
					<main_label x_coordinate="-1.0" y_coordinate="-1.0" width="-1.0" height="-1.0" />
				</labels>
				<graphical>
					<parameter name="use_default_color" value="true" />
				</graphical>
			</objectid>
			<objectid role="represents" type="Relation" oid="CF59EF92-8C52-2844-6AD8-F19E578BD87C" source="733F0DD8-A4C7-9531-03B0-27ABC743C8F7" target="E451501F-DAD8-58E6-2072-50AE115E9BE7" viewid_source="ECF7B413-1BFC-33E5-3FEF-ECD17070ACAF" viewid_target="95D62DA2-FD16-06BF-4840-766915E35690">
				<points>
					<point x_coordinate="173.0" y_coordinate="235.0" />
					<point x_coordinate="173.0" y_coordinate="175.0" />
				</points>
				<labels>
					<source x_coordinate="-1.0" y_coordinate="-1.0" width="-1.0" height="-1.0" />
					<target x_coordinate="-1.0" y_coordinate="-1.0" width="-1.0" height="-1.0" />
					<main_label x_coordinate="-1.0" y_coordinate="-1.0" width="-1.0" height="-1.0" />
				</labels>
				<graphical>
					<parameter name="use_default_color" value="true" />
				</graphical>
			</objectid>
			<objectid role="represents" type="Relation" oid="A36CB548-A872-C7D1-BFFA-A1BCE871EF18" source="A7C014D6-E675-410D-EC5C-47914127EC31" target="E451501F-DAD8-58E6-2072-50AE115E9BE7" viewid_source="D10F91B3-CA83-7988-5A71-3A61A48F14BD" viewid_target="95D62DA2-FD16-06BF-4840-766915E35690">
				<points>
					<point x_coordinate="387.0" y_coordinate="368.5" />
					<point x_coordinate="163.0" y_coordinate="175.0" />
				</points>
				<labels>
					<source x_coordinate="-1.0" y_coordinate="-1.0" width="-1.0" height="-1.0" />
					<target x_coordinate="-1.0" y_coordinate="-1.0" width="-1.0" height="-1.0" />
					<main_label x_coordinate="-1.0" y_coordinate="-1.0" width="-1.0" height="-1.0" />
				</labels>
				<graphical>
					<parameter name="use_default_color" value="true" />
				</graphical>
			</objectid>
			<objectid role="represents" type="Relation" oid="AC152A6F-D566-FB81-042D-5D55715B1447" source="22236565-866C-05A7-1E30-78E0B221ADD4" target="E451501F-DAD8-58E6-2072-50AE115E9BE7" viewid_source="A372507D-A258-5696-61D6-6F1FCCD79A02" viewid_target="95D62DA2-FD16-06BF-4840-766915E35690">
				<points>
					<point x_coordinate="386.0" y_coordinate="79.5" />
					<point x_coordinate="306.0" y_coordinate="79.5" />
				</points>
				<labels>
					<source x_coordinate="-1.0" y_coordinate="-1.0" width="-1.0" height="-1.0" />
					<target x_coordinate="-1.0" y_coordinate="-1.0" width="-1.0" height="-1.0" />
					<main_label x_coordinate="-1.0" y_coordinate="-1.0" width="-1.0" height="-1.0" />
				</labels>
				<graphical>
					<parameter name="use_default_color" value="true" />
				</graphical>
			</objectid>
			<objectid role="represents" type="Relation" oid="63E051E8-20E0-90D2-DA7D-B76EA0221343" source="F81DBBF0-BF8F-CCA6-0DCA-EF3F93E7ABF8" target="C7519E83-906B-AF83-C245-C154947942DA" viewid_source="F8122231-7476-1577-EA68-FDD940162369" viewid_target="DB58E6B3-D9D8-D8D8-8A8C-183686FD803F">
				<points>
					<point x_coordinate="174.0" y_coordinate="637.0" />
					<point x_coordinate="174.0" y_coordinate="577.0" />
				</points>
				<labels>
					<source x_coordinate="-1.0" y_coordinate="-1.0" width="-1.0" height="-1.0" />
					<target x_coordinate="-1.0" y_coordinate="-1.0" width="-1.0" height="-1.0" />
					<main_label x_coordinate="-1.0" y_coordinate="-1.0" width="-1.0" height="-1.0" />
				</labels>
				<graphical>
					<parameter name="use_default_color" value="true" />
				</graphical>
			</objectid>
			<alter type="created">
				<user>oracle</user>
				<timestamp>2010-01-05 17:11:29</timestamp>
			</alter>
			<alter type="changed">
				<user>oracle</user>
				<timestamp>2010-01-13 14:23:39</timestamp>
			</alter>
		</main_display>
		<subordinate_displays />
	</sub_view>
</metadatadoc>