<?xml version="1.0" encoding="UTF-8" ?>
<extendedmap version="2.0">
	<mappings>
		<extmapping>
			<parameter name="creationTime" value="1261168271404" />
			<parameter name="fw_engineer" value="true" />
			<parameter name="inheritance_type" value="0" />
			<parameter name="owner.design.id" value="8EAAFC55-0F0A-AEE1-F0F5-D8C0FCCDCAFF" />
			<parameter name="owner.design.name" value="Relational_1" />
			<parameter name="owner.id" value="015CB459-C878-2004-C3BE-34EDFE0504A4" />
			<parameter name="owner.name" value="COUNTRY_ID" />
			<parameter name="owner.type" value="5" />
			<parameter name="owner_container_id" value="10A86985-48EC-C6B3-8CD5-71A664C51682" />
			<parameter name="rev_engineer" value="true" />
			<parameter name="target.design.id" value="14A6C6C7-7F12-C796-8C2A-A218A95055F5" />
			<parameter name="target.design.name" value="null" />
			<parameter name="target.id" value="8E88E743-023B-A7F3-A343-5BF88106603F" />
			<parameter name="target.name" value="COUNTRY ID" />
			<parameter name="target.type" value="1" />
			<parameter name="target_container_id" value="F81DBBF0-BF8F-CCA6-0DCA-EF3F93E7ABF8" />
		</extmapping>
		<extmapping>
			<parameter name="creationTime" value="1261168271430" />
			<parameter name="fw_engineer" value="true" />
			<parameter name="inheritance_type" value="0" />
			<parameter name="owner.design.id" value="8EAAFC55-0F0A-AEE1-F0F5-D8C0FCCDCAFF" />
			<parameter name="owner.design.name" value="Relational_1" />
			<parameter name="owner.id" value="1072E05F-4F48-1AB5-FAAA-AC9746E678FC" />
			<parameter name="owner.name" value="EMP_MANAGER_FK" />
			<parameter name="owner.type" value="-1" />
			<parameter name="rev_engineer" value="true" />
			<parameter name="target.design.id" value="14A6C6C7-7F12-C796-8C2A-A218A95055F5" />
			<parameter name="target.design.name" value="null" />
			<parameter name="target.id" value="BFA6AFB7-02A0-4B3B-AE02-5569E1E7CE8D" />
			<parameter name="target.name" value="EMP_MANAGER_FK" />
			<parameter name="target.type" value="3" />
		</extmapping>
		<extmapping>
			<parameter name="creationTime" value="1261168271403" />
			<parameter name="fw_engineer" value="true" />
			<parameter name="inheritance_type" value="0" />
			<parameter name="owner.design.id" value="8EAAFC55-0F0A-AEE1-F0F5-D8C0FCCDCAFF" />
			<parameter name="owner.design.name" value="Relational_1" />
			<parameter name="owner.id" value="10A86985-48EC-C6B3-8CD5-71A664C51682" />
			<parameter name="owner.name" value="COUNTRIES" />
			<parameter name="owner.type" value="4" />
			<parameter name="rev_engineer" value="true" />
			<parameter name="target.design.id" value="14A6C6C7-7F12-C796-8C2A-A218A95055F5" />
			<parameter name="target.design.name" value="null" />
			<parameter name="target.id" value="F81DBBF0-BF8F-CCA6-0DCA-EF3F93E7ABF8" />
			<parameter name="target.name" value="COUNTRIES" />
			<parameter name="target.type" value="0" />
		</extmapping>
		<extmapping>
			<parameter name="creationTime" value="1261168271429" />
			<parameter name="fw_engineer" value="true" />
			<parameter name="inheritance_type" value="0" />
			<parameter name="owner.design.id" value="8EAAFC55-0F0A-AEE1-F0F5-D8C0FCCDCAFF" />
			<parameter name="owner.design.name" value="Relational_1" />
			<parameter name="owner.id" value="10BD333C-B9A9-44A4-481B-F7E2234C81BA" />
			<parameter name="owner.name" value="EMP_JOB_FK" />
			<parameter name="owner.type" value="-1" />
			<parameter name="rev_engineer" value="true" />
			<parameter name="target.design.id" value="14A6C6C7-7F12-C796-8C2A-A218A95055F5" />
			<parameter name="target.design.name" value="null" />
			<parameter name="target.id" value="24433A89-1005-330D-7920-F9F296C91A8C" />
			<parameter name="target.name" value="EMP_JOB_FK" />
			<parameter name="target.type" value="3" />
		</extmapping>
		<extmapping>
			<parameter name="creationTime" value="1261168271406" />
			<parameter name="fw_engineer" value="true" />
			<parameter name="inheritance_type" value="0" />
			<parameter name="owner.design.id" value="8EAAFC55-0F0A-AEE1-F0F5-D8C0FCCDCAFF" />
			<parameter name="owner.design.name" value="Relational_1" />
			<parameter name="owner.id" value="2168CBE7-8512-43AF-48C7-517B0CF601DA" />
			<parameter name="owner.name" value="DEPARTMENTS" />
			<parameter name="owner.type" value="4" />
			<parameter name="rev_engineer" value="true" />
			<parameter name="target.design.id" value="14A6C6C7-7F12-C796-8C2A-A218A95055F5" />
			<parameter name="target.design.name" value="null" />
			<parameter name="target.id" value="733F0DD8-A4C7-9531-03B0-27ABC743C8F7" />
			<parameter name="target.name" value="DEPARTMENTS" />
			<parameter name="target.type" value="0" />
		</extmapping>
		<extmapping>
			<parameter name="creationTime" value="1261168271407" />
			<parameter name="fw_engineer" value="true" />
			<parameter name="inheritance_type" value="0" />
			<parameter name="owner.design.id" value="8EAAFC55-0F0A-AEE1-F0F5-D8C0FCCDCAFF" />
			<parameter name="owner.design.name" value="Relational_1" />
			<parameter name="owner.id" value="2886CA64-6E41-9CEC-0CED-B1FA02A53474" />
			<parameter name="owner.name" value="LOCATION_ID" />
			<parameter name="owner.type" value="5" />
			<parameter name="owner_container_id" value="2168CBE7-8512-43AF-48C7-517B0CF601DA" />
			<parameter name="rev_engineer" value="true" />
			<parameter name="target.design.id" value="14A6C6C7-7F12-C796-8C2A-A218A95055F5" />
			<parameter name="target.design.name" value="null" />
			<parameter name="target.id" value="0624B882-312D-6552-5605-268427845134" />
			<parameter name="target.name" value="LOCATION ID" />
			<parameter name="target.type" value="1" />
			<parameter name="target_container_id" value="733F0DD8-A4C7-9531-03B0-27ABC743C8F7" />
		</extmapping>
		<extmapping>
			<parameter name="creationTime" value="1261168271412" />
			<parameter name="fw_engineer" value="true" />
			<parameter name="inheritance_type" value="0" />
			<parameter name="owner.design.id" value="8EAAFC55-0F0A-AEE1-F0F5-D8C0FCCDCAFF" />
			<parameter name="owner.design.name" value="Relational_1" />
			<parameter name="owner.id" value="2AE97F27-F70A-3032-2582-DA9E50F7DB7F" />
			<parameter name="owner.name" value="MANAGER_ID" />
			<parameter name="owner.type" value="5" />
			<parameter name="owner_container_id" value="DC6A08B0-832F-B2FC-69CA-0F7B4160D912" />
			<parameter name="rev_engineer" value="true" />
			<parameter name="target.design.id" value="14A6C6C7-7F12-C796-8C2A-A218A95055F5" />
			<parameter name="target.design.name" value="null" />
			<parameter name="target.id" value="F38903CE-B28B-6DFB-3102-746C12250916" />
			<parameter name="target.name" value="MANAGER ID" />
			<parameter name="target.type" value="1" />
			<parameter name="target_container_id" value="A7C014D6-E675-410D-EC5C-47914127EC31" />
		</extmapping>
		<extmapping>
			<parameter name="creationTime" value="1261168271420" />
			<parameter name="fw_engineer" value="true" />
			<parameter name="inheritance_type" value="0" />
			<parameter name="owner.design.id" value="8EAAFC55-0F0A-AEE1-F0F5-D8C0FCCDCAFF" />
			<parameter name="owner.design.name" value="Relational_1" />
			<parameter name="owner.id" value="3286A712-0761-E343-8E98-D19C909F6AC8" />
			<parameter name="owner.name" value="LOCATION_ID" />
			<parameter name="owner.type" value="5" />
			<parameter name="owner_container_id" value="F59CED9A-4D43-AE7B-1C14-3B7E3B448C59" />
			<parameter name="rev_engineer" value="true" />
			<parameter name="target.design.id" value="14A6C6C7-7F12-C796-8C2A-A218A95055F5" />
			<parameter name="target.design.name" value="null" />
			<parameter name="target.id" value="6763E9ED-5F38-B2D3-663A-DF017DFD397C" />
			<parameter name="target.name" value="LOCATION ID" />
			<parameter name="target.type" value="1" />
			<parameter name="target_container_id" value="C7519E83-906B-AF83-C245-C154947942DA" />
		</extmapping>
		<extmapping>
			<parameter name="creationTime" value="1261168271407" />
			<parameter name="fw_engineer" value="true" />
			<parameter name="inheritance_type" value="0" />
			<parameter name="owner.design.id" value="8EAAFC55-0F0A-AEE1-F0F5-D8C0FCCDCAFF" />
			<parameter name="owner.design.name" value="Relational_1" />
			<parameter name="owner.id" value="35B7AE12-E62D-2ACD-657E-2AAD9221A0D8" />
			<parameter name="owner.name" value="MANAGER_ID" />
			<parameter name="owner.type" value="5" />
			<parameter name="owner_container_id" value="2168CBE7-8512-43AF-48C7-517B0CF601DA" />
			<parameter name="rev_engineer" value="true" />
			<parameter name="target.design.id" value="14A6C6C7-7F12-C796-8C2A-A218A95055F5" />
			<parameter name="target.design.name" value="null" />
			<parameter name="target.id" value="9976CF5C-83C8-FD87-130F-0A5A2F8994C5" />
			<parameter name="target.name" value="MANAGER ID" />
			<parameter name="target.type" value="1" />
			<parameter name="target_container_id" value="733F0DD8-A4C7-9531-03B0-27ABC743C8F7" />
		</extmapping>
		<extmapping>
			<parameter name="creationTime" value="1261168271433" />
			<parameter name="fw_engineer" value="true" />
			<parameter name="inheritance_type" value="0" />
			<parameter name="owner.design.id" value="8EAAFC55-0F0A-AEE1-F0F5-D8C0FCCDCAFF" />
			<parameter name="owner.design.name" value="Relational_1" />
			<parameter name="owner.id" value="3E0C88FA-696D-CDA5-B552-2F24E238C66F" />
			<parameter name="owner.name" value="JHIST_EMP_FK" />
			<parameter name="owner.type" value="-1" />
			<parameter name="rev_engineer" value="true" />
			<parameter name="target.design.id" value="14A6C6C7-7F12-C796-8C2A-A218A95055F5" />
			<parameter name="target.design.name" value="null" />
			<parameter name="target.id" value="A36CB548-A872-C7D1-BFFA-A1BCE871EF18" />
			<parameter name="target.name" value="JHIST_EMP_FK" />
			<parameter name="target.type" value="3" />
		</extmapping>
		<extmapping>
			<parameter name="creationTime" value="1261168271414" />
			<parameter name="fw_engineer" value="true" />
			<parameter name="inheritance_type" value="0" />
			<parameter name="owner.design.id" value="8EAAFC55-0F0A-AEE1-F0F5-D8C0FCCDCAFF" />
			<parameter name="owner.design.name" value="Relational_1" />
			<parameter name="owner.id" value="44FC78E3-3B57-EE97-B46A-27207807B96F" />
			<parameter name="owner.name" value="JOB_TITLE" />
			<parameter name="owner.type" value="5" />
			<parameter name="owner_container_id" value="F2AB040E-C4DA-4A90-0669-94A558E06E60" />
			<parameter name="rev_engineer" value="true" />
			<parameter name="target.design.id" value="14A6C6C7-7F12-C796-8C2A-A218A95055F5" />
			<parameter name="target.design.name" value="null" />
			<parameter name="target.id" value="932F3A8A-3F4B-C770-16DC-AEF38A39FCC1" />
			<parameter name="target.name" value="JOB TITLE" />
			<parameter name="target.type" value="1" />
			<parameter name="target_container_id" value="22236565-866C-05A7-1E30-78E0B221ADD4" />
		</extmapping>
		<extmapping>
			<parameter name="creationTime" value="1261168271406" />
			<parameter name="fw_engineer" value="true" />
			<parameter name="inheritance_type" value="0" />
			<parameter name="owner.design.id" value="8EAAFC55-0F0A-AEE1-F0F5-D8C0FCCDCAFF" />
			<parameter name="owner.design.name" value="Relational_1" />
			<parameter name="owner.id" value="453BE916-7F76-A511-6701-F5915743AFE2" />
			<parameter name="owner.name" value="DEPARTMENT_NAME" />
			<parameter name="owner.type" value="5" />
			<parameter name="owner_container_id" value="2168CBE7-8512-43AF-48C7-517B0CF601DA" />
			<parameter name="rev_engineer" value="true" />
			<parameter name="target.design.id" value="14A6C6C7-7F12-C796-8C2A-A218A95055F5" />
			<parameter name="target.design.name" value="null" />
			<parameter name="target.id" value="0BCEDB35-960A-9EDA-8EAE-499997F64AC9" />
			<parameter name="target.name" value="DEPARTMENT NAME" />
			<parameter name="target.type" value="1" />
			<parameter name="target_container_id" value="733F0DD8-A4C7-9531-03B0-27ABC743C8F7" />
		</extmapping>
		<extmapping>
			<parameter name="creationTime" value="1261168271427" />
			<parameter name="fw_engineer" value="true" />
			<parameter name="inheritance_type" value="0" />
			<parameter name="owner.design.id" value="8EAAFC55-0F0A-AEE1-F0F5-D8C0FCCDCAFF" />
			<parameter name="owner.design.name" value="Relational_1" />
			<parameter name="owner.id" value="47F54D76-1DCC-F612-E810-E55D4879E47B" />
			<parameter name="owner.name" value="DEPT_MGR_FK" />
			<parameter name="owner.type" value="-1" />
			<parameter name="rev_engineer" value="true" />
			<parameter name="target.design.id" value="14A6C6C7-7F12-C796-8C2A-A218A95055F5" />
			<parameter name="target.design.name" value="null" />
			<parameter name="target.id" value="66A6B6AA-641B-4B7D-B39A-D6606F143C3D" />
			<parameter name="target.name" value="DEPT_MGR_FK" />
			<parameter name="target.type" value="3" />
		</extmapping>
		<extmapping>
			<parameter name="creationTime" value="1261168271421" />
			<parameter name="fw_engineer" value="true" />
			<parameter name="inheritance_type" value="0" />
			<parameter name="owner.design.id" value="8EAAFC55-0F0A-AEE1-F0F5-D8C0FCCDCAFF" />
			<parameter name="owner.design.name" value="Relational_1" />
			<parameter name="owner.id" value="4E8ADA62-DE84-190E-C7F4-21242916D9E5" />
			<parameter name="owner.name" value="STATE_PROVINCE" />
			<parameter name="owner.type" value="5" />
			<parameter name="owner_container_id" value="F59CED9A-4D43-AE7B-1C14-3B7E3B448C59" />
			<parameter name="rev_engineer" value="true" />
			<parameter name="target.design.id" value="14A6C6C7-7F12-C796-8C2A-A218A95055F5" />
			<parameter name="target.design.name" value="null" />
			<parameter name="target.id" value="169EFBA6-4448-4441-40A5-27A7A3F694D0" />
			<parameter name="target.name" value="STATE PROVINCE" />
			<parameter name="target.type" value="1" />
			<parameter name="target_container_id" value="C7519E83-906B-AF83-C245-C154947942DA" />
		</extmapping>
		<extmapping>
			<parameter name="creationTime" value="1261168271409" />
			<parameter name="fw_engineer" value="true" />
			<parameter name="inheritance_type" value="0" />
			<parameter name="owner.design.id" value="8EAAFC55-0F0A-AEE1-F0F5-D8C0FCCDCAFF" />
			<parameter name="owner.design.name" value="Relational_1" />
			<parameter name="owner.id" value="51D57A81-11E6-3D7A-C6BD-23F9B2FCC0BD" />
			<parameter name="owner.name" value="EMPLOYEE_ID" />
			<parameter name="owner.type" value="5" />
			<parameter name="owner_container_id" value="DC6A08B0-832F-B2FC-69CA-0F7B4160D912" />
			<parameter name="rev_engineer" value="true" />
			<parameter name="target.design.id" value="14A6C6C7-7F12-C796-8C2A-A218A95055F5" />
			<parameter name="target.design.name" value="null" />
			<parameter name="target.id" value="030B5A45-6573-5081-5300-2E35C79955C1" />
			<parameter name="target.name" value="EMPLOYEE ID" />
			<parameter name="target.type" value="1" />
			<parameter name="target_container_id" value="A7C014D6-E675-410D-EC5C-47914127EC31" />
		</extmapping>
		<extmapping>
			<parameter name="creationTime" value="1261168271410" />
			<parameter name="fw_engineer" value="true" />
			<parameter name="inheritance_type" value="0" />
			<parameter name="owner.design.id" value="8EAAFC55-0F0A-AEE1-F0F5-D8C0FCCDCAFF" />
			<parameter name="owner.design.name" value="Relational_1" />
			<parameter name="owner.id" value="591CFC0F-1D35-FA29-C263-46A382A32EF3" />
			<parameter name="owner.name" value="HIRE_DATE" />
			<parameter name="owner.type" value="5" />
			<parameter name="owner_container_id" value="DC6A08B0-832F-B2FC-69CA-0F7B4160D912" />
			<parameter name="rev_engineer" value="true" />
			<parameter name="target.design.id" value="14A6C6C7-7F12-C796-8C2A-A218A95055F5" />
			<parameter name="target.design.name" value="null" />
			<parameter name="target.id" value="1FF68B31-9BED-2113-F493-EAA0EF666BC8" />
			<parameter name="target.name" value="HIRE DATE" />
			<parameter name="target.type" value="1" />
			<parameter name="target_container_id" value="A7C014D6-E675-410D-EC5C-47914127EC31" />
		</extmapping>
		<extmapping>
			<parameter name="creationTime" value="1261168271417" />
			<parameter name="fw_engineer" value="true" />
			<parameter name="inheritance_type" value="0" />
			<parameter name="owner.design.id" value="8EAAFC55-0F0A-AEE1-F0F5-D8C0FCCDCAFF" />
			<parameter name="owner.design.name" value="Relational_1" />
			<parameter name="owner.id" value="598ECA8D-712A-0A83-50D6-06F4F2F6B884" />
			<parameter name="owner.name" value="END_DATE" />
			<parameter name="owner.type" value="5" />
			<parameter name="owner_container_id" value="6F2BC1A4-E6A1-0FFC-1DF5-E47419565A76" />
			<parameter name="rev_engineer" value="true" />
			<parameter name="target.design.id" value="14A6C6C7-7F12-C796-8C2A-A218A95055F5" />
			<parameter name="target.design.name" value="null" />
			<parameter name="target.id" value="CB655B48-CE0A-7A93-47FC-C8E0872DD06E" />
			<parameter name="target.name" value="END DATE" />
			<parameter name="target.type" value="1" />
			<parameter name="target_container_id" value="E451501F-DAD8-58E6-2072-50AE115E9BE7" />
		</extmapping>
		<extmapping>
			<parameter name="creationTime" value="1261168271420" />
			<parameter name="fw_engineer" value="true" />
			<parameter name="inheritance_type" value="0" />
			<parameter name="owner.design.id" value="8EAAFC55-0F0A-AEE1-F0F5-D8C0FCCDCAFF" />
			<parameter name="owner.design.name" value="Relational_1" />
			<parameter name="owner.id" value="61EE2392-5B90-C053-5E60-E99A35FE87AB" />
			<parameter name="owner.name" value="STREET_ADDRESS" />
			<parameter name="owner.type" value="5" />
			<parameter name="owner_container_id" value="F59CED9A-4D43-AE7B-1C14-3B7E3B448C59" />
			<parameter name="rev_engineer" value="true" />
			<parameter name="target.design.id" value="14A6C6C7-7F12-C796-8C2A-A218A95055F5" />
			<parameter name="target.design.name" value="null" />
			<parameter name="target.id" value="1B5C3BAA-125C-49CD-4CE9-E82F59556D8C" />
			<parameter name="target.name" value="STREET ADDRESS" />
			<parameter name="target.type" value="1" />
			<parameter name="target_container_id" value="C7519E83-906B-AF83-C245-C154947942DA" />
		</extmapping>
		<extmapping>
			<parameter name="creationTime" value="1261168271418" />
			<parameter name="fw_engineer" value="true" />
			<parameter name="inheritance_type" value="0" />
			<parameter name="owner.design.id" value="8EAAFC55-0F0A-AEE1-F0F5-D8C0FCCDCAFF" />
			<parameter name="owner.design.name" value="Relational_1" />
			<parameter name="owner.id" value="6578BE90-2BD1-3E7C-4AA9-A132B19A393D" />
			<parameter name="owner.name" value="DEPARTMENT_ID" />
			<parameter name="owner.type" value="5" />
			<parameter name="owner_container_id" value="6F2BC1A4-E6A1-0FFC-1DF5-E47419565A76" />
			<parameter name="rev_engineer" value="true" />
			<parameter name="target.design.id" value="14A6C6C7-7F12-C796-8C2A-A218A95055F5" />
			<parameter name="target.design.name" value="null" />
			<parameter name="target.id" value="3774FC78-D18E-6652-32A3-DB4D5F42B60A" />
			<parameter name="target.name" value="DEPARTMENT ID" />
			<parameter name="target.type" value="1" />
			<parameter name="target_container_id" value="E451501F-DAD8-58E6-2072-50AE115E9BE7" />
		</extmapping>
		<extmapping>
			<parameter name="creationTime" value="1261168271423" />
			<parameter name="fw_engineer" value="true" />
			<parameter name="inheritance_type" value="0" />
			<parameter name="owner.design.id" value="8EAAFC55-0F0A-AEE1-F0F5-D8C0FCCDCAFF" />
			<parameter name="owner.design.name" value="Relational_1" />
			<parameter name="owner.id" value="69B45B46-462D-266A-0387-78664221B62D" />
			<parameter name="owner.name" value="REGION_NAME" />
			<parameter name="owner.type" value="5" />
			<parameter name="owner_container_id" value="D24F118A-8855-2B78-566D-208398EDD37D" />
			<parameter name="rev_engineer" value="true" />
			<parameter name="target.design.id" value="14A6C6C7-7F12-C796-8C2A-A218A95055F5" />
			<parameter name="target.design.name" value="null" />
			<parameter name="target.id" value="A2B64915-D0C1-14A7-0888-31EBA53BA53D" />
			<parameter name="target.name" value="REGION NAME" />
			<parameter name="target.type" value="1" />
			<parameter name="target_container_id" value="DA72A447-6004-775D-D7FF-5CC5EEF182BC" />
		</extmapping>
		<extmapping>
			<parameter name="creationTime" value="1261168271405" />
			<parameter name="fw_engineer" value="true" />
			<parameter name="inheritance_type" value="0" />
			<parameter name="owner.design.id" value="8EAAFC55-0F0A-AEE1-F0F5-D8C0FCCDCAFF" />
			<parameter name="owner.design.name" value="Relational_1" />
			<parameter name="owner.id" value="6B2D0E8C-C3D3-740D-9220-5B43390A1500" />
			<parameter name="owner.name" value="COUNTRY_C_ID_PK" />
			<parameter name="owner.type" value="7" />
			<parameter name="rev_engineer" value="true" />
			<parameter name="target.design.id" value="14A6C6C7-7F12-C796-8C2A-A218A95055F5" />
			<parameter name="target.design.name" value="null" />
			<parameter name="target.id" value="382417B4-AB3F-A492-29C8-5D443434D04B" />
			<parameter name="target.name" value="COUNTRY C ID PK" />
			<parameter name="target.type" value="2" />
		</extmapping>
		<extmapping>
			<parameter name="creationTime" value="1261168271423" />
			<parameter name="fw_engineer" value="true" />
			<parameter name="inheritance_type" value="0" />
			<parameter name="owner.design.id" value="8EAAFC55-0F0A-AEE1-F0F5-D8C0FCCDCAFF" />
			<parameter name="owner.design.name" value="Relational_1" />
			<parameter name="owner.id" value="6E23BBFE-A37F-3483-1B8C-080CC0AA68AB" />
			<parameter name="owner.name" value="REGION_ID" />
			<parameter name="owner.type" value="5" />
			<parameter name="owner_container_id" value="D24F118A-8855-2B78-566D-208398EDD37D" />
			<parameter name="rev_engineer" value="true" />
			<parameter name="target.design.id" value="14A6C6C7-7F12-C796-8C2A-A218A95055F5" />
			<parameter name="target.design.name" value="null" />
			<parameter name="target.id" value="B5B87BED-8037-0AB4-98F0-42B560D3725E" />
			<parameter name="target.name" value="REGION ID" />
			<parameter name="target.type" value="1" />
			<parameter name="target_container_id" value="DA72A447-6004-775D-D7FF-5CC5EEF182BC" />
		</extmapping>
		<extmapping>
			<parameter name="creationTime" value="1261168271416" />
			<parameter name="fw_engineer" value="true" />
			<parameter name="inheritance_type" value="0" />
			<parameter name="owner.design.id" value="8EAAFC55-0F0A-AEE1-F0F5-D8C0FCCDCAFF" />
			<parameter name="owner.design.name" value="Relational_1" />
			<parameter name="owner.id" value="6F2BC1A4-E6A1-0FFC-1DF5-E47419565A76" />
			<parameter name="owner.name" value="JOB_HISTORY" />
			<parameter name="owner.type" value="4" />
			<parameter name="rev_engineer" value="true" />
			<parameter name="target.design.id" value="14A6C6C7-7F12-C796-8C2A-A218A95055F5" />
			<parameter name="target.design.name" value="null" />
			<parameter name="target.id" value="E451501F-DAD8-58E6-2072-50AE115E9BE7" />
			<parameter name="target.name" value="JOB HISTORY" />
			<parameter name="target.type" value="0" />
		</extmapping>
		<extmapping>
			<parameter name="creationTime" value="1261168271417" />
			<parameter name="fw_engineer" value="true" />
			<parameter name="inheritance_type" value="0" />
			<parameter name="owner.design.id" value="8EAAFC55-0F0A-AEE1-F0F5-D8C0FCCDCAFF" />
			<parameter name="owner.design.name" value="Relational_1" />
			<parameter name="owner.id" value="6F7BFC07-5DC7-AB1C-C265-AF2B559077CE" />
			<parameter name="owner.name" value="JOB_ID" />
			<parameter name="owner.type" value="5" />
			<parameter name="owner_container_id" value="6F2BC1A4-E6A1-0FFC-1DF5-E47419565A76" />
			<parameter name="rev_engineer" value="true" />
			<parameter name="target.design.id" value="14A6C6C7-7F12-C796-8C2A-A218A95055F5" />
			<parameter name="target.design.name" value="null" />
			<parameter name="target.id" value="4896F063-0E44-0A8A-8917-BCA3E7468131" />
			<parameter name="target.name" value="JOB ID" />
			<parameter name="target.type" value="1" />
			<parameter name="target_container_id" value="E451501F-DAD8-58E6-2072-50AE115E9BE7" />
		</extmapping>
		<extmapping>
			<parameter name="creationTime" value="1261168271424" />
			<parameter name="fw_engineer" value="true" />
			<parameter name="inheritance_type" value="0" />
			<parameter name="owner.design.id" value="8EAAFC55-0F0A-AEE1-F0F5-D8C0FCCDCAFF" />
			<parameter name="owner.design.name" value="Relational_1" />
			<parameter name="owner.id" value="7800CE7E-104D-0494-6732-2119D4932CAB" />
			<parameter name="owner.name" value="COUNTR_REG_FK" />
			<parameter name="owner.type" value="-1" />
			<parameter name="rev_engineer" value="true" />
			<parameter name="target.design.id" value="14A6C6C7-7F12-C796-8C2A-A218A95055F5" />
			<parameter name="target.design.name" value="null" />
			<parameter name="target.id" value="E17E6BEA-6065-3F68-3FBF-F818E7D2727A" />
			<parameter name="target.name" value="COUNTR_REG_FK" />
			<parameter name="target.type" value="3" />
		</extmapping>
		<extmapping>
			<parameter name="creationTime" value="1261168271421" />
			<parameter name="fw_engineer" value="true" />
			<parameter name="inheritance_type" value="0" />
			<parameter name="owner.design.id" value="8EAAFC55-0F0A-AEE1-F0F5-D8C0FCCDCAFF" />
			<parameter name="owner.design.name" value="Relational_1" />
			<parameter name="owner.id" value="83E3CA90-5BDF-B278-0368-31D060941A48" />
			<parameter name="owner.name" value="LOC_ID_PK" />
			<parameter name="owner.type" value="7" />
			<parameter name="rev_engineer" value="true" />
			<parameter name="target.design.id" value="14A6C6C7-7F12-C796-8C2A-A218A95055F5" />
			<parameter name="target.design.name" value="null" />
			<parameter name="target.id" value="DD6889BC-B7EA-5EBF-2C37-E965266873AF" />
			<parameter name="target.name" value="LOC ID PK" />
			<parameter name="target.type" value="2" />
		</extmapping>
		<extmapping>
			<parameter name="creationTime" value="1261168271415" />
			<parameter name="fw_engineer" value="true" />
			<parameter name="inheritance_type" value="0" />
			<parameter name="owner.design.id" value="8EAAFC55-0F0A-AEE1-F0F5-D8C0FCCDCAFF" />
			<parameter name="owner.design.name" value="Relational_1" />
			<parameter name="owner.id" value="888730A9-5307-2D1F-2DC4-33F2B643370C" />
			<parameter name="owner.name" value="MIN_SALARY" />
			<parameter name="owner.type" value="5" />
			<parameter name="owner_container_id" value="F2AB040E-C4DA-4A90-0669-94A558E06E60" />
			<parameter name="rev_engineer" value="true" />
			<parameter name="target.design.id" value="14A6C6C7-7F12-C796-8C2A-A218A95055F5" />
			<parameter name="target.design.name" value="null" />
			<parameter name="target.id" value="A0DF71DA-E1CF-03C1-3457-8A5A14A61219" />
			<parameter name="target.name" value="MIN SALARY" />
			<parameter name="target.type" value="1" />
			<parameter name="target_container_id" value="22236565-866C-05A7-1E30-78E0B221ADD4" />
		</extmapping>
		<extmapping>
			<parameter name="creationTime" value="1261168271411" />
			<parameter name="fw_engineer" value="true" />
			<parameter name="inheritance_type" value="0" />
			<parameter name="owner.design.id" value="8EAAFC55-0F0A-AEE1-F0F5-D8C0FCCDCAFF" />
			<parameter name="owner.design.name" value="Relational_1" />
			<parameter name="owner.id" value="8A1B8141-8CF1-E258-9F96-FCB2C7348B5E" />
			<parameter name="owner.name" value="JOB_ID" />
			<parameter name="owner.type" value="5" />
			<parameter name="owner_container_id" value="DC6A08B0-832F-B2FC-69CA-0F7B4160D912" />
			<parameter name="rev_engineer" value="true" />
			<parameter name="target.design.id" value="14A6C6C7-7F12-C796-8C2A-A218A95055F5" />
			<parameter name="target.design.name" value="null" />
			<parameter name="target.id" value="B2D02182-2B6D-DAAF-8CE5-8FD768E7650F" />
			<parameter name="target.name" value="JOB ID" />
			<parameter name="target.type" value="1" />
			<parameter name="target_container_id" value="A7C014D6-E675-410D-EC5C-47914127EC31" />
		</extmapping>
		<extmapping>
			<parameter name="creationTime" value="1261168271436" />
			<parameter name="fw_engineer" value="true" />
			<parameter name="inheritance_type" value="0" />
			<parameter name="owner.design.id" value="8EAAFC55-0F0A-AEE1-F0F5-D8C0FCCDCAFF" />
			<parameter name="owner.design.name" value="Relational_1" />
			<parameter name="owner.id" value="910112C4-8177-66BB-C8E0-115E8BCBB3A2" />
			<parameter name="owner.name" value="LOC_C_ID_FK" />
			<parameter name="owner.type" value="-1" />
			<parameter name="rev_engineer" value="true" />
			<parameter name="target.design.id" value="14A6C6C7-7F12-C796-8C2A-A218A95055F5" />
			<parameter name="target.design.name" value="null" />
			<parameter name="target.id" value="63E051E8-20E0-90D2-DA7D-B76EA0221343" />
			<parameter name="target.name" value="LOC_C_ID_FK" />
			<parameter name="target.type" value="3" />
		</extmapping>
		<extmapping>
			<parameter name="creationTime" value="1261168271425" />
			<parameter name="fw_engineer" value="true" />
			<parameter name="inheritance_type" value="0" />
			<parameter name="owner.design.id" value="8EAAFC55-0F0A-AEE1-F0F5-D8C0FCCDCAFF" />
			<parameter name="owner.design.name" value="Relational_1" />
			<parameter name="owner.id" value="940CD603-AE77-DC89-F33B-44CCF3FCC2F2" />
			<parameter name="owner.name" value="DEPT_LOC_FK" />
			<parameter name="owner.type" value="-1" />
			<parameter name="rev_engineer" value="true" />
			<parameter name="target.design.id" value="14A6C6C7-7F12-C796-8C2A-A218A95055F5" />
			<parameter name="target.design.name" value="null" />
			<parameter name="target.id" value="9C69C71D-2C03-A3D7-6072-4071A4F3449B" />
			<parameter name="target.name" value="DEPT_LOC_FK" />
			<parameter name="target.type" value="3" />
		</extmapping>
		<extmapping>
			<parameter name="creationTime" value="1261168271407" />
			<parameter name="fw_engineer" value="true" />
			<parameter name="inheritance_type" value="0" />
			<parameter name="owner.design.id" value="8EAAFC55-0F0A-AEE1-F0F5-D8C0FCCDCAFF" />
			<parameter name="owner.design.name" value="Relational_1" />
			<parameter name="owner.id" value="943B23A4-CA22-86F8-106B-3A0394BA0076" />
			<parameter name="owner.name" value="DEPT_ID_PK" />
			<parameter name="owner.type" value="7" />
			<parameter name="rev_engineer" value="true" />
			<parameter name="target.design.id" value="14A6C6C7-7F12-C796-8C2A-A218A95055F5" />
			<parameter name="target.design.name" value="null" />
			<parameter name="target.id" value="78243872-2B7E-BBC6-00EE-9820C2938F9F" />
			<parameter name="target.name" value="DEPT ID PK" />
			<parameter name="target.type" value="2" />
		</extmapping>
		<extmapping>
			<parameter name="creationTime" value="1261168271421" />
			<parameter name="fw_engineer" value="true" />
			<parameter name="inheritance_type" value="0" />
			<parameter name="owner.design.id" value="8EAAFC55-0F0A-AEE1-F0F5-D8C0FCCDCAFF" />
			<parameter name="owner.design.name" value="Relational_1" />
			<parameter name="owner.id" value="95FDCE9B-BCC7-836C-2A01-91D2D5E322CF" />
			<parameter name="owner.name" value="COUNTRY_ID" />
			<parameter name="owner.type" value="5" />
			<parameter name="owner_container_id" value="F59CED9A-4D43-AE7B-1C14-3B7E3B448C59" />
			<parameter name="rev_engineer" value="true" />
			<parameter name="target.design.id" value="14A6C6C7-7F12-C796-8C2A-A218A95055F5" />
			<parameter name="target.design.name" value="null" />
			<parameter name="target.id" value="DAD15927-82CB-DC74-CF15-D028CB01B887" />
			<parameter name="target.name" value="COUNTRY ID" />
			<parameter name="target.type" value="1" />
			<parameter name="target_container_id" value="C7519E83-906B-AF83-C245-C154947942DA" />
		</extmapping>
		<extmapping>
			<parameter name="creationTime" value="1261168271416" />
			<parameter name="fw_engineer" value="true" />
			<parameter name="inheritance_type" value="0" />
			<parameter name="owner.design.id" value="8EAAFC55-0F0A-AEE1-F0F5-D8C0FCCDCAFF" />
			<parameter name="owner.design.name" value="Relational_1" />
			<parameter name="owner.id" value="9876A59F-3711-2168-7C0A-29DF3FFE2078" />
			<parameter name="owner.name" value="EMPLOYEE_ID" />
			<parameter name="owner.type" value="5" />
			<parameter name="owner_container_id" value="6F2BC1A4-E6A1-0FFC-1DF5-E47419565A76" />
			<parameter name="rev_engineer" value="true" />
			<parameter name="target.design.id" value="14A6C6C7-7F12-C796-8C2A-A218A95055F5" />
			<parameter name="target.design.name" value="null" />
			<parameter name="target.id" value="0A818D5F-64DA-00B4-5CB8-C7EF32FC6DE5" />
			<parameter name="target.name" value="EMPLOYEE ID" />
			<parameter name="target.type" value="1" />
			<parameter name="target_container_id" value="E451501F-DAD8-58E6-2072-50AE115E9BE7" />
		</extmapping>
		<extmapping>
			<parameter name="creationTime" value="1261168271410" />
			<parameter name="fw_engineer" value="true" />
			<parameter name="inheritance_type" value="0" />
			<parameter name="owner.design.id" value="8EAAFC55-0F0A-AEE1-F0F5-D8C0FCCDCAFF" />
			<parameter name="owner.design.name" value="Relational_1" />
			<parameter name="owner.id" value="A1B3E632-5FF6-FD5F-98B8-FF26CFEC0DF5" />
			<parameter name="owner.name" value="PHONE_NUMBER" />
			<parameter name="owner.type" value="5" />
			<parameter name="owner_container_id" value="DC6A08B0-832F-B2FC-69CA-0F7B4160D912" />
			<parameter name="rev_engineer" value="true" />
			<parameter name="target.design.id" value="14A6C6C7-7F12-C796-8C2A-A218A95055F5" />
			<parameter name="target.design.name" value="null" />
			<parameter name="target.id" value="1748CA61-C9FA-EC2B-A0B7-398116BDCDD7" />
			<parameter name="target.name" value="PHONE NUMBER" />
			<parameter name="target.type" value="1" />
			<parameter name="target_container_id" value="A7C014D6-E675-410D-EC5C-47914127EC31" />
		</extmapping>
		<extmapping>
			<parameter name="creationTime" value="1261168271424" />
			<parameter name="fw_engineer" value="true" />
			<parameter name="inheritance_type" value="0" />
			<parameter name="owner.design.id" value="8EAAFC55-0F0A-AEE1-F0F5-D8C0FCCDCAFF" />
			<parameter name="owner.design.name" value="Relational_1" />
			<parameter name="owner.id" value="A41463F1-0BA4-A06E-DECE-A6CFA91C371C" />
			<parameter name="owner.name" value="REG_ID_PK" />
			<parameter name="owner.type" value="7" />
			<parameter name="rev_engineer" value="true" />
			<parameter name="target.design.id" value="14A6C6C7-7F12-C796-8C2A-A218A95055F5" />
			<parameter name="target.design.name" value="null" />
			<parameter name="target.id" value="50FD2958-790C-5A4F-CDB9-EA6A0D96B135" />
			<parameter name="target.name" value="REG ID PK" />
			<parameter name="target.type" value="2" />
		</extmapping>
		<extmapping>
			<parameter name="creationTime" value="1261168271412" />
			<parameter name="fw_engineer" value="true" />
			<parameter name="inheritance_type" value="0" />
			<parameter name="owner.design.id" value="8EAAFC55-0F0A-AEE1-F0F5-D8C0FCCDCAFF" />
			<parameter name="owner.design.name" value="Relational_1" />
			<parameter name="owner.id" value="A8096854-4BF3-53AC-BF1B-9C53C6C5F9BC" />
			<parameter name="owner.name" value="EMP_EMP_ID_PK" />
			<parameter name="owner.type" value="7" />
			<parameter name="rev_engineer" value="true" />
			<parameter name="target.design.id" value="14A6C6C7-7F12-C796-8C2A-A218A95055F5" />
			<parameter name="target.design.name" value="null" />
			<parameter name="target.id" value="2583F946-B74D-9F32-9EBB-E6641F849E9B" />
			<parameter name="target.name" value="EMP EMP ID PK" />
			<parameter name="target.type" value="2" />
		</extmapping>
		<extmapping>
			<parameter name="creationTime" value="1261168271418" />
			<parameter name="fw_engineer" value="true" />
			<parameter name="inheritance_type" value="0" />
			<parameter name="owner.design.id" value="8EAAFC55-0F0A-AEE1-F0F5-D8C0FCCDCAFF" />
			<parameter name="owner.design.name" value="Relational_1" />
			<parameter name="owner.id" value="B6634645-7236-AE07-78B6-90B1C7F22243" />
			<parameter name="owner.name" value="JHIST_EMP_ID_ST_DATE_PK" />
			<parameter name="owner.type" value="7" />
			<parameter name="rev_engineer" value="true" />
			<parameter name="target.design.id" value="14A6C6C7-7F12-C796-8C2A-A218A95055F5" />
			<parameter name="target.design.name" value="null" />
			<parameter name="target.id" value="B6C29CC5-7CDF-75AB-7D23-B282FE0177FA" />
			<parameter name="target.name" value="JHIST EMP ID ST DATE PK" />
			<parameter name="target.type" value="2" />
		</extmapping>
		<extmapping>
			<parameter name="creationTime" value="1261168271411" />
			<parameter name="fw_engineer" value="true" />
			<parameter name="inheritance_type" value="0" />
			<parameter name="owner.design.id" value="8EAAFC55-0F0A-AEE1-F0F5-D8C0FCCDCAFF" />
			<parameter name="owner.design.name" value="Relational_1" />
			<parameter name="owner.id" value="B74541E0-98BC-A0DA-D264-0EAB95BC31BA" />
			<parameter name="owner.name" value="COMMISSION_PCT" />
			<parameter name="owner.type" value="5" />
			<parameter name="owner_container_id" value="DC6A08B0-832F-B2FC-69CA-0F7B4160D912" />
			<parameter name="rev_engineer" value="true" />
			<parameter name="target.design.id" value="14A6C6C7-7F12-C796-8C2A-A218A95055F5" />
			<parameter name="target.design.name" value="null" />
			<parameter name="target.id" value="21E3046E-AEAE-080A-6AEF-5B3782913DCA" />
			<parameter name="target.name" value="COMMISSION PCT" />
			<parameter name="target.type" value="1" />
			<parameter name="target_container_id" value="A7C014D6-E675-410D-EC5C-47914127EC31" />
		</extmapping>
		<extmapping>
			<parameter name="creationTime" value="1261168271409" />
			<parameter name="fw_engineer" value="true" />
			<parameter name="inheritance_type" value="0" />
			<parameter name="owner.design.id" value="8EAAFC55-0F0A-AEE1-F0F5-D8C0FCCDCAFF" />
			<parameter name="owner.design.name" value="Relational_1" />
			<parameter name="owner.id" value="BF15C32D-BAE0-1C68-45EA-E15B5ADC0B16" />
			<parameter name="owner.name" value="LAST_NAME" />
			<parameter name="owner.type" value="5" />
			<parameter name="owner_container_id" value="DC6A08B0-832F-B2FC-69CA-0F7B4160D912" />
			<parameter name="rev_engineer" value="true" />
			<parameter name="target.design.id" value="14A6C6C7-7F12-C796-8C2A-A218A95055F5" />
			<parameter name="target.design.name" value="null" />
			<parameter name="target.id" value="64803364-0E90-1375-32F2-98232BA8A05D" />
			<parameter name="target.name" value="LAST NAME" />
			<parameter name="target.type" value="1" />
			<parameter name="target_container_id" value="A7C014D6-E675-410D-EC5C-47914127EC31" />
		</extmapping>
		<extmapping>
			<parameter name="creationTime" value="1261168271412" />
			<parameter name="fw_engineer" value="true" />
			<parameter name="inheritance_type" value="0" />
			<parameter name="owner.design.id" value="8EAAFC55-0F0A-AEE1-F0F5-D8C0FCCDCAFF" />
			<parameter name="owner.design.name" value="Relational_1" />
			<parameter name="owner.id" value="C7343EE9-8E5E-B883-BFC3-F24436EE5037" />
			<parameter name="owner.name" value="DEPARTMENT_ID" />
			<parameter name="owner.type" value="5" />
			<parameter name="owner_container_id" value="DC6A08B0-832F-B2FC-69CA-0F7B4160D912" />
			<parameter name="rev_engineer" value="true" />
			<parameter name="target.design.id" value="14A6C6C7-7F12-C796-8C2A-A218A95055F5" />
			<parameter name="target.design.name" value="null" />
			<parameter name="target.id" value="46E45768-0C34-A0D0-F87F-76EBBDAA1AE3" />
			<parameter name="target.name" value="DEPARTMENT ID" />
			<parameter name="target.type" value="1" />
			<parameter name="target_container_id" value="A7C014D6-E675-410D-EC5C-47914127EC31" />
		</extmapping>
		<extmapping>
			<parameter name="creationTime" value="1261168271435" />
			<parameter name="fw_engineer" value="true" />
			<parameter name="inheritance_type" value="0" />
			<parameter name="owner.design.id" value="8EAAFC55-0F0A-AEE1-F0F5-D8C0FCCDCAFF" />
			<parameter name="owner.design.name" value="Relational_1" />
			<parameter name="owner.id" value="CB30C348-DA8B-C860-0E10-B2A890A29689" />
			<parameter name="owner.name" value="JHIST_JOB_FK" />
			<parameter name="owner.type" value="-1" />
			<parameter name="rev_engineer" value="true" />
			<parameter name="target.design.id" value="14A6C6C7-7F12-C796-8C2A-A218A95055F5" />
			<parameter name="target.design.name" value="null" />
			<parameter name="target.id" value="AC152A6F-D566-FB81-042D-5D55715B1447" />
			<parameter name="target.name" value="JHIST_JOB_FK" />
			<parameter name="target.type" value="3" />
		</extmapping>
		<extmapping>
			<parameter name="creationTime" value="1261168271415" />
			<parameter name="fw_engineer" value="true" />
			<parameter name="inheritance_type" value="0" />
			<parameter name="owner.design.id" value="8EAAFC55-0F0A-AEE1-F0F5-D8C0FCCDCAFF" />
			<parameter name="owner.design.name" value="Relational_1" />
			<parameter name="owner.id" value="CE4EBE76-C078-807F-C954-2CC9AE6517D8" />
			<parameter name="owner.name" value="MAX_SALARY" />
			<parameter name="owner.type" value="5" />
			<parameter name="owner_container_id" value="F2AB040E-C4DA-4A90-0669-94A558E06E60" />
			<parameter name="rev_engineer" value="true" />
			<parameter name="target.design.id" value="14A6C6C7-7F12-C796-8C2A-A218A95055F5" />
			<parameter name="target.design.name" value="null" />
			<parameter name="target.id" value="D4374397-B436-5CB7-270F-08B9F4B9D9E1" />
			<parameter name="target.name" value="MAX SALARY" />
			<parameter name="target.type" value="1" />
			<parameter name="target_container_id" value="22236565-866C-05A7-1E30-78E0B221ADD4" />
		</extmapping>
		<extmapping>
			<parameter name="creationTime" value="1261168271428" />
			<parameter name="fw_engineer" value="true" />
			<parameter name="inheritance_type" value="0" />
			<parameter name="owner.design.id" value="8EAAFC55-0F0A-AEE1-F0F5-D8C0FCCDCAFF" />
			<parameter name="owner.design.name" value="Relational_1" />
			<parameter name="owner.id" value="CEF4A7D2-F22D-E9B7-35C1-EB7EA7AF43B7" />
			<parameter name="owner.name" value="EMP_DEPT_FK" />
			<parameter name="owner.type" value="-1" />
			<parameter name="rev_engineer" value="true" />
			<parameter name="target.design.id" value="14A6C6C7-7F12-C796-8C2A-A218A95055F5" />
			<parameter name="target.design.name" value="null" />
			<parameter name="target.id" value="78B30ABF-DAD7-EC1F-4942-86EAA77020F4" />
			<parameter name="target.name" value="EMP_DEPT_FK" />
			<parameter name="target.type" value="3" />
		</extmapping>
		<extmapping>
			<parameter name="creationTime" value="1261168271432" />
			<parameter name="fw_engineer" value="true" />
			<parameter name="inheritance_type" value="0" />
			<parameter name="owner.design.id" value="8EAAFC55-0F0A-AEE1-F0F5-D8C0FCCDCAFF" />
			<parameter name="owner.design.name" value="Relational_1" />
			<parameter name="owner.id" value="CF9EF2A9-5A02-9D52-FD5F-C1EF375D9777" />
			<parameter name="owner.name" value="JHIST_DEPT_FK" />
			<parameter name="owner.type" value="-1" />
			<parameter name="rev_engineer" value="true" />
			<parameter name="target.design.id" value="14A6C6C7-7F12-C796-8C2A-A218A95055F5" />
			<parameter name="target.design.name" value="null" />
			<parameter name="target.id" value="CF59EF92-8C52-2844-6AD8-F19E578BD87C" />
			<parameter name="target.name" value="JHIST_DEPT_FK" />
			<parameter name="target.type" value="3" />
		</extmapping>
		<extmapping>
			<parameter name="creationTime" value="1261168271422" />
			<parameter name="fw_engineer" value="true" />
			<parameter name="inheritance_type" value="0" />
			<parameter name="owner.design.id" value="8EAAFC55-0F0A-AEE1-F0F5-D8C0FCCDCAFF" />
			<parameter name="owner.design.name" value="Relational_1" />
			<parameter name="owner.id" value="D24F118A-8855-2B78-566D-208398EDD37D" />
			<parameter name="owner.name" value="REGIONS" />
			<parameter name="owner.type" value="4" />
			<parameter name="rev_engineer" value="true" />
			<parameter name="target.design.id" value="14A6C6C7-7F12-C796-8C2A-A218A95055F5" />
			<parameter name="target.design.name" value="null" />
			<parameter name="target.id" value="DA72A447-6004-775D-D7FF-5CC5EEF182BC" />
			<parameter name="target.name" value="REGIONS" />
			<parameter name="target.type" value="0" />
		</extmapping>
		<extmapping>
			<parameter name="creationTime" value="1261168271420" />
			<parameter name="fw_engineer" value="true" />
			<parameter name="inheritance_type" value="0" />
			<parameter name="owner.design.id" value="8EAAFC55-0F0A-AEE1-F0F5-D8C0FCCDCAFF" />
			<parameter name="owner.design.name" value="Relational_1" />
			<parameter name="owner.id" value="D263FD2C-7628-F4D7-E26B-CFF917384088" />
			<parameter name="owner.name" value="POSTAL_CODE" />
			<parameter name="owner.type" value="5" />
			<parameter name="owner_container_id" value="F59CED9A-4D43-AE7B-1C14-3B7E3B448C59" />
			<parameter name="rev_engineer" value="true" />
			<parameter name="target.design.id" value="14A6C6C7-7F12-C796-8C2A-A218A95055F5" />
			<parameter name="target.design.name" value="null" />
			<parameter name="target.id" value="ED4F2912-5786-4EB9-0505-AEB8F23553AF" />
			<parameter name="target.name" value="POSTAL CODE" />
			<parameter name="target.type" value="1" />
			<parameter name="target_container_id" value="C7519E83-906B-AF83-C245-C154947942DA" />
		</extmapping>
		<extmapping>
			<parameter name="creationTime" value="1261168271410" />
			<parameter name="fw_engineer" value="true" />
			<parameter name="inheritance_type" value="0" />
			<parameter name="owner.design.id" value="8EAAFC55-0F0A-AEE1-F0F5-D8C0FCCDCAFF" />
			<parameter name="owner.design.name" value="Relational_1" />
			<parameter name="owner.id" value="D33D0CA6-7DEA-8772-7E9B-FD86FB79CD5B" />
			<parameter name="owner.name" value="EMAIL" />
			<parameter name="owner.type" value="5" />
			<parameter name="owner_container_id" value="DC6A08B0-832F-B2FC-69CA-0F7B4160D912" />
			<parameter name="rev_engineer" value="true" />
			<parameter name="target.design.id" value="14A6C6C7-7F12-C796-8C2A-A218A95055F5" />
			<parameter name="target.design.name" value="null" />
			<parameter name="target.id" value="22B10164-E6D8-A895-EFB0-71DAC9A20D2A" />
			<parameter name="target.name" value="EMAIL" />
			<parameter name="target.type" value="1" />
			<parameter name="target_container_id" value="A7C014D6-E675-410D-EC5C-47914127EC31" />
		</extmapping>
		<extmapping>
			<parameter name="creationTime" value="1261168271404" />
			<parameter name="fw_engineer" value="true" />
			<parameter name="inheritance_type" value="0" />
			<parameter name="owner.design.id" value="8EAAFC55-0F0A-AEE1-F0F5-D8C0FCCDCAFF" />
			<parameter name="owner.design.name" value="Relational_1" />
			<parameter name="owner.id" value="D7083DBB-12E8-F9F9-067E-B080C2D67B56" />
			<parameter name="owner.name" value="COUNTRY_NAME" />
			<parameter name="owner.type" value="5" />
			<parameter name="owner_container_id" value="10A86985-48EC-C6B3-8CD5-71A664C51682" />
			<parameter name="rev_engineer" value="true" />
			<parameter name="target.design.id" value="14A6C6C7-7F12-C796-8C2A-A218A95055F5" />
			<parameter name="target.design.name" value="null" />
			<parameter name="target.id" value="B9686F54-28BB-9E7B-EE34-AC973BF62B1B" />
			<parameter name="target.name" value="COUNTRY NAME" />
			<parameter name="target.type" value="1" />
			<parameter name="target_container_id" value="F81DBBF0-BF8F-CCA6-0DCA-EF3F93E7ABF8" />
		</extmapping>
		<extmapping>
			<parameter name="creationTime" value="1261168271417" />
			<parameter name="fw_engineer" value="true" />
			<parameter name="inheritance_type" value="0" />
			<parameter name="owner.design.id" value="8EAAFC55-0F0A-AEE1-F0F5-D8C0FCCDCAFF" />
			<parameter name="owner.design.name" value="Relational_1" />
			<parameter name="owner.id" value="D7932A67-8FB9-4D2C-4753-9D612365D2C3" />
			<parameter name="owner.name" value="START_DATE" />
			<parameter name="owner.type" value="5" />
			<parameter name="owner_container_id" value="6F2BC1A4-E6A1-0FFC-1DF5-E47419565A76" />
			<parameter name="rev_engineer" value="true" />
			<parameter name="target.design.id" value="14A6C6C7-7F12-C796-8C2A-A218A95055F5" />
			<parameter name="target.design.name" value="null" />
			<parameter name="target.id" value="DE6B01A4-1752-9667-C703-BA3F4572D577" />
			<parameter name="target.name" value="START DATE" />
			<parameter name="target.type" value="1" />
			<parameter name="target_container_id" value="E451501F-DAD8-58E6-2072-50AE115E9BE7" />
		</extmapping>
		<extmapping>
			<parameter name="creationTime" value="1261168271420" />
			<parameter name="fw_engineer" value="true" />
			<parameter name="inheritance_type" value="0" />
			<parameter name="owner.design.id" value="8EAAFC55-0F0A-AEE1-F0F5-D8C0FCCDCAFF" />
			<parameter name="owner.design.name" value="Relational_1" />
			<parameter name="owner.id" value="D81B8D1B-3EE8-F3DC-FAD9-5105601397B4" />
			<parameter name="owner.name" value="CITY" />
			<parameter name="owner.type" value="5" />
			<parameter name="owner_container_id" value="F59CED9A-4D43-AE7B-1C14-3B7E3B448C59" />
			<parameter name="rev_engineer" value="true" />
			<parameter name="target.design.id" value="14A6C6C7-7F12-C796-8C2A-A218A95055F5" />
			<parameter name="target.design.name" value="null" />
			<parameter name="target.id" value="4025D8D6-2CC3-6C82-F554-7BF108A6201E" />
			<parameter name="target.name" value="CITY" />
			<parameter name="target.type" value="1" />
			<parameter name="target_container_id" value="C7519E83-906B-AF83-C245-C154947942DA" />
		</extmapping>
		<extmapping>
			<parameter name="creationTime" value="1261168271411" />
			<parameter name="fw_engineer" value="true" />
			<parameter name="inheritance_type" value="0" />
			<parameter name="owner.design.id" value="8EAAFC55-0F0A-AEE1-F0F5-D8C0FCCDCAFF" />
			<parameter name="owner.design.name" value="Relational_1" />
			<parameter name="owner.id" value="D8A51B23-5994-2A13-D397-1D56DBB6B154" />
			<parameter name="owner.name" value="SALARY" />
			<parameter name="owner.type" value="5" />
			<parameter name="owner_container_id" value="DC6A08B0-832F-B2FC-69CA-0F7B4160D912" />
			<parameter name="rev_engineer" value="true" />
			<parameter name="target.design.id" value="14A6C6C7-7F12-C796-8C2A-A218A95055F5" />
			<parameter name="target.design.name" value="null" />
			<parameter name="target.id" value="62415D54-4CEE-2028-AFF2-1914573E5EA6" />
			<parameter name="target.name" value="SALARY" />
			<parameter name="target.type" value="1" />
			<parameter name="target_container_id" value="A7C014D6-E675-410D-EC5C-47914127EC31" />
		</extmapping>
		<extmapping>
			<parameter name="creationTime" value="1261168271408" />
			<parameter name="fw_engineer" value="true" />
			<parameter name="inheritance_type" value="0" />
			<parameter name="owner.design.id" value="8EAAFC55-0F0A-AEE1-F0F5-D8C0FCCDCAFF" />
			<parameter name="owner.design.name" value="Relational_1" />
			<parameter name="owner.id" value="DC6A08B0-832F-B2FC-69CA-0F7B4160D912" />
			<parameter name="owner.name" value="EMPLOYEES" />
			<parameter name="owner.type" value="4" />
			<parameter name="rev_engineer" value="true" />
			<parameter name="target.design.id" value="14A6C6C7-7F12-C796-8C2A-A218A95055F5" />
			<parameter name="target.design.name" value="null" />
			<parameter name="target.id" value="A7C014D6-E675-410D-EC5C-47914127EC31" />
			<parameter name="target.name" value="EMPLOYEES" />
			<parameter name="target.type" value="0" />
		</extmapping>
		<extmapping>
			<parameter name="creationTime" value="1261168271406" />
			<parameter name="fw_engineer" value="true" />
			<parameter name="inheritance_type" value="0" />
			<parameter name="owner.design.id" value="8EAAFC55-0F0A-AEE1-F0F5-D8C0FCCDCAFF" />
			<parameter name="owner.design.name" value="Relational_1" />
			<parameter name="owner.id" value="DF28A083-70FD-FDD7-AC56-B04337F67123" />
			<parameter name="owner.name" value="DEPARTMENT_ID" />
			<parameter name="owner.type" value="5" />
			<parameter name="owner_container_id" value="2168CBE7-8512-43AF-48C7-517B0CF601DA" />
			<parameter name="rev_engineer" value="true" />
			<parameter name="target.design.id" value="14A6C6C7-7F12-C796-8C2A-A218A95055F5" />
			<parameter name="target.design.name" value="null" />
			<parameter name="target.id" value="E4FA6484-8EF5-0609-D7FE-B498DEB45361" />
			<parameter name="target.name" value="DEPARTMENT ID" />
			<parameter name="target.type" value="1" />
			<parameter name="target_container_id" value="733F0DD8-A4C7-9531-03B0-27ABC743C8F7" />
		</extmapping>
		<extmapping>
			<parameter name="creationTime" value="1261168271412" />
			<parameter name="fw_engineer" value="true" />
			<parameter name="inheritance_type" value="0" />
			<parameter name="owner.design.id" value="8EAAFC55-0F0A-AEE1-F0F5-D8C0FCCDCAFF" />
			<parameter name="owner.design.name" value="Relational_1" />
			<parameter name="owner.id" value="E818346C-B4C1-DDEE-7CB9-FD5D7107CA19" />
			<parameter name="owner.name" value="EMP_EMAIL_UK" />
			<parameter name="owner.type" value="6" />
			<parameter name="rev_engineer" value="true" />
			<parameter name="target.design.id" value="14A6C6C7-7F12-C796-8C2A-A218A95055F5" />
			<parameter name="target.design.name" value="null" />
			<parameter name="target.id" value="A5B11F9C-F1FA-C859-8622-77A864EE54DB" />
			<parameter name="target.name" value="EMP EMAIL UK" />
			<parameter name="target.type" value="2" />
		</extmapping>
		<extmapping>
			<parameter name="creationTime" value="1261168271404" />
			<parameter name="fw_engineer" value="true" />
			<parameter name="inheritance_type" value="0" />
			<parameter name="owner.design.id" value="8EAAFC55-0F0A-AEE1-F0F5-D8C0FCCDCAFF" />
			<parameter name="owner.design.name" value="Relational_1" />
			<parameter name="owner.id" value="F1D7DAFC-BDA5-1E88-1CA7-FDCE429FD92C" />
			<parameter name="owner.name" value="REGION_ID" />
			<parameter name="owner.type" value="5" />
			<parameter name="owner_container_id" value="10A86985-48EC-C6B3-8CD5-71A664C51682" />
			<parameter name="rev_engineer" value="true" />
			<parameter name="target.design.id" value="14A6C6C7-7F12-C796-8C2A-A218A95055F5" />
			<parameter name="target.design.name" value="null" />
			<parameter name="target.id" value="FA7654AE-C90E-0089-802B-9281B9E94C2D" />
			<parameter name="target.name" value="REGION ID" />
			<parameter name="target.type" value="1" />
			<parameter name="target_container_id" value="F81DBBF0-BF8F-CCA6-0DCA-EF3F93E7ABF8" />
		</extmapping>
		<extmapping>
			<parameter name="creationTime" value="1261168271414" />
			<parameter name="fw_engineer" value="true" />
			<parameter name="inheritance_type" value="0" />
			<parameter name="owner.design.id" value="8EAAFC55-0F0A-AEE1-F0F5-D8C0FCCDCAFF" />
			<parameter name="owner.design.name" value="Relational_1" />
			<parameter name="owner.id" value="F2AB040E-C4DA-4A90-0669-94A558E06E60" />
			<parameter name="owner.name" value="JOBS" />
			<parameter name="owner.type" value="4" />
			<parameter name="rev_engineer" value="true" />
			<parameter name="target.design.id" value="14A6C6C7-7F12-C796-8C2A-A218A95055F5" />
			<parameter name="target.design.name" value="null" />
			<parameter name="target.id" value="22236565-866C-05A7-1E30-78E0B221ADD4" />
			<parameter name="target.name" value="JOBS" />
			<parameter name="target.type" value="0" />
		</extmapping>
		<extmapping>
			<parameter name="creationTime" value="1261168271414" />
			<parameter name="fw_engineer" value="true" />
			<parameter name="inheritance_type" value="0" />
			<parameter name="owner.design.id" value="8EAAFC55-0F0A-AEE1-F0F5-D8C0FCCDCAFF" />
			<parameter name="owner.design.name" value="Relational_1" />
			<parameter name="owner.id" value="F49234C5-AE6B-54B5-3478-0BDA8093FD2B" />
			<parameter name="owner.name" value="JOB_ID" />
			<parameter name="owner.type" value="5" />
			<parameter name="owner_container_id" value="F2AB040E-C4DA-4A90-0669-94A558E06E60" />
			<parameter name="rev_engineer" value="true" />
			<parameter name="target.design.id" value="14A6C6C7-7F12-C796-8C2A-A218A95055F5" />
			<parameter name="target.design.name" value="null" />
			<parameter name="target.id" value="9978174C-6F08-0D36-B84D-38C2F43DE61F" />
			<parameter name="target.name" value="JOB ID" />
			<parameter name="target.type" value="1" />
			<parameter name="target_container_id" value="22236565-866C-05A7-1E30-78E0B221ADD4" />
		</extmapping>
		<extmapping>
			<parameter name="creationTime" value="1261168271419" />
			<parameter name="fw_engineer" value="true" />
			<parameter name="inheritance_type" value="0" />
			<parameter name="owner.design.id" value="8EAAFC55-0F0A-AEE1-F0F5-D8C0FCCDCAFF" />
			<parameter name="owner.design.name" value="Relational_1" />
			<parameter name="owner.id" value="F59CED9A-4D43-AE7B-1C14-3B7E3B448C59" />
			<parameter name="owner.name" value="LOCATIONS" />
			<parameter name="owner.type" value="4" />
			<parameter name="rev_engineer" value="true" />
			<parameter name="target.design.id" value="14A6C6C7-7F12-C796-8C2A-A218A95055F5" />
			<parameter name="target.design.name" value="null" />
			<parameter name="target.id" value="C7519E83-906B-AF83-C245-C154947942DA" />
			<parameter name="target.name" value="LOCATIONS" />
			<parameter name="target.type" value="0" />
		</extmapping>
		<extmapping>
			<parameter name="creationTime" value="1261168271415" />
			<parameter name="fw_engineer" value="true" />
			<parameter name="inheritance_type" value="0" />
			<parameter name="owner.design.id" value="8EAAFC55-0F0A-AEE1-F0F5-D8C0FCCDCAFF" />
			<parameter name="owner.design.name" value="Relational_1" />
			<parameter name="owner.id" value="F6DDA131-761A-18E1-26C3-C8A517678DD2" />
			<parameter name="owner.name" value="JOB_ID_PK" />
			<parameter name="owner.type" value="7" />
			<parameter name="rev_engineer" value="true" />
			<parameter name="target.design.id" value="14A6C6C7-7F12-C796-8C2A-A218A95055F5" />
			<parameter name="target.design.name" value="null" />
			<parameter name="target.id" value="8A5492A3-A6D4-48B4-10B6-D041C5A81AAE" />
			<parameter name="target.name" value="JOB ID PK" />
			<parameter name="target.type" value="2" />
		</extmapping>
		<extmapping>
			<parameter name="creationTime" value="1261168271409" />
			<parameter name="fw_engineer" value="true" />
			<parameter name="inheritance_type" value="0" />
			<parameter name="owner.design.id" value="8EAAFC55-0F0A-AEE1-F0F5-D8C0FCCDCAFF" />
			<parameter name="owner.design.name" value="Relational_1" />
			<parameter name="owner.id" value="FDD2EE20-C015-C17D-F2B0-1D0093A50251" />
			<parameter name="owner.name" value="FIRST_NAME" />
			<parameter name="owner.type" value="5" />
			<parameter name="owner_container_id" value="DC6A08B0-832F-B2FC-69CA-0F7B4160D912" />
			<parameter name="rev_engineer" value="true" />
			<parameter name="target.design.id" value="14A6C6C7-7F12-C796-8C2A-A218A95055F5" />
			<parameter name="target.design.name" value="null" />
			<parameter name="target.id" value="ED459911-362A-BE3D-732E-FB28A15F01F4" />
			<parameter name="target.name" value="FIRST NAME" />
			<parameter name="target.type" value="1" />
			<parameter name="target_container_id" value="A7C014D6-E675-410D-EC5C-47914127EC31" />
		</extmapping>
	</mappings>
</extendedmap>