<?xml version="1.0" encoding="UTF-8" ?>
<model version="2.0">
	<version version="3.3" design_id="F95562F0-D6D3-CC54-F6A8-D1647465047F" />
	<object>
		<comment></comment>
		<notes></notes>
		<alter type="created">
			<user>oracle</user>
			<timestamp>2009-11-10 01:48:30</timestamp>
		</alter>
		<alter type="changed">
			<user>oracle</user>
			<timestamp>2009-11-17 05:44:53</timestamp>
		</alter>
	</object>
	<engineering_params delete_without_origin="false" engineer_coordinates="true" engineer_generated="false" show_engineering_intree="false" apply_naming_std="false" use_pref_abbreviation="true" upload_directory="" date_format="YYYY/MM/DD HH24:MI:SS" timestamp_format="YYYY/MM/DD HH24:MI:SS.FF" timestamp_tz_format="YYYY/MM/DD HH24:MI:SS.FFTZH:TZM" />
	<eng_compare show_sel_prop_only="true" not_apply_for_new_objects="true" exclude_from_tree="false">
		<entity_table>
			<property name="Name" selected="true" />
			<property name="Short Name / Abbreviation" selected="true" />
			<property name="Comment" selected="true" />
			<property name="Comment in RDBMS" selected="true" />
			<property name="Notes" selected="true" />
			<property name="TempTable Scope" selected="true" />
			<property name="Table Type" selected="true" />
			<property name="Structured Type" selected="true" />
			<property name="Type Substitution (Super-Type Object)" selected="true" />
			<property name="Min Volumes" selected="true" />
			<property name="Expected Volumes" selected="true" />
			<property name="Max Volumes" selected="true" />
			<property name="Growth Percent" selected="true" />
			<property name="Growth Type" selected="true" />
			<property name="Normal Form" selected="true" />
			<property name="Adequately Normalized" selected="true" />
		</entity_table>
		<attribute_column>
			<property name="Name" selected="true" />
			<property name="Data Type" selected="true" />
			<property name="Data Type Kind" selected="true" />
			<property name="Mandatory" selected="true" />
			<property name="Default Value" selected="true" />
			<property name="Check constraint name" selected="true" />
			<property name="Use Domain Constraint" selected="true" />
			<property name="Comment" selected="true" />
			<property name="Comment in RDBMS" selected="true" />
			<property name="Notes" selected="true" />
			<property name="Source Type" selected="true" />
			<property name="Formula Description" selected="true" />
			<property name="Type Substitution" selected="true" />
			<property name="Scope" selected="true" />
		</attribute_column>
		<key_index>
			<property name="Name" selected="true" />
			<property name="Comment" selected="true" />
			<property name="Comment in RDBMS" selected="true" />
			<property name="Notes" selected="true" />
			<property name="Primary Key" selected="true" />
			<property name="Attributes/Columns" selected="true" />
		</key_index>
		<relation_fk>
			<property name="Name" selected="true" />
			<property name="Comment" selected="true" />
			<property name="Comment in RDBMS" selected="true" />
			<property name="Notes" selected="true" />
		</relation_fk>
		<entityview_view>
			<property name="Name" selected="true" />
			<property name="Comment" selected="true" />
			<property name="Comment in RDBMS" selected="true" />
			<property name="Notes" selected="true" />
			<property name="Structured Type" selected="true" />
			<property name="Where" selected="true" />
			<property name="Having" selected="true" />
			<property name="User Defined SQL" selected="true" />
		</entityview_view>
	</eng_compare>
	<changerequests id="" />
	<design type="Data Types" id="41275EC3-0407-46EC-03EE-01E406FC3C47" path_id="0" main_view_id="56303B2E-55C9-EAED-6DF6-4F78F03A0337" should_be_open="true" is_visible="false">
		<name>DataTypes</name>
		<comment></comment>
		<notes></notes>
	</design>
	<design type="LogicalDesign" id="E17F99D8-C2A8-5725-C556-DFF80C000E74" path_id="0" main_view_id="8A2E833A-BAB5-234F-DABA-351A52DEB745" should_be_open="true" is_visible="true">
		<name>Logical</name>
		<comment></comment>
		<notes></notes>
	</design>
	<design type="RelationalModel" id="068E7F20-8A53-95A4-C88E-8B6DD8CB693C" path_id="16" main_view_id="C4EEAC70-873D-DD5D-4855-D2C446E799E2" should_be_open="true" is_visible="true">
		<name>Relational_1</name>
		<comment></comment>
		<notes></notes>
	</design>
	<design type="Process Model" id="CF79FCC4-530E-CA15-29AC-E4A350F70AE1">
		<name>Process Model</name>
		<comment></comment>
		<notes></notes>
	</design>
	<design type="Business Information" id="52056072-17EC-FFA5-1E0A-33BA6CA17405" path_id="0" main_view_id="null" should_be_open="true" is_visible="false">
		<name>Business Information</name>
		<comment></comment>
		<notes></notes>
	</design>
	<domains>
		<domain name="defaultdomains" role="uses" />
	</domains>
</model>