<?xml version="1.0" encoding="UTF-8" ?>
<model version="2.0">
	<version version="3.3" design_id="466C3B5C-525F-0E90-E337-D5BB20E9AB5B" />
	<object>
		<comment></comment>
		<notes></notes>
		<alter type="created">
			<user>meyoung</user>
			<timestamp>2010-02-22 11:02:41</timestamp>
		</alter>
		<alter type="changed">
			<user>meyoung</user>
			<timestamp>2010-02-22 13:23:01</timestamp>
		</alter>
	</object>
	<engineering_params delete_without_origin="false" engineer_coordinates="true" engineer_generated="false" show_engineering_intree="false" apply_naming_std="false" use_pref_abbreviation="true" upload_directory="" date_format="YYYY/MM/DD HH24:MI:SS" timestamp_format="YYYY/MM/DD HH24:MI:SS.FF" timestamp_tz_format="YYYY/MM/DD HH24:MI:SS.FFTZH:TZM" />
	<eng_compare show_sel_prop_only="true" not_apply_for_new_objects="true" exclude_from_tree="false">
		<entity_table>
			<property name="Name" selected="true" />
			<property name="Short Name / Abbreviation" selected="true" />
			<property name="Comment" selected="true" />
			<property name="Comment in RDBMS" selected="true" />
			<property name="Notes" selected="true" />
			<property name="TempTable Scope" selected="true" />
			<property name="Table Type" selected="true" />
			<property name="Structured Type" selected="true" />
			<property name="Type Substitution (Super-Type Object)" selected="true" />
			<property name="Min Volumes" selected="true" />
			<property name="Expected Volumes" selected="true" />
			<property name="Max Volumes" selected="true" />
			<property name="Growth Percent" selected="true" />
			<property name="Growth Type" selected="true" />
			<property name="Normal Form" selected="true" />
			<property name="Adequately Normalized" selected="true" />
		</entity_table>
		<attribute_column>
			<property name="Name" selected="true" />
			<property name="Data Type" selected="true" />
			<property name="Data Type Kind" selected="true" />
			<property name="Mandatory" selected="true" />
			<property name="Default Value" selected="true" />
			<property name="Check constraint name" selected="true" />
			<property name="Use Domain Constraint" selected="true" />
			<property name="Comment" selected="true" />
			<property name="Comment in RDBMS" selected="true" />
			<property name="Notes" selected="true" />
			<property name="Source Type" selected="true" />
			<property name="Formula Description" selected="true" />
			<property name="Type Substitution" selected="true" />
			<property name="Scope" selected="true" />
		</attribute_column>
		<key_index>
			<property name="Name" selected="true" />
			<property name="Comment" selected="true" />
			<property name="Comment in RDBMS" selected="true" />
			<property name="Notes" selected="true" />
			<property name="Primary Key" selected="true" />
			<property name="Attributes/Columns" selected="true" />
		</key_index>
		<relation_fk>
			<property name="Name" selected="true" />
			<property name="Comment" selected="true" />
			<property name="Comment in RDBMS" selected="true" />
			<property name="Notes" selected="true" />
		</relation_fk>
		<entityview_view>
			<property name="Name" selected="true" />
			<property name="Comment" selected="true" />
			<property name="Comment in RDBMS" selected="true" />
			<property name="Notes" selected="true" />
			<property name="Structured Type" selected="true" />
			<property name="Where" selected="true" />
			<property name="Having" selected="true" />
			<property name="User Defined SQL" selected="true" />
		</entityview_view>
	</eng_compare>
	<changerequests id="" />
	<design type="Data Types" id="DBFF9977-C256-8CFD-24C8-B9422A570719" path_id="0" main_view_id="F42B5A64-38C1-0A02-FD1D-E6D10AC7534E" should_be_open="true" is_visible="false">
		<name>DataTypes</name>
		<comment></comment>
		<notes></notes>
	</design>
	<design type="LogicalDesign" id="8BD09E6E-6F45-1C73-3DD4-ACC0025B56D2" path_id="0" main_view_id="CE9C1FAB-6065-91F5-40C2-49EF4A2FF9EE" should_be_open="true" is_visible="true">
		<name>Logical</name>
		<comment></comment>
		<notes></notes>
	</design>
	<design type="RelationalModel" id="C2B3DE0D-5AD3-2865-6756-AE2ACA65C789" path_id="4" main_view_id="DD6DE92B-8E5A-6F0B-3464-331BC20F9462" should_be_open="true" is_visible="false">
		<name>Relational_1</name>
		<comment></comment>
		<notes></notes>
	</design>
	<design type="Process Model" id="ED4ECF85-8D19-4389-B0A3-8CE577233D20">
		<name>Process Model</name>
		<comment></comment>
		<notes></notes>
	</design>
	<design type="Business Information" id="B8B275FC-E350-C4C6-54B5-46917E9DE01A" path_id="0" main_view_id="null" should_be_open="true" is_visible="false">
		<name>Business Information</name>
		<comment></comment>
		<notes></notes>
	</design>
	<domains>
		<domain name="defaultdomains" role="uses" />
	</domains>
</model>