<?xml version="1.0" encoding="UTF-8" ?>
<model version="2.0">
	<version version="3.3" design_id="CABE1843-182C-48BB-65C0-C16101B27C94" />
	<object>
		<comment></comment>
		<notes></notes>
		<alter type="created">
			<user>meyoung</user>
			<timestamp>2010-02-23 08:44:46</timestamp>
		</alter>
		<alter type="changed">
			<user>meyoung</user>
			<timestamp>2010-02-23 08:47:41</timestamp>
		</alter>
	</object>
	<engineering_params delete_without_origin="false" engineer_coordinates="true" engineer_generated="false" show_engineering_intree="false" apply_naming_std="false" use_pref_abbreviation="true" upload_directory="" date_format="YYYY/MM/DD HH24:MI:SS" timestamp_format="YYYY/MM/DD HH24:MI:SS.FF" timestamp_tz_format="YYYY/MM/DD HH24:MI:SS.FFTZH:TZM" />
	<eng_compare show_sel_prop_only="true" not_apply_for_new_objects="true" exclude_from_tree="false">
		<entity_table>
			<property name="Name" selected="true" />
			<property name="Short Name / Abbreviation" selected="true" />
			<property name="Comment" selected="true" />
			<property name="Comment in RDBMS" selected="true" />
			<property name="Notes" selected="true" />
			<property name="TempTable Scope" selected="true" />
			<property name="Table Type" selected="true" />
			<property name="Structured Type" selected="true" />
			<property name="Type Substitution (Super-Type Object)" selected="true" />
			<property name="Min Volumes" selected="true" />
			<property name="Expected Volumes" selected="true" />
			<property name="Max Volumes" selected="true" />
			<property name="Growth Percent" selected="true" />
			<property name="Growth Type" selected="true" />
			<property name="Normal Form" selected="true" />
			<property name="Adequately Normalized" selected="true" />
		</entity_table>
		<attribute_column>
			<property name="Name" selected="true" />
			<property name="Data Type" selected="true" />
			<property name="Data Type Kind" selected="true" />
			<property name="Mandatory" selected="true" />
			<property name="Default Value" selected="true" />
			<property name="Check constraint name" selected="true" />
			<property name="Use Domain Constraint" selected="true" />
			<property name="Comment" selected="true" />
			<property name="Comment in RDBMS" selected="true" />
			<property name="Notes" selected="true" />
			<property name="Source Type" selected="true" />
			<property name="Formula Description" selected="true" />
			<property name="Type Substitution" selected="true" />
			<property name="Scope" selected="true" />
		</attribute_column>
		<key_index>
			<property name="Name" selected="true" />
			<property name="Comment" selected="true" />
			<property name="Comment in RDBMS" selected="true" />
			<property name="Notes" selected="true" />
			<property name="Primary Key" selected="true" />
			<property name="Attributes/Columns" selected="true" />
		</key_index>
		<relation_fk>
			<property name="Name" selected="true" />
			<property name="Comment" selected="true" />
			<property name="Comment in RDBMS" selected="true" />
			<property name="Notes" selected="true" />
		</relation_fk>
		<entityview_view>
			<property name="Name" selected="true" />
			<property name="Comment" selected="true" />
			<property name="Comment in RDBMS" selected="true" />
			<property name="Notes" selected="true" />
			<property name="Structured Type" selected="true" />
			<property name="Where" selected="true" />
			<property name="Having" selected="true" />
			<property name="User Defined SQL" selected="true" />
		</entityview_view>
	</eng_compare>
	<changerequests id="" />
	<design type="Data Types" id="41C4ED47-D693-4D42-5326-EBD14276A29F" path_id="0" main_view_id="65DD3FC0-73C0-68F2-9E79-30FF448D824B" should_be_open="true" is_visible="false">
		<name>DataTypes</name>
		<comment></comment>
		<notes></notes>
	</design>
	<design type="LogicalDesign" id="CC575711-BD94-E816-5C92-27915EA8AAEC" path_id="0" main_view_id="27B72FDD-FA88-A685-50A9-EE425ED83741" should_be_open="true" is_visible="true">
		<name>Logical</name>
		<comment></comment>
		<notes></notes>
	</design>
	<design type="RelationalModel" id="D4EEC006-E488-2564-1874-6305056C37FC" path_id="1" main_view_id="942B91C0-EA5E-968A-C75F-99D9C7C2C6B9" should_be_open="true" is_visible="true">
		<name>Relational_1</name>
		<comment></comment>
		<notes></notes>
	</design>
	<design type="Process Model" id="C81A6927-8FBC-BA25-57AD-DAC354E68A40">
		<name>Process Model</name>
		<comment></comment>
		<notes></notes>
	</design>
	<design type="Business Information" id="52B00361-1D16-F7A4-B7EB-5BA7C311A6E8" path_id="0" main_view_id="null" should_be_open="true" is_visible="false">
		<name>Business Information</name>
		<comment></comment>
		<notes></notes>
	</design>
	<domains>
		<domain name="defaultdomains" role="uses" />
	</domains>
</model>