<?xml version="1.0" encoding="UTF-8" ?>
<metadatadoc version="2.0">
	<object type="StructuredType" id="A27BD200-6524-EB19-41A9-BFA2D78AFC6A" rep_oid="null" rep_ovid="null" is_checkedout="false" checkedout_by="" visible_in_main_view="true" visible="true" use_default_color="true" background_color="null" foreground_color="null">
		<name>address_typ</name>
		<comment></comment>
		<notes></notes>
		<alter type="created">
			<user>meyoung</user>
			<timestamp>2010-02-23 10:42:01</timestamp>
		</alter>
		<alter type="changed">
			<user>meyoung</user>
			<timestamp>2010-02-23 10:43:54</timestamp>
		</alter>
		<properties>
			<parameter name="design.owner" value="demo13-2" />
			<parameter name="object.existsinrepository" value="true" />
		</properties>
		<attributes>
			<parameter name="final" value="false" />
			<parameter name="instantiable" value="true" />
			<parameter name="parent_type" value="null" />
			<parameter name="predefined" value="false" />
		</attributes>
		<engineering should="true" />
		<des_obj_version version="1.0" />
		<fonts>
			<font_object>
				<parameter name="fo_type" value="Title" />
				<parameter name="font_color" value="-16776961" />
				<parameter name="font_name" value="Dialog" />
				<parameter name="font_size" value="10" />
				<parameter name="font_style" value="1" />
			</font_object>
			<font_object>
				<parameter name="fo_type" value="Attribute" />
				<parameter name="font_color" value="-16777216" />
				<parameter name="font_name" value="Dialog" />
				<parameter name="font_size" value="10" />
				<parameter name="font_style" value="0" />
			</font_object>
			<font_object>
				<parameter name="fo_type" value="Datatype" />
				<parameter name="font_color" value="-16777056" />
				<parameter name="font_name" value="Dialog" />
				<parameter name="font_size" value="10" />
				<parameter name="font_style" value="0" />
			</font_object>
			<font_object>
				<parameter name="fo_type" value="Method" />
				<parameter name="font_color" value="-16777216" />
				<parameter name="font_name" value="Dialog" />
				<parameter name="font_size" value="10" />
				<parameter name="font_style" value="0" />
			</font_object>
			<font_object>
				<parameter name="fo_type" value="Not Instantiable" />
				<parameter name="font_color" value="-65536" />
				<parameter name="font_name" value="Dialog" />
				<parameter name="font_size" value="10" />
				<parameter name="font_style" value="0" />
			</font_object>
			<font_object>
				<parameter name="fo_type" value="Mandatory" />
				<parameter name="font_color" value="-65536" />
				<parameter name="font_name" value="Dialog" />
				<parameter name="font_size" value="10" />
				<parameter name="font_style" value="0" />
			</font_object>
		</fonts>
		<documents />
		<parties />
		<changerequests />
		<measurements />
	</object>
	<contained>
		<object type="TypeElement" id="6BE68595-0E4E-DB86-481F-DD83A31C7169" rep_oid="null" rep_ovid="null" is_checkedout="false" checkedout_by="" visible_in_main_view="false" use_default_color="true" background_color="null" foreground_color="null">
			<name>Street</name>
			<comment></comment>
			<notes></notes>
			<alter type="created">
				<user>meyoung</user>
				<timestamp>2010-02-23 10:42:59</timestamp>
			</alter>
			<alter type="changed">
				<user>meyoung</user>
				<timestamp>2010-02-23 10:43:54</timestamp>
			</alter>
			<properties>
				<parameter name="design.owner" value="demo13-2" />
				<parameter name="object.existsinrepository" value="true" />
				<parameter name="property.comment.rdbms" value="" />
			</properties>
			<engineering should="true" />
			<des_obj_version version="1.0" />
			<attributes>
				<parameter name="Precision" value="0" />
				<parameter name="Scale" value="0" />
				<parameter name="mandatory" value="false" />
				<parameter name="reference" value="false" />
				<parameter name="size" value="0" />
				<parameter name="typeid" value="LOGDT024" />
			</attributes>
		</object>
		<object type="TypeElement" id="3EC609F0-748F-E960-4A97-0FDF66831A62" rep_oid="null" rep_ovid="null" is_checkedout="false" checkedout_by="" visible_in_main_view="false" use_default_color="true" background_color="null" foreground_color="null">
			<name>City</name>
			<comment></comment>
			<notes></notes>
			<alter type="created">
				<user>meyoung</user>
				<timestamp>2010-02-23 10:43:11</timestamp>
			</alter>
			<alter type="changed">
				<user>meyoung</user>
				<timestamp>2010-02-23 10:43:23</timestamp>
			</alter>
			<properties>
				<parameter name="design.owner" value="demo13-2" />
				<parameter name="object.existsinrepository" value="true" />
				<parameter name="property.comment.rdbms" value="" />
			</properties>
			<engineering should="true" />
			<des_obj_version version="1.0" />
			<attributes>
				<parameter name="Precision" value="0" />
				<parameter name="Scale" value="0" />
				<parameter name="mandatory" value="false" />
				<parameter name="reference" value="false" />
				<parameter name="size" value="50" />
				<parameter name="typeid" value="LOGDT024" />
			</attributes>
		</object>
		<object type="TypeElement" id="4B7FBA32-D016-40FA-ADE5-4891086F416A" rep_oid="null" rep_ovid="null" is_checkedout="false" checkedout_by="" visible_in_main_view="false" use_default_color="true" background_color="null" foreground_color="null">
			<name>State</name>
			<comment></comment>
			<notes></notes>
			<alter type="created">
				<user>meyoung</user>
				<timestamp>2010-02-23 10:43:23</timestamp>
			</alter>
			<alter type="changed">
				<user>meyoung</user>
				<timestamp>2010-02-23 10:43:35</timestamp>
			</alter>
			<properties>
				<parameter name="design.owner" value="demo13-2" />
				<parameter name="object.existsinrepository" value="true" />
				<parameter name="property.comment.rdbms" value="" />
			</properties>
			<engineering should="true" />
			<des_obj_version version="1.0" />
			<attributes>
				<parameter name="Precision" value="0" />
				<parameter name="Scale" value="0" />
				<parameter name="mandatory" value="false" />
				<parameter name="reference" value="false" />
				<parameter name="size" value="2" />
				<parameter name="typeid" value="LOGDT025" />
			</attributes>
		</object>
		<object type="TypeElement" id="6A87A71A-3443-54B4-C809-8DFA6571E9E6" rep_oid="null" rep_ovid="null" is_checkedout="false" checkedout_by="" visible_in_main_view="false" use_default_color="true" background_color="null" foreground_color="null">
			<name>Zip Code</name>
			<comment></comment>
			<notes></notes>
			<alter type="created">
				<user>meyoung</user>
				<timestamp>2010-02-23 10:43:35</timestamp>
			</alter>
			<alter type="changed">
				<user>meyoung</user>
				<timestamp>2010-02-23 10:43:49</timestamp>
			</alter>
			<properties>
				<parameter name="design.owner" value="demo13-2" />
				<parameter name="object.existsinrepository" value="true" />
				<parameter name="property.comment.rdbms" value="" />
			</properties>
			<engineering should="true" />
			<des_obj_version version="1.0" />
			<attributes>
				<parameter name="Precision" value="0" />
				<parameter name="Scale" value="0" />
				<parameter name="mandatory" value="false" />
				<parameter name="reference" value="false" />
				<parameter name="size" value="9" />
				<parameter name="typeid" value="LOGDT024" />
			</attributes>
		</object>
	</contained>
	<methods />
</metadatadoc>