<?xml version="1.0" encoding="UTF-8" ?>
<metadatadoc version="2.0">
	<object type="Relation" id="B85E299A-D20B-95C9-0C53-256FC13F09D2" rep_oid="null" rep_ovid="null" is_checkedout="false" checkedout_by="" visible_in_main_view="true" use_default_color="true" background_color="null" foreground_color="null">
		<name>Relation_3</name>
		<comment></comment>
		<notes></notes>
		<alter type="created">
			<user>oracle</user>
			<timestamp>2009-11-17 05:42:24</timestamp>
		</alter>
		<alter type="changed">
			<user>oracle</user>
			<timestamp>2010-02-09 15:55:07</timestamp>
		</alter>
		<properties>
			<parameter name="design.owner" value="demo13-1" />
			<parameter name="object.existsinrepository" value="true" />
			<parameter name="object.property.relation.connection.src.name" value="used by" />
			<parameter name="object.property.relation.connection.tgt.name" value="use" />
			<parameter name="property.comment.rdbms" value="" />
		</properties>
		<connection endpoint="source" card="*" entity="B6CFD192-9206-8BFC-DAD9-0D718E50D8E1" allownull="true" />
		<connection endpoint="target" card="*" entity="FF7CA7C8-92E5-F6C2-8B31-51D3AA62E6C8" allownull="true" />
		<dominant_role>null</dominant_role>
		<identifying>false</identifying>
		<engineering>
			<relational_design id="068E7F20-8A53-95A4-C88E-8B6DD8CB693C" should="true" />
		</engineering>
		<des_obj_version version="1.0" />
		<documents />
		<parties />
		<changerequests />
		<measurements />
	</object>
</metadatadoc>