<?xml version="1.0" encoding="UTF-8" ?>
<metadatadoc version="2.0">
	<object type="Relation" id="EDDC1909-7B53-1744-714E-01BA537BD7DA" rep_oid="null" rep_ovid="null" is_checkedout="false" checkedout_by="" visible_in_main_view="true" use_default_color="true" background_color="null" foreground_color="null">
		<name>Relation_6</name>
		<comment></comment>
		<notes></notes>
		<alter type="created">
			<user>meyoung</user>
			<timestamp>2010-02-09 15:49:07</timestamp>
		</alter>
		<alter type="changed">
			<user>meyoung</user>
			<timestamp>2010-02-09 15:52:21</timestamp>
		</alter>
		<properties>
			<parameter name="design.owner" value="demo13-1" />
			<parameter name="object.existsinrepository" value="true" />
			<parameter name="object.property.relation.connection.src.name" value="hold" />
			<parameter name="object.property.relation.connection.tgt.name" value="participate in" />
			<parameter name="property.comment.rdbms" value="" />
		</properties>
		<connection endpoint="source" card="1" entity="48FFBD7F-F3C1-8257-9773-2DE2B96B8BB2" allownull="true" />
		<connection endpoint="target" card="*" entity="31674FD1-1DEE-353C-5D29-CD4BB4A7C0AA" allownull="false" />
		<dominant_role>null</dominant_role>
		<identifying>true</identifying>
		<engineering>
			<relational_design id="068E7F20-8A53-95A4-C88E-8B6DD8CB693C" should="true" />
		</engineering>
		<des_obj_version version="1.0" />
		<documents />
		<parties />
		<changerequests />
		<measurements />
	</object>
</metadatadoc>