<?xml version="1.0" encoding="UTF-8" ?>
<settings>
	<diagram_color value="-1" />
	<show_relation_name value="true" />
	<show_fk_name value="false" />
	<show_flow_name value="true" />
	<substitution_patterns>
	</substitution_patterns>
	<classification_types>
		<type name="Fact" color="-7482" prefix="" id="1" />
		<type name="Dimension" color="-1781507" prefix="" id="2" />
		<type name="Logging" color="-1776412" prefix="" id="3" />
		<type name="Summary" color="-3148598" prefix="" id="4" />
		<type name="Temporary" color="-1" prefix="" id="5" />
	</classification_types>
	<default_fonts_and_colors>
		<fc_object classname="Entity" background="-5971457" foreground="-16776961">
		<fonts>
			<font_object fo_type="Title" font_color="-16776961" font_name="Dialog" font_size="10" font_style="1"/>
			<font_object fo_type="Attribute" font_color="-16777216" font_name="Dialog" font_size="10" font_style="0"/>
			<font_object fo_type="Datatype" font_color="-16744448" font_name="Dialog" font_size="10" font_style="0"/>
			<font_object fo_type="PK Element" font_color="-16776961" font_name="Dialog" font_size="10" font_style="0"/>
			<font_object fo_type="FK Element" font_color="-16777216" font_name="Dialog" font_size="10" font_style="0"/>
			<font_object fo_type="UK Element" font_color="-16776961" font_name="Dialog" font_size="10" font_style="0"/>
			<font_object fo_type="Not Null" font_color="-65536" font_name="Dialog" font_size="10" font_style="0"/>
			<font_object fo_type="Key" font_color="-16777216" font_name="Dialog" font_size="10" font_style="0"/>
		</fonts>
		</fc_object>
		<fc_object classname="Logical View" background="-25750" foreground="-16776961">
		<fonts>
			<font_object fo_type="Title" font_color="-16776961" font_name="Dialog" font_size="10" font_style="1"/>
			<font_object fo_type="Attribute" font_color="-16777216" font_name="Dialog" font_size="10" font_style="0"/>
			<font_object fo_type="Datatype" font_color="-16744448" font_name="Dialog" font_size="10" font_style="0"/>
		</fonts>
		</fc_object>
		<fc_object classname="Table" background="-76" foreground="-16776961">
		<fonts>
			<font_object fo_type="Title" font_color="-16776961" font_name="Dialog" font_size="10" font_style="1"/>
			<font_object fo_type="Column" font_color="-16777216" font_name="Dialog" font_size="10" font_style="0"/>
			<font_object fo_type="Datatype" font_color="-16744448" font_name="Dialog" font_size="10" font_style="0"/>
			<font_object fo_type="PK Element" font_color="-16776961" font_name="Dialog" font_size="10" font_style="0"/>
			<font_object fo_type="FK Element" font_color="-16777216" font_name="Dialog" font_size="10" font_style="0"/>
			<font_object fo_type="UK Element" font_color="-16776961" font_name="Dialog" font_size="10" font_style="0"/>
			<font_object fo_type="Not Null" font_color="-65536" font_name="Dialog" font_size="10" font_style="0"/>
			<font_object fo_type="Key" font_color="-16777216" font_name="Dialog" font_size="10" font_style="0"/>
		</fonts>
		</fc_object>
		<fc_object classname="Relational View" background="-6881386" foreground="-16776961">
		<fonts>
			<font_object fo_type="Title" font_color="-16776961" font_name="Dialog" font_size="10" font_style="1"/>
			<font_object fo_type="Column" font_color="-16777216" font_name="Dialog" font_size="10" font_style="0"/>
			<font_object fo_type="Datatype" font_color="-16744448" font_name="Dialog" font_size="10" font_style="0"/>
		</fonts>
		</fc_object>
		<fc_object classname="Structured Type" background="-7537956" foreground="-16777216">
		<fonts>
			<font_object fo_type="Title" font_color="-16776961" font_name="Dialog" font_size="10" font_style="1"/>
			<font_object fo_type="Attribute" font_color="-16777216" font_name="Dialog" font_size="10" font_style="0"/>
			<font_object fo_type="Datatype" font_color="-16777056" font_name="Dialog" font_size="10" font_style="0"/>
			<font_object fo_type="Method" font_color="-16777216" font_name="Dialog" font_size="10" font_style="0"/>
			<font_object fo_type="Not Instantiable" font_color="-65536" font_name="Dialog" font_size="10" font_style="0"/>
			<font_object fo_type="Mandatory" font_color="-65536" font_name="Dialog" font_size="10" font_style="0"/>
		</fonts>
		</fc_object>
		<fc_object classname="Cube" background="-7482" foreground="-16777216">
		<fonts>
			<font_object fo_type="Title" font_color="-16776961" font_name="Dialog" font_size="10" font_style="1"/>
			<font_object fo_type="Fact Entities" font_color="-16776961" font_name="Dialog" font_size="10" font_style="0"/>
			<font_object fo_type="Measure Type" font_color="-16776961" font_name="Dialog" font_size="10" font_style="0"/>
			<font_object fo_type="Measure" font_color="-16777216" font_name="Dialog" font_size="10" font_style="0"/>
			<font_object fo_type="Function" font_color="-16777056" font_name="Dialog" font_size="10" font_style="0"/>
			<font_object fo_type="Formula" font_color="-65536" font_name="Dialog" font_size="10" font_style="0"/>
			<font_object fo_type="Child to Parent Attributes" font_color="-16777216" font_name="Dialog" font_size="10" font_style="0"/>
		</fonts>
		</fc_object>
		<fc_object classname="Dimension" background="-16713196" foreground="-16777216">
		<fonts>
			<font_object fo_type="Title" font_color="-16776961" font_name="Dialog" font_size="10" font_style="1"/>
		</fonts>
		</fc_object>
		<fc_object classname="Level" background="-1781507" foreground="-16777216">
		<fonts>
			<font_object fo_type="Title" font_color="-16776961" font_name="Dialog" font_size="10" font_style="1"/>
			<font_object fo_type="Level Entity" font_color="-16776961" font_name="Dialog" font_size="10" font_style="0"/>
			<font_object fo_type="Type" font_color="-16776961" font_name="Dialog" font_size="10" font_style="0"/>
			<font_object fo_type="Attribute" font_color="-16777216" font_name="Dialog" font_size="10" font_style="0"/>
			<font_object fo_type="Function" font_color="-16777216" font_name="Dialog" font_size="10" font_style="0"/>
		</fonts>
		</fc_object>
		<fc_object classname="Process" background="-106" foreground="-16777216">
		<fonts>
			<font_object fo_type="Title" font_color="-16776961" font_name="Dialog" font_size="10" font_style="1"/>
			<font_object fo_type="Process Number" font_color="-65536" font_name="Dialog" font_size="10" font_style="0"/>
			<font_object fo_type="Transformation Task" font_color="-16777216" font_name="Dialog" font_size="10" font_style="0"/>
		</fonts>
		</fc_object>
		<fc_object classname="External Agent" background="-5570646" foreground="-16777216">
		<fonts>
			<font_object fo_type="Title" font_color="-16776961" font_name="Dialog" font_size="10" font_style="1"/>
		</fonts>
		</fc_object>
		<fc_object classname="Information Store" background="-10170881" foreground="-16777216">
		<fonts>
			<font_object fo_type="Title" font_color="-16776961" font_name="Dialog" font_size="10" font_style="1"/>
			<font_object fo_type="Number" font_color="-1" font_name="Dialog" font_size="10" font_style="1"/>
		</fonts>
		</fc_object>
		<fc_object classname="In-Out Parameters" background="-328966" foreground="-16777216">
		<fonts>
			<font_object fo_type="Title" font_color="-16777216" font_name="Dialog" font_size="10" font_style="1"/>
			<font_object fo_type="Parameters" font_color="-16777216" font_name="Dialog" font_size="10" font_style="0"/>
			<font_object fo_type="Datatype" font_color="-65536" font_name="Dialog" font_size="10" font_style="0"/>
		</fonts>
		</fc_object>
		<fc_object classname="Transformation" background="-43" foreground="-16777216">
		<fonts>
			<font_object fo_type="Title" font_color="-16777216" font_name="Dialog" font_size="10" font_style="1"/>
			<font_object fo_type="Process Number" font_color="-65536" font_name="Dialog" font_size="10" font_style="0"/>
		</fonts>
		</fc_object>
		<fc_object classname="Note" background="-4144960" foreground="-16777216">
		<fonts>
			<font_object fo_type="Title" font_color="-16777216" font_name="Dialog" font_size="10" font_style="0"/>
		</fonts>
		</fc_object>
		<fc_object classname="Label" background="-1" foreground="-16777216">
		<fonts>
			<font_object fo_type="Text" font_color="-16777216" font_name="Dialog" font_size="10" font_style="0"/>
		</fonts>
		</fc_object>
	</default_fonts_and_colors>
	<default_line_widths_and_colors>
		<lwc_object classname="Logical Relation" color="-16777216" width="1">
		</lwc_object>
		<lwc_object classname="Logical Inheritance" color="-65536" width="1">
		</lwc_object>
		<lwc_object classname="Relational Foreign Key" color="-16777216" width="1">
		</lwc_object>
		<lwc_object classname="Type Substitution" color="-16725996" width="1">
		</lwc_object>
		<lwc_object classname="Datatype Reference" color="-16776961" width="1">
		</lwc_object>
		<lwc_object classname="Datatype Inheritance" color="-65536" width="1">
		</lwc_object>
		<lwc_object classname="Multidimentional Link" color="-16776961" width="1">
		</lwc_object>
		<lwc_object classname="Multidimensional Hierarchy" color="-16725996" width="1">
		</lwc_object>
		<lwc_object classname="Process Flow" color="-65536" width="1">
		</lwc_object>
	</default_line_widths_and_colors>
	<logical_type_for_domain_presentation value="false" />
	<view_naming_rule value="" />
	<naming_standard_rules>
		<logical>
			<separator value= "Space" char=" "/>
			<entity>
			</entity>
			<attribute>
			</attribute>
		</logical>
		<relational>
			<separator value= "_" abbreviated_only="false"/>
			<table>
			</table>
			<column>
			</column>
		</relational>
		<domains>
			<separator value= " "/>
			<domain>
			</domain>
		</domains>
		<constraints>
			<pk value="{table}_PK"/>
			<fk value="{child}_{parent}_FK"/>
			<ck value="{table}_CK"/>
			<un value="{table}_{column}_UN"/>
			<idx value="{table}_{column}_IDX"/>
			<colck value="CK_{table}_{column}"/>
			<column_foreign_key value="{ref table}_{ref column}"/>
			<ui value="{entity}_PK"/>
			<relation_attribute value="{ref entity}_{ref attribute}"/>
		</constraints>
		<glossaries>
		</glossaries>
	</naming_standard_rules>
<comparemapping>
	<mapping sourceparent ="Relational_2:EMPLOYEES" sourceobject ="EMPLOYEES.NAME" targetparent ="hr_orcl2:EMPLOYEES" targetobject ="EMPLOYEES.FIRST_NAME" selected ="true" />
</comparemapping>
	<automatic_pk_generation value="false" />
	<automatic_uk_generation value="false" />
	<automatic_fk_generation value="false" />
</settings>