<?xml version="1.0" encoding="UTF-8" ?>
<metadatadoc version="2.0">
	<object type="Segment" id="5FDED5C2-0F93-5826-7042-6105E897D3BF">
		<name>Segment1</name>
		<comment></comment>
		<notes></notes>
		<alter type="created">
			<user>meyoung</user>
			<timestamp>2010-02-25 14:17:04</timestamp>
		</alter>
		<alter type="changed">
			<user>meyoung</user>
			<timestamp>2010-02-25 14:17:08</timestamp>
		</alter>
		<properties>
			<parameter name="object.property.auto.GeneratedInRDBMS" value="false" />
			<parameter name="object.property.auto.Initrans" value="1" />
			<parameter name="object.property.auto.Logging" value="YES" />
			<parameter name="object.property.auto.LongName" value="Segment1" />
			<parameter name="object.property.auto.MarkedGenerate" value="true" />
			<parameter name="object.property.auto.MaxTrans" value="1" />
			<parameter name="object.property.auto.Name" value="Segment1" />
			<parameter name="object.property.auto.NameHasQuotes" value="false" />
			<parameter name="object.property.auto.PCTFree" value="10" />
			<parameter name="object.property.auto.PCTUsed" value="40" />
			<parameter name="object.property.auto.RawObject" value="false" />
			<parameter name="object.property.auto.SCBufferPool" value="DEFAULT" />
			<parameter name="object.property.auto.SCFreeLists" value="1" />
			<parameter name="object.property.auto.SCFreelistGroups" value="1" />
			<parameter name="object.property.auto.SCInitialExtent" value="0" />
			<parameter name="object.property.auto.SCMaxExtents" value="UNLIMITED" />
			<parameter name="object.property.auto.SCMinExtents" value="1" />
			<parameter name="object.property.auto.SCNextExtent" value="0" />
			<parameter name="object.property.auto.SCPctIncrease" value="0" />
			<parameter name="object.property.auto.TableSpace" value="6A260092-03B2-49F7-0031-288A951FB842" />
			<parameter name="design.owner" value="demo18-1a" />
			<parameter name="object.existsinrepository" value="true" />
		</properties>
	</object>
</metadatadoc>