<?xml version="1.0" encoding="UTF-8" ?>
<design version="2.0" id="CA0A5102-8613-A844-1FAA-2D7357BCA011" defaultRDBMSSite="D9582E4E-79E2-319F-387A-2ED963CB9D32">
	<ref>
		<objectid role="contains" type="Table" oid="B40CB2EA-164C-3A03-3547-D3AA8E2C5117" marked_generate="true" />
		<objectid role="contains" type="Table" oid="4423EE64-2B45-6D18-DF5E-2E0B31C85ECA" marked_generate="true" />
		<objectid role="contains" type="Table" oid="725B226B-0572-9D61-AF7D-DD410B946DDC" marked_generate="true" />
		<objectid role="contains" type="Table" oid="20EFE58C-E998-7676-D099-A78F90DF8595" marked_generate="true" />
		<objectid role="contains" type="Table" oid="122C63CC-FEB6-011A-55E4-6EDF7F43D999" marked_generate="true" />
		<objectid role="contains" type="FKIndexAssociation" oid="A314310F-881E-56E7-A233-B50133F366C8" marked_generate="true" />
		<objectid role="contains" type="FKIndexAssociation" oid="931BCC0F-7402-DDDA-9803-0B08D83CF51F" marked_generate="true" />
		<objectid role="contains" type="FKIndexAssociation" oid="A000F11F-848C-DB5A-0A07-6E6B2755BCFC" marked_generate="true" />
		<objectid role="contains" type="FKIndexAssociation" oid="E05793B9-D67C-0197-CC56-5A4922431B8C" marked_generate="true" />
		<objectid role="contains" type="FKArc" oid="826F8060-5F3A-A6E0-46C8-4BA8414EB1B9" marked_generate="true" />
	</ref>
	<type_substitutions />
	<marked_generate_for_indexes>
		<objectid oid="55B30D34-0A6C-175B-BC53-B7DF1000DACB" marked_generate="true" />
		<objectid oid="36818027-5319-684C-4C9F-0BC7E6F7CEC9" marked_generate="true" />
		<objectid oid="D4C0C238-F0D7-D58C-DE2D-CEE964A3F4BC" marked_generate="true" />
		<objectid oid="BBD121FB-DE01-B3A4-A958-C42D4AEEC17F" marked_generate="true" />
		<objectid oid="E6026B00-EA21-C36C-55C4-8C202A22BAEE" marked_generate="true" />
		<objectid oid="620B9A5A-0FBE-9F5B-D399-5D785D9C1AC5" marked_generate="true" />
		<objectid oid="3A90BD1E-CB18-6DE5-128F-67D6E46868B1" marked_generate="true" />
		<objectid oid="3DC5B574-55FD-95F8-5C96-58C3C100AA9C" marked_generate="true" />
		<objectid oid="6E8D9260-9453-520D-5728-D048E82254D4" marked_generate="true" />
	</marked_generate_for_indexes>
	<ext_sub_views_collection>
		<sub_view subview_name="Relational_1" id="944B58E6-83D7-FE3D-52F3-93D37FFE12F3" sv_type="main_view" visible="true" rep_oid="null" rep_ovid="null" is_checkedout="false" checkedout_by="" />
	</ext_sub_views_collection>
	<documents />
	<parties />
	<naming_options>
		<naming_option class_name="oracle.dbtools.crest.model.design.relational.Table" max_name_length="30" case_type="2" valid_characters="" all_valid="true" />
		<naming_option class_name="oracle.dbtools.crest.model.design.relational.Column" max_name_length="30" case_type="2" valid_characters="" all_valid="true" />
		<naming_option class_name="oracle.dbtools.crest.model.design.relational.TableView" max_name_length="30" case_type="2" valid_characters="" all_valid="true" />
		<naming_option class_name="oracle.dbtools.crest.model.design.constraint.TableLevelConstraint" max_name_length="30" case_type="2" valid_characters="" all_valid="true" />
		<naming_option class_name="oracle.dbtools.crest.model.design.relational.FKIndexAssociation" max_name_length="30" case_type="2" valid_characters="" all_valid="true" />
		<naming_option class_name="oracle.dbtools.crest.model.design.relational.Index" max_name_length="30" case_type="2" valid_characters="" all_valid="true" />
	</naming_options>
</design>