<?xml version="1.0" encoding="UTF-8" ?>
<metadatadoc version="2.0">
	<object type="Trigger" id="0A953DE5-351C-235C-035D-4DE0439D5E4A">
		<name>UPDATE_JOB_HISTORY</name>
		<comment></comment>
		<notes></notes>
		<alter type="created">
			<user>oracle</user>
			<timestamp>2009-12-18 15:30:38</timestamp>
		</alter>
		<alter type="changed">
			<user>oracle</user>
			<timestamp>2009-12-18 15:30:39</timestamp>
		</alter>
		<properties>
			<parameter name="object.property.auto.Actions" value="UPDATE" />
			<parameter name="object.property.auto.Body" value="BEGIN&lt;br&gt;  add_job_history(:old.employee_id, :old.hire_date, sysdate,&lt;br&gt;                  :old.job_id, :old.department_id);&lt;br&gt;END;" />
			<parameter name="object.property.auto.CWDGenerated" value="false" />
			<parameter name="object.property.auto.Columns" value="8A1B8141-8CF1-E258-9F96-FCB2C7348B5E, C7343EE9-8E5E-B883-BFC3-F24436EE5037" />
			<parameter name="object.property.auto.Condition" value="" />
			<parameter name="object.property.auto.GeneratedInRDBMS" value="false" />
			<parameter name="object.property.auto.LongName" value="HR.UPDATE_JOB_HISTORY" />
			<parameter name="object.property.auto.MarkedGenerate" value="true" />
			<parameter name="object.property.auto.Name" value="UPDATE_JOB_HISTORY" />
			<parameter name="object.property.auto.NameHasQuotes" value="false" />
			<parameter name="object.property.auto.Owner" value="EF0769EA-C6DD-D4F0-CC74-C7443578AAD5" />
			<parameter name="object.property.auto.RawObject" value="false" />
			<parameter name="object.property.auto.Ref_NEW_AS" value="" />
			<parameter name="object.property.auto.Ref_OLD_AS" value="" />
			<parameter name="object.property.auto.Ref_PARENT_AS" value="" />
			<parameter name="object.property.auto.Scope" value="FOR EACH ROW" />
			<parameter name="object.property.auto.Table" value="DC6A08B0-832F-B2FC-69CA-0F7B4160D912" />
			<parameter name="object.property.auto.TriggerTime" value="AFTER" />
			<parameter name="object.property.auto.View" value="NO_OBJECT" />
			<parameter name="design.owner" value="hr_schema" />
			<parameter name="object.existsinrepository" value="true" />
		</properties>
	</object>
</metadatadoc>