<?xml version="1.0" encoding="UTF-8" ?>
<metadatadoc version="2.0">
	<object type="Trigger" id="FEEAF4AB-5AE7-0DDA-CF79-B5E4A48D1BA8">
		<name>SECURE_EMPLOYEES</name>
		<comment></comment>
		<notes></notes>
		<alter type="created">
			<user>oracle</user>
			<timestamp>2009-12-18 15:30:38</timestamp>
		</alter>
		<alter type="changed">
			<user>oracle</user>
			<timestamp>2009-12-18 15:30:38</timestamp>
		</alter>
		<properties>
			<parameter name="object.property.auto.Actions" value="INSERT, UPDATE, DELETE" />
			<parameter name="object.property.auto.Body" value="BEGIN&lt;br&gt;  secure_dml;&lt;br&gt;END secure_employees;" />
			<parameter name="object.property.auto.CWDGenerated" value="false" />
			<parameter name="object.property.auto.Columns" value="" />
			<parameter name="object.property.auto.Condition" value="" />
			<parameter name="object.property.auto.GeneratedInRDBMS" value="false" />
			<parameter name="object.property.auto.LongName" value="HR.SECURE_EMPLOYEES" />
			<parameter name="object.property.auto.MarkedGenerate" value="true" />
			<parameter name="object.property.auto.Name" value="SECURE_EMPLOYEES" />
			<parameter name="object.property.auto.NameHasQuotes" value="false" />
			<parameter name="object.property.auto.Owner" value="EF0769EA-C6DD-D4F0-CC74-C7443578AAD5" />
			<parameter name="object.property.auto.RawObject" value="false" />
			<parameter name="object.property.auto.Ref_NEW_AS" value="" />
			<parameter name="object.property.auto.Ref_OLD_AS" value="" />
			<parameter name="object.property.auto.Ref_PARENT_AS" value="" />
			<parameter name="object.property.auto.Scope" value="FOR EACH ROW" />
			<parameter name="object.property.auto.Table" value="DC6A08B0-832F-B2FC-69CA-0F7B4160D912" />
			<parameter name="object.property.auto.TriggerTime" value="BEFORE" />
			<parameter name="object.property.auto.View" value="NO_OBJECT" />
			<parameter name="design.owner" value="hr_schema" />
			<parameter name="object.existsinrepository" value="true" />
		</properties>
	</object>
</metadatadoc>