<?xml version="1.0" encoding="UTF-8" ?>
<metadatadoc version="2.0">
	<object type="Relation" id="A62D49ED-34B1-6220-4FBC-739B217FC47C" rep_oid="null" rep_ovid="null" is_checkedout="false" checkedout_by="" visible_in_main_view="true" use_default_color="true" background_color="null" foreground_color="null">
		<name>Relation_6</name>
		<comment></comment>
		<notes></notes>
		<alter type="created">
			<user>oracle</user>
			<timestamp>2009-11-17 05:44:32</timestamp>
		</alter>
		<alter type="changed">
			<user>oracle</user>
			<timestamp>2010-02-09 15:56:51</timestamp>
		</alter>
		<properties>
			<parameter name="design.owner" value="demo13-2" />
			<parameter name="object.existsinrepository" value="true" />
			<parameter name="object.property.relation.connection.src.name" value="gather" />
			<parameter name="object.property.relation.connection.tgt.name" value="gathered for" />
			<parameter name="property.comment.rdbms" value="" />
		</properties>
		<connection endpoint="source" card="1" entity="48FFBD7F-F3C1-8257-9773-2DE2B96B8BB2" allownull="true" />
		<connection endpoint="target" card="*" entity="D4DC6D1B-5EDB-136B-86AD-75D791CB0321" allownull="true" />
		<dominant_role>null</dominant_role>
		<identifying>false</identifying>
		<engineering>
			<relational_design id="068E7F20-8A53-95A4-C88E-8B6DD8CB693C" should="true" />
		</engineering>
		<des_obj_version version="1.0" />
		<documents />
		<parties />
		<changerequests />
		<measurements />
	</object>
</metadatadoc>