<?xml version="1.0" encoding="UTF-8" ?>
<extendedmap version="2.0">
	<mappings>
		<extmapping>
			<parameter name="creationTime" value="1267116112717" />
			<parameter name="fw_engineer" value="true" />
			<parameter name="inheritance_type" value="0" />
			<parameter name="owner.design.id" value="E17F99D8-C2A8-5725-C556-DFF80C000E74" />
			<parameter name="owner.design.name" value="Logical" />
			<parameter name="owner.id" value="10B449ED-A24D-1E31-5658-5F8958C13CB9" />
			<parameter name="owner.name" value="Phone Number" />
			<parameter name="owner.type" value="1" />
			<parameter name="owner_container_id" value="65117BA7-C4E2-FEF3-E391-E1C612C9BCF3" />
			<parameter name="rev_engineer" value="true" />
			<parameter name="target.design.id" value="CA0A5102-8613-A844-1FAA-2D7357BCA011" />
			<parameter name="target.design.name" value="null" />
			<parameter name="target.id" value="C99F995F-9926-D8B7-4181-A5408BEAD8CF" />
			<parameter name="target.name" value="PH_NO" />
			<parameter name="target.type" value="5" />
			<parameter name="target_container_id" value="2CFA16A9-6179-37AF-1EBE-1EB2E5D0C2A0" />
		</extmapping>
		<extmapping>
			<parameter name="creationTime" value="1267116112733" />
			<parameter name="fw_engineer" value="true" />
			<parameter name="inheritance_type" value="0" />
			<parameter name="owner.design.id" value="E17F99D8-C2A8-5725-C556-DFF80C000E74" />
			<parameter name="owner.design.name" value="Logical" />
			<parameter name="owner.id" value="1CB3BE1E-005C-610C-3CF0-EDAF388A0C2C" />
			<parameter name="owner.name" value="Relation_1" />
			<parameter name="owner.type" value="3" />
			<parameter name="real_source_entity_id" value="E5B170E7-D3F3-DE56-4B0A-FB129EEA90C0" />
			<parameter name="real_target_entity_id" value="65117BA7-C4E2-FEF3-E391-E1C612C9BCF3" />
			<parameter name="rev_engineer" value="true" />
			<parameter name="target.design.id" value="CA0A5102-8613-A844-1FAA-2D7357BCA011" />
			<parameter name="target.design.name" value="E5B170E7-D3F3-DE56-4B0A-FB129EEA90C0" />
			<parameter name="target.id" value="2275173E-D7DF-7F4A-8977-1687248C5B67" />
			<parameter name="target.name" value="EMPLOYEES_DEPARTMENTS_FK" />
			<parameter name="target.type" value="-1" />
		</extmapping>
		<extmapping>
			<parameter name="creationTime" value="1267116112702" />
			<parameter name="fw_engineer" value="true" />
			<parameter name="inheritance_type" value="0" />
			<parameter name="owner.design.id" value="E17F99D8-C2A8-5725-C556-DFF80C000E74" />
			<parameter name="owner.design.name" value="Logical" />
			<parameter name="owner.id" value="1E362B73-6047-C012-FE54-27D0DC8C175E" />
			<parameter name="owner.name" value="ID" />
			<parameter name="owner.type" value="1" />
			<parameter name="owner_container_id" value="E5B170E7-D3F3-DE56-4B0A-FB129EEA90C0" />
			<parameter name="rev_engineer" value="true" />
			<parameter name="target.design.id" value="CA0A5102-8613-A844-1FAA-2D7357BCA011" />
			<parameter name="target.design.name" value="null" />
			<parameter name="target.id" value="D15CAB15-8576-8DB3-9743-6B52C7BAF378" />
			<parameter name="target.name" value="ID" />
			<parameter name="target.type" value="5" />
			<parameter name="target_container_id" value="6EBA2617-B3E0-DF0B-D8CF-EA69A368FA1A" />
		</extmapping>
		<extmapping>
			<parameter name="creationTime" value="1267116112717" />
			<parameter name="fw_engineer" value="true" />
			<parameter name="inheritance_type" value="0" />
			<parameter name="owner.design.id" value="E17F99D8-C2A8-5725-C556-DFF80C000E74" />
			<parameter name="owner.design.name" value="Logical" />
			<parameter name="owner.id" value="37ABEBE6-F865-D8A1-0F19-EB4AE445CD99" />
			<parameter name="owner.name" value="Last Name" />
			<parameter name="owner.type" value="1" />
			<parameter name="owner_container_id" value="65117BA7-C4E2-FEF3-E391-E1C612C9BCF3" />
			<parameter name="rev_engineer" value="true" />
			<parameter name="target.design.id" value="CA0A5102-8613-A844-1FAA-2D7357BCA011" />
			<parameter name="target.design.name" value="null" />
			<parameter name="target.id" value="5D38773F-DDD8-98E0-CFD4-FE26DD4ADF54" />
			<parameter name="target.name" value="LAST_NM" />
			<parameter name="target.type" value="5" />
			<parameter name="target_container_id" value="2CFA16A9-6179-37AF-1EBE-1EB2E5D0C2A0" />
		</extmapping>
		<extmapping>
			<parameter name="creationTime" value="1267116112717" />
			<parameter name="fw_engineer" value="true" />
			<parameter name="inheritance_type" value="0" />
			<parameter name="owner.design.id" value="E17F99D8-C2A8-5725-C556-DFF80C000E74" />
			<parameter name="owner.design.name" value="Logical" />
			<parameter name="owner.id" value="5FAE70D2-CB24-D7EB-ACC8-2AC435C0B8AB" />
			<parameter name="owner.name" value="Email" />
			<parameter name="owner.type" value="1" />
			<parameter name="owner_container_id" value="65117BA7-C4E2-FEF3-E391-E1C612C9BCF3" />
			<parameter name="rev_engineer" value="true" />
			<parameter name="target.design.id" value="CA0A5102-8613-A844-1FAA-2D7357BCA011" />
			<parameter name="target.design.name" value="null" />
			<parameter name="target.id" value="0572D949-184D-28D4-4A34-D1BA8C04E362" />
			<parameter name="target.name" value="EMAIL" />
			<parameter name="target.type" value="5" />
			<parameter name="target_container_id" value="2CFA16A9-6179-37AF-1EBE-1EB2E5D0C2A0" />
		</extmapping>
		<extmapping>
			<parameter name="creationTime" value="1267116112717" />
			<parameter name="fw_engineer" value="true" />
			<parameter name="inheritance_type" value="0" />
			<parameter name="owner.design.id" value="E17F99D8-C2A8-5725-C556-DFF80C000E74" />
			<parameter name="owner.design.name" value="Logical" />
			<parameter name="owner.id" value="65117BA7-C4E2-FEF3-E391-E1C612C9BCF3" />
			<parameter name="owner.name" value="Employees" />
			<parameter name="owner.type" value="0" />
			<parameter name="rev_engineer" value="true" />
			<parameter name="target.design.id" value="CA0A5102-8613-A844-1FAA-2D7357BCA011" />
			<parameter name="target.design.name" value="null" />
			<parameter name="target.id" value="2CFA16A9-6179-37AF-1EBE-1EB2E5D0C2A0" />
			<parameter name="target.name" value="HR_EMPLOYEES" />
			<parameter name="target.type" value="4" />
		</extmapping>
		<extmapping>
			<parameter name="creationTime" value="1267116112702" />
			<parameter name="fw_engineer" value="true" />
			<parameter name="inheritance_type" value="0" />
			<parameter name="owner.design.id" value="E17F99D8-C2A8-5725-C556-DFF80C000E74" />
			<parameter name="owner.design.name" value="Logical" />
			<parameter name="owner.id" value="70B9C813-9EB2-04AA-DF8D-01DEBFFADF5E" />
			<parameter name="owner.name" value="Name" />
			<parameter name="owner.type" value="1" />
			<parameter name="owner_container_id" value="E5B170E7-D3F3-DE56-4B0A-FB129EEA90C0" />
			<parameter name="rev_engineer" value="true" />
			<parameter name="target.design.id" value="CA0A5102-8613-A844-1FAA-2D7357BCA011" />
			<parameter name="target.design.name" value="null" />
			<parameter name="target.id" value="55123D07-9795-DACB-5E5D-1411A4523E42" />
			<parameter name="target.name" value="NM" />
			<parameter name="target.type" value="5" />
			<parameter name="target_container_id" value="6EBA2617-B3E0-DF0B-D8CF-EA69A368FA1A" />
		</extmapping>
		<extmapping>
			<parameter name="creationTime" value="1267116112717" />
			<parameter name="fw_engineer" value="true" />
			<parameter name="inheritance_type" value="0" />
			<parameter name="owner.design.id" value="E17F99D8-C2A8-5725-C556-DFF80C000E74" />
			<parameter name="owner.design.name" value="Logical" />
			<parameter name="owner.id" value="74E8AF81-C994-6874-0D23-C84A868A7B46" />
			<parameter name="owner.name" value="Department_PK" />
			<parameter name="owner.type" value="2" />
			<parameter name="rev_engineer" value="true" />
			<parameter name="target.design.id" value="CA0A5102-8613-A844-1FAA-2D7357BCA011" />
			<parameter name="target.design.name" value="null" />
			<parameter name="target.id" value="1CA711E6-EADF-DE85-2168-E654B99C42AA" />
			<parameter name="target.name" value="PK_DEPARTMENTS" />
			<parameter name="target.type" value="7" />
		</extmapping>
		<extmapping>
			<parameter name="creationTime" value="1267116112717" />
			<parameter name="fw_engineer" value="true" />
			<parameter name="inheritance_type" value="0" />
			<parameter name="owner.design.id" value="E17F99D8-C2A8-5725-C556-DFF80C000E74" />
			<parameter name="owner.design.name" value="Logical" />
			<parameter name="owner.id" value="7929E9AD-A0A0-F61D-8CC4-D09218300996" />
			<parameter name="owner.name" value="Employees_PK" />
			<parameter name="owner.type" value="2" />
			<parameter name="rev_engineer" value="true" />
			<parameter name="target.design.id" value="CA0A5102-8613-A844-1FAA-2D7357BCA011" />
			<parameter name="target.design.name" value="null" />
			<parameter name="target.id" value="C2FC43B5-04DA-10AF-4B6A-B9F12403D062" />
			<parameter name="target.name" value="PK_EMPLOYEES" />
			<parameter name="target.type" value="7" />
		</extmapping>
		<extmapping>
			<parameter name="creationTime" value="1267116112717" />
			<parameter name="fw_engineer" value="true" />
			<parameter name="inheritance_type" value="0" />
			<parameter name="owner.design.id" value="E17F99D8-C2A8-5725-C556-DFF80C000E74" />
			<parameter name="owner.design.name" value="Logical" />
			<parameter name="owner.id" value="7A59C161-8AE4-3392-B8EB-416BD5D098CA" />
			<parameter name="owner.name" value="Salary" />
			<parameter name="owner.type" value="1" />
			<parameter name="owner_container_id" value="65117BA7-C4E2-FEF3-E391-E1C612C9BCF3" />
			<parameter name="rev_engineer" value="true" />
			<parameter name="target.design.id" value="CA0A5102-8613-A844-1FAA-2D7357BCA011" />
			<parameter name="target.design.name" value="null" />
			<parameter name="target.id" value="A97E5C96-EE1D-12FD-4838-5A4D577EBADE" />
			<parameter name="target.name" value="SAL" />
			<parameter name="target.type" value="5" />
			<parameter name="target_container_id" value="2CFA16A9-6179-37AF-1EBE-1EB2E5D0C2A0" />
		</extmapping>
		<extmapping>
			<parameter name="creationTime" value="1267116112717" />
			<parameter name="fw_engineer" value="true" />
			<parameter name="inheritance_type" value="0" />
			<parameter name="owner.design.id" value="E17F99D8-C2A8-5725-C556-DFF80C000E74" />
			<parameter name="owner.design.name" value="Logical" />
			<parameter name="owner.id" value="7BA38F91-867F-F85B-9196-32A2D48C613D" />
			<parameter name="owner.name" value="First Name" />
			<parameter name="owner.type" value="1" />
			<parameter name="owner_container_id" value="65117BA7-C4E2-FEF3-E391-E1C612C9BCF3" />
			<parameter name="rev_engineer" value="true" />
			<parameter name="target.design.id" value="CA0A5102-8613-A844-1FAA-2D7357BCA011" />
			<parameter name="target.design.name" value="null" />
			<parameter name="target.id" value="256E31E1-39E0-776F-C47D-5651060680FB" />
			<parameter name="target.name" value="FIRST_NM" />
			<parameter name="target.type" value="5" />
			<parameter name="target_container_id" value="2CFA16A9-6179-37AF-1EBE-1EB2E5D0C2A0" />
		</extmapping>
		<extmapping>
			<parameter name="creationTime" value="1267116112717" />
			<parameter name="fw_engineer" value="true" />
			<parameter name="inheritance_type" value="0" />
			<parameter name="owner.design.id" value="E17F99D8-C2A8-5725-C556-DFF80C000E74" />
			<parameter name="owner.design.name" value="Logical" />
			<parameter name="owner.id" value="C45EF44E-BED0-8968-000B-8565B6517AF0" />
			<parameter name="owner.name" value="Department ID" />
			<parameter name="owner.type" value="1" />
			<parameter name="owner_container_id" value="65117BA7-C4E2-FEF3-E391-E1C612C9BCF3" />
			<parameter name="rev_engineer" value="true" />
			<parameter name="target.design.id" value="CA0A5102-8613-A844-1FAA-2D7357BCA011" />
			<parameter name="target.design.name" value="null" />
			<parameter name="target.id" value="CDA86444-9804-3B84-E6DE-A71CB778B62C" />
			<parameter name="target.name" value="DEPARTMENTS_ID" />
			<parameter name="target.type" value="5" />
			<parameter name="target_container_id" value="2CFA16A9-6179-37AF-1EBE-1EB2E5D0C2A0" />
		</extmapping>
		<extmapping>
			<parameter name="creationTime" value="1267116112717" />
			<parameter name="fw_engineer" value="true" />
			<parameter name="inheritance_type" value="0" />
			<parameter name="owner.design.id" value="E17F99D8-C2A8-5725-C556-DFF80C000E74" />
			<parameter name="owner.design.name" value="Logical" />
			<parameter name="owner.id" value="E0E76CAE-CD30-CF47-B078-0575BF628929" />
			<parameter name="owner.name" value="Hire Date" />
			<parameter name="owner.type" value="1" />
			<parameter name="owner_container_id" value="65117BA7-C4E2-FEF3-E391-E1C612C9BCF3" />
			<parameter name="rev_engineer" value="true" />
			<parameter name="target.design.id" value="CA0A5102-8613-A844-1FAA-2D7357BCA011" />
			<parameter name="target.design.name" value="null" />
			<parameter name="target.id" value="486E4CC1-2DDF-061B-6684-2D53C4ED52EC" />
			<parameter name="target.name" value="HIRE_DATE" />
			<parameter name="target.type" value="5" />
			<parameter name="target_container_id" value="2CFA16A9-6179-37AF-1EBE-1EB2E5D0C2A0" />
		</extmapping>
		<extmapping>
			<parameter name="creationTime" value="1267116112686" />
			<parameter name="fw_engineer" value="true" />
			<parameter name="inheritance_type" value="0" />
			<parameter name="owner.design.id" value="E17F99D8-C2A8-5725-C556-DFF80C000E74" />
			<parameter name="owner.design.name" value="Logical" />
			<parameter name="owner.id" value="E5B170E7-D3F3-DE56-4B0A-FB129EEA90C0" />
			<parameter name="owner.name" value="Department" />
			<parameter name="owner.type" value="0" />
			<parameter name="rev_engineer" value="true" />
			<parameter name="target.design.id" value="CA0A5102-8613-A844-1FAA-2D7357BCA011" />
			<parameter name="target.design.name" value="null" />
			<parameter name="target.id" value="6EBA2617-B3E0-DF0B-D8CF-EA69A368FA1A" />
			<parameter name="target.name" value="HR_DEPARTMENTS" />
			<parameter name="target.type" value="4" />
		</extmapping>
		<extmapping>
			<parameter name="creationTime" value="1267116112717" />
			<parameter name="fw_engineer" value="true" />
			<parameter name="inheritance_type" value="0" />
			<parameter name="owner.design.id" value="E17F99D8-C2A8-5725-C556-DFF80C000E74" />
			<parameter name="owner.design.name" value="Logical" />
			<parameter name="owner.id" value="EE8B1C11-3ABC-59AB-8FAE-CDC94A472100" />
			<parameter name="owner.name" value="Commission Percentage" />
			<parameter name="owner.type" value="1" />
			<parameter name="owner_container_id" value="65117BA7-C4E2-FEF3-E391-E1C612C9BCF3" />
			<parameter name="rev_engineer" value="true" />
			<parameter name="target.design.id" value="CA0A5102-8613-A844-1FAA-2D7357BCA011" />
			<parameter name="target.design.name" value="null" />
			<parameter name="target.id" value="2CE05BAF-0E85-9231-CDCD-747EDD9C20D3" />
			<parameter name="target.name" value="COMM_PCT" />
			<parameter name="target.type" value="5" />
			<parameter name="target_container_id" value="2CFA16A9-6179-37AF-1EBE-1EB2E5D0C2A0" />
		</extmapping>
		<extmapping>
			<parameter name="creationTime" value="1267116112717" />
			<parameter name="fw_engineer" value="true" />
			<parameter name="inheritance_type" value="0" />
			<parameter name="owner.design.id" value="E17F99D8-C2A8-5725-C556-DFF80C000E74" />
			<parameter name="owner.design.name" value="Logical" />
			<parameter name="owner.id" value="F2C09DA8-D296-8958-5021-FD491025A2BE" />
			<parameter name="owner.name" value="ID" />
			<parameter name="owner.type" value="1" />
			<parameter name="owner_container_id" value="65117BA7-C4E2-FEF3-E391-E1C612C9BCF3" />
			<parameter name="rev_engineer" value="true" />
			<parameter name="target.design.id" value="CA0A5102-8613-A844-1FAA-2D7357BCA011" />
			<parameter name="target.design.name" value="null" />
			<parameter name="target.id" value="6192FC27-6899-AB05-9A9E-7A2D9F2DB88E" />
			<parameter name="target.name" value="ID" />
			<parameter name="target.type" value="5" />
			<parameter name="target_container_id" value="2CFA16A9-6179-37AF-1EBE-1EB2E5D0C2A0" />
		</extmapping>
	</mappings>
</extendedmap>