<?xml version="1.0" encoding="UTF-8" ?>
<design version="2.0" id="068E7F20-8A53-95A4-C88E-8B6DD8CB693C" defaultRDBMSSite="D9582E4E-79E2-319F-387A-2ED963CB9D32">
	<ref />
	<type_substitutions />
	<marked_generate_for_indexes />
	<ext_sub_views_collection>
		<sub_view subview_name="Relational_1" id="C4EEAC70-873D-DD5D-4855-D2C446E799E2" sv_type="main_view" visible="true" rep_oid="null" rep_ovid="null" is_checkedout="false" checkedout_by="" />
	</ext_sub_views_collection>
	<documents />
	<parties />
	<naming_options>
		<naming_option class_name="oracle.dbtools.crest.model.design.relational.Table" max_name_length="30" case_type="2" valid_characters="" all_valid="true" />
		<naming_option class_name="oracle.dbtools.crest.model.design.relational.Column" max_name_length="30" case_type="2" valid_characters="" all_valid="true" />
		<naming_option class_name="oracle.dbtools.crest.model.design.relational.TableView" max_name_length="30" case_type="2" valid_characters="" all_valid="true" />
		<naming_option class_name="oracle.dbtools.crest.model.design.constraint.TableLevelConstraint" max_name_length="30" case_type="2" valid_characters="" all_valid="true" />
		<naming_option class_name="oracle.dbtools.crest.model.design.relational.FKIndexAssociation" max_name_length="30" case_type="2" valid_characters="" all_valid="true" />
		<naming_option class_name="oracle.dbtools.crest.model.design.relational.Index" max_name_length="30" case_type="2" valid_characters="" all_valid="true" />
	</naming_options>
</design>