<?xml version="1.0" encoding="UTF-8" ?>
<metadatadoc version="2.0">
	<object type="ResponsibleParty" id="901962EC-4F23-6846-428B-8E120ACEB3C4" rep_oid="null" rep_ovid="null" is_checkedout="false" checkedout_by="" visible_in_main_view="false" use_default_color="true" background_color="null" foreground_color="null">
		<name>ResParty_1</name>
		<comment></comment>
		<notes></notes>
		<alter type="created">
			<user>meyoung</user>
			<timestamp>2010-02-22 15:00:54</timestamp>
		</alter>
		<alter type="changed">
			<user>meyoung</user>
			<timestamp>2010-02-22 15:01:00</timestamp>
		</alter>
		<properties>
			<parameter name="design.owner" value="demo10-1" />
			<parameter name="object.existsinrepository" value="true" />
		</properties>
		<attributes>
			<parameter name="responsibility" value="" />
		</attributes>
		<contacts />
		<engineering should="true" />
		<des_obj_version version="1.0" />
		<documents />
		<parties />
		<changerequests />
		<measurements />
	</object>
</metadatadoc>