<?xml version="1.0" encoding="UTF-8" ?>
<design version="2.0" id="8BD09E6E-6F45-1C73-3DD4-ACC0025B56D2">
	<ref>
		<objectid role="contains" type="Entity" oid="6872B822-EC3C-B415-5B5E-65FCB372DDE5" />
		<objectid role="contains" type="Entity" oid="859E01B1-EEF7-8FB3-451E-71CED0E6FFF4" />
		<objectid role="contains" type="Entity" oid="0B861A88-5C7A-63AB-0D11-2974D0B61415" />
		<objectid role="contains" type="Entity" oid="1B3D0169-B27A-7689-3253-703A7BEAAB7A" />
		<objectid role="contains" type="Relation" oid="20BBE38A-32D9-AF78-6F6C-960AF5C58B07" />
		<objectid role="contains" type="Relation" oid="029B9546-ADDC-F532-CC9C-D03599D00416" />
		<objectid role="contains" type="Relation" oid="82E3BCF8-3BB8-A6A3-566E-BF73C6505F22" />
	</ref>
	<type_substitutions />
	<ext_sub_views_collection>
		<sub_view subview_name="Logical" id="CE9C1FAB-6065-91F5-40C2-49EF4A2FF9EE" sv_type="main_view" visible="true" rep_oid="null" rep_ovid="null" is_checkedout="false" checkedout_by="" />
		<sub_view subview_name="Logical - SubView_1" id="52EF057B-AB57-D08D-3B84-11D62B205A3D" sv_type="sub_view" visible="true" rep_oid="null" rep_ovid="null" is_checkedout="false" checkedout_by="" />
	</ext_sub_views_collection>
	<documents />
	<parties />
	<naming_options>
		<naming_option class_name="oracle.dbtools.crest.model.design.logical.Entity" max_name_length="254" case_type="2" valid_characters="" all_valid="true" />
		<naming_option class_name="oracle.dbtools.crest.model.design.logical.Attribute" max_name_length="254" case_type="2" valid_characters="" all_valid="true" />
		<naming_option class_name="oracle.dbtools.crest.model.design.logical.EntityView" max_name_length="254" case_type="2" valid_characters="" all_valid="true" />
	</naming_options>
</design>