<?xml version="1.0" encoding="UTF-8" ?>
<design version="2.0" id="41275EC3-0407-46EC-03EE-01E406FC3C47">
	<ref>
		<objectid role="contains" type="StructuredType" oid="47E390DE-0671-C4B1-8428-0F45CBEE18F8" />
	</ref>
	<ext_sub_views_collection>
		<sub_view subview_name="DataTypes" id="56303B2E-55C9-EAED-6DF6-4F78F03A0337" sv_type="main_view" visible="false" rep_oid="null" rep_ovid="null" is_checkedout="false" checkedout_by="" />
		<sub_view subview_name="DataTypes" id="32991B86-163F-7546-84A3-7DFBD3A6C036" sv_type="sub_view" visible="false" rep_oid="null" rep_ovid="null" is_checkedout="false" checkedout_by="" />
	</ext_sub_views_collection>
	<documents />
	<parties />
</design>