<?xml version="1.0" encoding="UTF-8" ?>
<metadatadoc version="2.0">
	<object type="Segment" id="C3349D14-9ABD-51E2-2CE5-606C9C042D9D">
		<name>Segment1</name>
		<comment></comment>
		<notes></notes>
		<alter type="created">
			<user>oracle</user>
			<timestamp>2009-12-18 15:30:38</timestamp>
		</alter>
		<alter type="changed">
			<user>oracle</user>
			<timestamp>2009-12-18 15:30:38</timestamp>
		</alter>
		<properties>
			<parameter name="object.property.auto.GeneratedInRDBMS" value="false" />
			<parameter name="object.property.auto.Initrans" value="1" />
			<parameter name="object.property.auto.Logging" value="YES" />
			<parameter name="object.property.auto.LongName" value="Segment1" />
			<parameter name="object.property.auto.MarkedGenerate" value="true" />
			<parameter name="object.property.auto.MaxTrans" value="1" />
			<parameter name="object.property.auto.Name" value="Segment1" />
			<parameter name="object.property.auto.NameHasQuotes" value="false" />
			<parameter name="object.property.auto.PCTFree" value="0" />
			<parameter name="object.property.auto.PCTUsed" value="40" />
			<parameter name="object.property.auto.RawObject" value="false" />
			<parameter name="object.property.auto.SCBufferPool" value="DEFAULT" />
			<parameter name="object.property.auto.SCFreeLists" value="1" />
			<parameter name="object.property.auto.SCFreelistGroups" value="1" />
			<parameter name="object.property.auto.SCInitialExtent" value="0" />
			<parameter name="object.property.auto.SCMaxExtents" value="UNLIMITED" />
			<parameter name="object.property.auto.SCMinExtents" value="1" />
			<parameter name="object.property.auto.SCNextExtent" value="0" />
			<parameter name="object.property.auto.SCPctIncrease" value="0" />
			<parameter name="object.property.auto.TableSpace" value="NO_OBJECT" />
			<parameter name="design.owner" value="hr_schema" />
			<parameter name="object.existsinrepository" value="true" />
		</properties>
	</object>
</metadatadoc>