<?xml version="1.0" encoding="UTF-8" ?>
<metadatadoc version="2.0">
	<object type="Segment" id="CF0CF955-F26F-0FE3-53FA-27086FAD4DC6">
		<name>Segment2</name>
		<comment></comment>
		<notes></notes>
		<alter type="created">
			<user>oracle</user>
			<timestamp>2009-12-18 15:30:38</timestamp>
		</alter>
		<alter type="changed">
			<user>oracle</user>
			<timestamp>2009-12-18 15:30:38</timestamp>
		</alter>
		<properties>
			<parameter name="object.property.auto.GeneratedInRDBMS" value="false" />
			<parameter name="object.property.auto.Initrans" value="1" />
			<parameter name="object.property.auto.Logging" value="NO" />
			<parameter name="object.property.auto.LongName" value="Segment2" />
			<parameter name="object.property.auto.MarkedGenerate" value="true" />
			<parameter name="object.property.auto.MaxTrans" value="255" />
			<parameter name="object.property.auto.Name" value="Segment2" />
			<parameter name="object.property.auto.NameHasQuotes" value="false" />
			<parameter name="object.property.auto.PCTFree" value="10" />
			<parameter name="object.property.auto.PCTUsed" value="40" />
			<parameter name="object.property.auto.RawObject" value="false" />
			<parameter name="object.property.auto.SCBufferPool" value="DEFAULT" />
			<parameter name="object.property.auto.SCFreeLists" value="1" />
			<parameter name="object.property.auto.SCFreelistGroups" value="1" />
			<parameter name="object.property.auto.SCInitialExtent" value="65536" />
			<parameter name="object.property.auto.SCMaxExtents" value="2147483645" />
			<parameter name="object.property.auto.SCMinExtents" value="1" />
			<parameter name="object.property.auto.SCNextExtent" value="1048576" />
			<parameter name="object.property.auto.SCPctIncrease" value="0" />
			<parameter name="object.property.auto.TableSpace" value="NO_OBJECT" />
			<parameter name="design.owner" value="hr_schema" />
			<parameter name="object.existsinrepository" value="true" />
		</properties>
	</object>
</metadatadoc>