<?xml version="1.0" encoding="UTF-8" ?>
<metadatadoc version="2.0">
	<object type="Relation" id="17905361-3605-1727-18D2-7A1707D135B9" rep_oid="null" rep_ovid="null" is_checkedout="false" checkedout_by="" visible_in_main_view="true" use_default_color="true" background_color="null" foreground_color="null">
		<name>Relation_1</name>
		<comment></comment>
		<notes></notes>
		<alter type="created">
			<user>meyoung</user>
			<timestamp>2010-02-23 08:46:21</timestamp>
		</alter>
		<alter type="changed">
			<user>meyoung</user>
			<timestamp>2010-02-23 08:46:38</timestamp>
		</alter>
		<properties>
			<parameter name="design.owner" value="demo12-1" />
			<parameter name="object.existsinrepository" value="true" />
			<parameter name="object.property.relation.connection.src.name" value="a type of" />
			<parameter name="object.property.relation.connection.tgt.name" value="classified as" />
			<parameter name="property.comment.rdbms" value="" />
		</properties>
		<connection endpoint="source" card="1" entity="E8DA54F9-7C16-F2AB-D38C-79EECC7CE818" allownull="true" />
		<connection endpoint="target" card="*" entity="AC4F7369-FE7B-1BE8-015D-E4E2B6323998" allownull="true" />
		<dominant_role>null</dominant_role>
		<identifying>false</identifying>
		<engineering>
			<relational_design id="D4EEC006-E488-2564-1874-6305056C37FC" should="true" />
		</engineering>
		<des_obj_version version="1.0" />
		<documents />
		<parties />
		<changerequests />
		<measurements />
	</object>
</metadatadoc>