<?xml version="1.0" encoding="UTF-8" ?>
<metadatadoc version="2.0">
	<sub_view subview_name="DataTypes" id="32991B86-163F-7546-84A3-7DFBD3A6C036" generator="null" visible="false" comment="" notes="" sv_type="sub_view" rep_oid="null" rep_ovid="null" is_checkedout="false" checkedout_by="">
		<alter type="created">
			<user>oracle</user>
			<timestamp>2009-11-17 04:02:56</timestamp>
		</alter>
		<alter type="changed">
			<user>oracle</user>
			<timestamp>2009-11-17 05:44:53</timestamp>
		</alter>
		<main_display name="DataTypes" objectid="32991B86-163F-7546-84A3-7DFBD3A6C036" notation="1" show_all_details="true" show_names_only="false" show_elements="false" show_datatype="false" show_keys="false" auto_route="true" box_in_box="false" comment="" notes="">
			<alter type="created">
				<user>meyoung</user>
				<timestamp>2010-02-23 08:44:47</timestamp>
			</alter>
			<alter type="changed">
				<user>meyoung</user>
				<timestamp>2010-02-23 10:28:38</timestamp>
			</alter>
		</main_display>
		<subordinate_displays />
	</sub_view>
</metadatadoc>