<?xml version="1.0" encoding="UTF-8" ?>
<design version="2.0" id="14A6C6C7-7F12-C796-8C2A-A218A95055F5">
	<ref>
		<objectid role="contains" type="Entity" oid="F81DBBF0-BF8F-CCA6-0DCA-EF3F93E7ABF8" />
		<objectid role="contains" type="Entity" oid="733F0DD8-A4C7-9531-03B0-27ABC743C8F7" />
		<objectid role="contains" type="Entity" oid="A7C014D6-E675-410D-EC5C-47914127EC31" />
		<objectid role="contains" type="Entity" oid="E451501F-DAD8-58E6-2072-50AE115E9BE7" />
		<objectid role="contains" type="Entity" oid="22236565-866C-05A7-1E30-78E0B221ADD4" />
		<objectid role="contains" type="Entity" oid="C7519E83-906B-AF83-C245-C154947942DA" />
		<objectid role="contains" type="Entity" oid="DA72A447-6004-775D-D7FF-5CC5EEF182BC" />
		<objectid role="contains" type="Relation" oid="E17E6BEA-6065-3F68-3FBF-F818E7D2727A" />
		<objectid role="contains" type="Relation" oid="9C69C71D-2C03-A3D7-6072-4071A4F3449B" />
		<objectid role="contains" type="Relation" oid="66A6B6AA-641B-4B7D-B39A-D6606F143C3D" />
		<objectid role="contains" type="Relation" oid="78B30ABF-DAD7-EC1F-4942-86EAA77020F4" />
		<objectid role="contains" type="Relation" oid="24433A89-1005-330D-7920-F9F296C91A8C" />
		<objectid role="contains" type="Relation" oid="BFA6AFB7-02A0-4B3B-AE02-5569E1E7CE8D" />
		<objectid role="contains" type="Relation" oid="CF59EF92-8C52-2844-6AD8-F19E578BD87C" />
		<objectid role="contains" type="Relation" oid="A36CB548-A872-C7D1-BFFA-A1BCE871EF18" />
		<objectid role="contains" type="Relation" oid="AC152A6F-D566-FB81-042D-5D55715B1447" />
		<objectid role="contains" type="Relation" oid="63E051E8-20E0-90D2-DA7D-B76EA0221343" />
	</ref>
	<type_substitutions />
	<ext_sub_views_collection>
		<sub_view subview_name="Logical" id="DF5B35BF-DB79-76F5-6DC2-43B7D7A5D5A3" sv_type="main_view" visible="true" rep_oid="null" rep_ovid="null" is_checkedout="false" checkedout_by="" />
	</ext_sub_views_collection>
	<documents />
	<parties />
	<naming_options>
		<naming_option class_name="oracle.dbtools.crest.model.design.logical.Entity" max_name_length="254" case_type="2" valid_characters="" all_valid="true" />
		<naming_option class_name="oracle.dbtools.crest.model.design.logical.Attribute" max_name_length="254" case_type="2" valid_characters="" all_valid="true" />
		<naming_option class_name="oracle.dbtools.crest.model.design.logical.EntityView" max_name_length="254" case_type="2" valid_characters="" all_valid="true" />
	</naming_options>
</design>