<?xml version="1.0" encoding="UTF-8" ?>
<metadatadoc version="2.0">
	<object type="FKIndexAssociation" id="931BCC0F-7402-DDDA-9803-0B08D83CF51F" rep_oid="null" rep_ovid="null" is_checkedout="false" checkedout_by="" visible_in_main_view="true" tableid="20EFE58C-E998-7676-D099-A78F90DF8595" reftableid="4423EE64-2B45-6D18-DF5E-2E0B31C85ECA" references="55B30D34-0A6C-175B-BC53-B7DF1000DACB" localindexid="3A90BD1E-CB18-6DE5-128F-67D6E46868B1" delrule="RESTRICT" mandatory="true" transferable="true" use_default_color="true" background_color="null" foreground_color="null">
		<name>Relation_5</name>
		<comment></comment>
		<notes></notes>
		<alter type="created">
			<user>meyoung</user>
			<timestamp>2010-02-25 11:23:24</timestamp>
		</alter>
		<alter type="changed">
			<user>meyoung</user>
			<timestamp>2010-02-25 11:23:24</timestamp>
		</alter>
		<generator>19526F58-B186-8CBD-A543-715231797DB9</generator>
		<properties>
			<parameter name="design.owner" value="demo15-2a" />
			<parameter name="object.existsinrepository" value="true" />
			<parameter name="property.comment.rdbms" value="" />
		</properties>
		<engineering should="true" />
		<des_obj_version version="1.0" />
		<documents />
		<parties />
		<changerequests />
		<measurements />
	</object>
</metadatadoc>