<?xml version="1.0" encoding="UTF-8" ?>
<metadatadoc version="2.0">
	<object type="FKIndexAssociation" id="A000F11F-848C-DB5A-0A07-6E6B2755BCFC" rep_oid="null" rep_ovid="null" is_checkedout="false" checkedout_by="" visible_in_main_view="true" tableid="20EFE58C-E998-7676-D099-A78F90DF8595" reftableid="B40CB2EA-164C-3A03-3547-D3AA8E2C5117" references="36818027-5319-684C-4C9F-0BC7E6F7CEC9" localindexid="3DC5B574-55FD-95F8-5C96-58C3C100AA9C" delrule="RESTRICT" mandatory="true" transferable="true" use_default_color="true" background_color="null" foreground_color="null">
		<name>Relation_6</name>
		<comment></comment>
		<notes></notes>
		<alter type="created">
			<user>meyoung</user>
			<timestamp>2010-02-25 11:23:24</timestamp>
		</alter>
		<alter type="changed">
			<user>meyoung</user>
			<timestamp>2010-02-25 11:23:24</timestamp>
		</alter>
		<generator>B46D9368-B5DD-135D-9925-391271EE6901</generator>
		<properties>
			<parameter name="design.owner" value="demo15-2a" />
			<parameter name="object.existsinrepository" value="true" />
			<parameter name="property.comment.rdbms" value="" />
		</properties>
		<engineering should="true" />
		<des_obj_version version="1.0" />
		<documents />
		<parties />
		<changerequests />
		<measurements />
	</object>
</metadatadoc>