<?xml version="1.0" encoding="UTF-8" ?>
<metadatadoc version="2.0">
	<object type="FKIndexAssociation" id="E05793B9-D67C-0197-CC56-5A4922431B8C" rep_oid="null" rep_ovid="null" is_checkedout="false" checkedout_by="" visible_in_main_view="true" tableid="20EFE58C-E998-7676-D099-A78F90DF8595" reftableid="122C63CC-FEB6-011A-55E4-6EDF7F43D999" references="BBD121FB-DE01-B3A4-A958-C42D4AEEC17F" localindexid="6E8D9260-9453-520D-5728-D048E82254D4" delrule="RESTRICT" mandatory="true" transferable="true" use_default_color="true" background_color="null" foreground_color="null">
		<name>Relation_7</name>
		<comment></comment>
		<notes></notes>
		<alter type="created">
			<user>meyoung</user>
			<timestamp>2010-02-25 11:23:24</timestamp>
		</alter>
		<alter type="changed">
			<user>meyoung</user>
			<timestamp>2010-02-25 11:23:24</timestamp>
		</alter>
		<generator>DFBAB855-F723-3C61-656E-4AB47AEF8A3D</generator>
		<properties>
			<parameter name="design.owner" value="demo15-2a" />
			<parameter name="object.existsinrepository" value="true" />
			<parameter name="property.comment.rdbms" value="" />
		</properties>
		<engineering should="true" />
		<des_obj_version version="1.0" />
		<documents />
		<parties />
		<changerequests />
		<measurements />
	</object>
</metadatadoc>