<?xml version="1.0" encoding="UTF-8" ?>
<metadatadoc version="2.0">
	<object type="Entity" id="5200C98B-24B9-1548-53BC-073519553724" rep_oid="null" rep_ovid="null" is_checkedout="false" checkedout_by="" visible_in_main_view="true" entitytype="" allow_type_substitution="true" strategy="Single Table" minVolumes="0" expectedVolumes="0" maxVolumes="9999999" growthPercent="0" growthType="Year" normalForm="Third" adequatelyNormalized="NO" use_default_color="false" background_color="-5971457" foreground_color="-16776961">
		<name>Country</name>
		<comment></comment>
		<notes></notes>
		<alter type="created">
			<user>meyoung</user>
			<timestamp>2010-02-25 11:03:26</timestamp>
		</alter>
		<alter type="changed">
			<user>meyoung</user>
			<timestamp>2010-02-25 11:06:17</timestamp>
		</alter>
		<properties>
			<parameter name="design.owner" value="demo15-2a" />
			<parameter name="object.existsinrepository" value="true" />
			<parameter name="property.comment.rdbms" value="" />
		</properties>
		<parent inherits="false" />
		<engineering>
			<relational_design id="CA0A5102-8613-A844-1FAA-2D7357BCA011" should="true" />
		</engineering>
		<des_obj_version version="1.0" />
		<fonts>
			<font_object>
				<parameter name="fo_type" value="Title" />
				<parameter name="font_color" value="-16776961" />
				<parameter name="font_name" value="Dialog" />
				<parameter name="font_size" value="10" />
				<parameter name="font_style" value="1" />
			</font_object>
			<font_object>
				<parameter name="fo_type" value="Attribute" />
				<parameter name="font_color" value="-16777216" />
				<parameter name="font_name" value="Dialog" />
				<parameter name="font_size" value="10" />
				<parameter name="font_style" value="0" />
			</font_object>
			<font_object>
				<parameter name="fo_type" value="Datatype" />
				<parameter name="font_color" value="-16744448" />
				<parameter name="font_name" value="Dialog" />
				<parameter name="font_size" value="10" />
				<parameter name="font_style" value="0" />
			</font_object>
			<font_object>
				<parameter name="fo_type" value="PK Element" />
				<parameter name="font_color" value="-16776961" />
				<parameter name="font_name" value="Dialog" />
				<parameter name="font_size" value="10" />
				<parameter name="font_style" value="0" />
			</font_object>
			<font_object>
				<parameter name="fo_type" value="FK Element" />
				<parameter name="font_color" value="-16777216" />
				<parameter name="font_name" value="Dialog" />
				<parameter name="font_size" value="10" />
				<parameter name="font_style" value="0" />
			</font_object>
			<font_object>
				<parameter name="fo_type" value="UK Element" />
				<parameter name="font_color" value="-16776961" />
				<parameter name="font_name" value="Dialog" />
				<parameter name="font_size" value="10" />
				<parameter name="font_style" value="0" />
			</font_object>
			<font_object>
				<parameter name="fo_type" value="Not Null" />
				<parameter name="font_color" value="-65536" />
				<parameter name="font_name" value="Dialog" />
				<parameter name="font_size" value="10" />
				<parameter name="font_style" value="0" />
			</font_object>
			<font_object>
				<parameter name="fo_type" value="Key" />
				<parameter name="font_color" value="-16777216" />
				<parameter name="font_name" value="Dialog" />
				<parameter name="font_size" value="10" />
				<parameter name="font_style" value="0" />
			</font_object>
		</fonts>
		<documents />
		<parties />
		<changerequests />
		<measurements />
		<contained>
			<object type="Attribute" id="B62B477E-3F30-8979-797F-7DF0938D9341" rep_oid="null" rep_ovid="null" is_checkedout="false" checkedout_by="" visible_in_main_view="false" use_default_color="true" background_color="null" foreground_color="null" unique="false" allownull="false" usedomainconstraints="true" is_oid="false" structured_attribute_id="" fk="false">
				<name>Code</name>
				<comment></comment>
				<notes></notes>
				<alter type="created">
					<user>meyoung</user>
					<timestamp>2010-02-25 11:03:32</timestamp>
				</alter>
				<alter type="changed">
					<user>meyoung</user>
					<timestamp>2010-02-25 11:04:07</timestamp>
				</alter>
				<properties>
					<parameter name="design.owner" value="demo15-2a" />
					<parameter name="object.existsinrepository" value="true" />
					<parameter name="property.comment.rdbms" value="" />
				</properties>
				<engineering>
					<relational_design id="CA0A5102-8613-A844-1FAA-2D7357BCA011" should="true" />
				</engineering>
				<des_obj_version version="1.0" />
				<domain oid="DOM3000004" file="defaultdomains" />
				<datatype dttype="packed" precision="6" scale="0" typename="NUMBER" />
				<reference value="false" />
				<logicaltype dttype="NUMERIC" oid="LOGDT019" />
				<use value="logical type" />
				<sourcetype sort="" />
				<formula desc="" />
				<subtypeSubstitution value="true" />
				<restricted_substitution value="false" />
				<source value="" />
				<documents />
				<parties />
				<changerequests />
				<measurements />
			</object>
			<object type="Attribute" id="B7238965-159A-D144-7B6A-BBED98A04ACC" rep_oid="null" rep_ovid="null" is_checkedout="false" checkedout_by="" visible_in_main_view="false" use_default_color="true" background_color="null" foreground_color="null" unique="false" allownull="true" usedomainconstraints="true" is_oid="false" structured_attribute_id="" fk="false">
				<name>Name</name>
				<comment></comment>
				<notes></notes>
				<alter type="created">
					<user>meyoung</user>
					<timestamp>2010-02-25 11:03:35</timestamp>
				</alter>
				<alter type="changed">
					<user>meyoung</user>
					<timestamp>2010-02-25 11:04:05</timestamp>
				</alter>
				<properties>
					<parameter name="design.owner" value="demo15-2a" />
					<parameter name="object.existsinrepository" value="true" />
					<parameter name="property.comment.rdbms" value="" />
				</properties>
				<engineering>
					<relational_design id="CA0A5102-8613-A844-1FAA-2D7357BCA011" should="true" />
				</engineering>
				<des_obj_version version="1.0" />
				<domain oid="DOM3000004" file="defaultdomains" />
				<datatype dttype="var" size="50" typename="VARCHAR2" />
				<reference value="false" />
				<logicaltype dttype="VARCHAR" oid="LOGDT024" />
				<use value="logical type" />
				<sourcetype sort="" />
				<formula desc="" />
				<subtypeSubstitution value="true" />
				<restricted_substitution value="false" />
				<source value="" />
				<documents />
				<parties />
				<changerequests />
				<measurements />
			</object>
		</contained>
		<key>
			<object type="Candidate Key" id="1B5C6BF9-608A-D585-DC3A-0ECA360A0780" rep_oid="null" rep_ovid="null" is_checkedout="false" checkedout_by="" visible_in_main_view="false" use_default_color="true" background_color="null" foreground_color="null" pk="true" keystate="Primary Key" synonym="">
				<name>Country_PK</name>
				<comment></comment>
				<notes></notes>
				<alter type="created">
					<user>meyoung</user>
					<timestamp>2010-02-25 11:04:06</timestamp>
				</alter>
				<alter type="changed">
					<user>meyoung</user>
					<timestamp>2010-02-25 11:05:41</timestamp>
				</alter>
				<properties>
					<parameter name="design.owner" value="demo15-2a" />
					<parameter name="object.existsinrepository" value="true" />
				</properties>
				<engineering>
					<relational_design id="CA0A5102-8613-A844-1FAA-2D7357BCA011" should="true" />
				</engineering>
				<des_obj_version version="1.0" />
				<contains type="Attribute">B62B477E-3F30-8979-797F-7DF0938D9341</contains>
				<documents />
				<parties />
				<changerequests />
				<measurements />
			</object>
		</key>
	</object>
</metadatadoc>