<?xml version="1.0" encoding="UTF-8" ?>
<metadatadoc version="2.0">
	<object type="Hierarchy relation" id="5D178C06-C1DB-49A2-533B-95CBBEBB6E0D" rep_oid="null" rep_ovid="null" is_checkedout="false" checkedout_by="" visible_in_main_view="false" use_default_color="true" background_color="null" foreground_color="null">
		<name>Hierarchy_2</name>
		<comment></comment>
		<notes></notes>
		<alter type="created">
			<user>meyoung</user>
			<timestamp>2010-02-23 09:00:46</timestamp>
		</alter>
		<alter type="changed">
			<user>meyoung</user>
			<timestamp>2010-02-23 09:00:46</timestamp>
		</alter>
		<properties>
			<parameter name="design.owner" value="demo12-3" />
			<parameter name="object.existsinrepository" value="true" />
			<parameter name="object.property.relation.connection.src.name" value="Super Type" />
			<parameter name="object.property.relation.connection.tgt.name" value="Sub Type" />
		</properties>
		<inheritance endpoint="source" entity="AC4F7369-FE7B-1BE8-015D-E4E2B6323998" />
		<inheritance endpoint="target" entity="B51D914C-E61A-EF4A-90B1-66F0B59EC2E1" />
		<engineering>
			<relational_design id="D4EEC006-E488-2564-1874-6305056C37FC" should="true" />
		</engineering>
		<des_obj_version version="1.0" />
		<documents />
		<parties />
		<changerequests />
		<measurements />
	</object>
</metadatadoc>