<?xml version="1.0" encoding="UTF-8" ?>
<metadatadoc version="2.0">
	<object type="Hierarchy relation" id="73CA7EC3-AE01-B28A-CD67-7DDFDBCC5E91" rep_oid="null" rep_ovid="null" is_checkedout="false" checkedout_by="" visible_in_main_view="false" use_default_color="true" background_color="null" foreground_color="null">
		<name>Hierarchy_1</name>
		<comment></comment>
		<notes></notes>
		<alter type="created">
			<user>meyoung</user>
			<timestamp>2010-02-23 09:00:38</timestamp>
		</alter>
		<alter type="changed">
			<user>meyoung</user>
			<timestamp>2010-02-23 09:00:38</timestamp>
		</alter>
		<properties>
			<parameter name="design.owner" value="demo12-3" />
			<parameter name="object.existsinrepository" value="true" />
			<parameter name="object.property.relation.connection.src.name" value="Super Type" />
			<parameter name="object.property.relation.connection.tgt.name" value="Sub Type" />
		</properties>
		<inheritance endpoint="source" entity="AC4F7369-FE7B-1BE8-015D-E4E2B6323998" />
		<inheritance endpoint="target" entity="E8DA54F9-7C16-F2AB-D38C-79EECC7CE818" />
		<engineering>
			<relational_design id="D4EEC006-E488-2564-1874-6305056C37FC" should="true" />
		</engineering>
		<des_obj_version version="1.0" />
		<documents />
		<parties />
		<changerequests />
		<measurements />
	</object>
</metadatadoc>