<?xml version="1.0" encoding="UTF-8" ?>
<metadatadoc version="2.0">
	<sub_view subview_name="Logical" id="27B72FDD-FA88-A685-50A9-EE425ED83741" generator="null" visible="true" comment="" notes="" sv_type="main_view" rep_oid="null" rep_ovid="null" is_checkedout="false" checkedout_by="">
		<alter type="created">
			<user>meyoung</user>
			<timestamp>2010-02-23 08:47:41</timestamp>
		</alter>
		<alter type="changed">
			<user>meyoung</user>
			<timestamp>2010-02-23 08:47:41</timestamp>
		</alter>
		<main_display name="Logical" objectid="27B72FDD-FA88-A685-50A9-EE425ED83741" notation="1" show_all_details="true" show_names_only="false" show_elements="false" show_datatype="false" show_keys="false" auto_route="false" box_in_box="true" comment="" notes="">
			<objectid role="represents" type="Entity" oid="AC4F7369-FE7B-1BE8-015D-E4E2B6323998" viewid="2AB11D0D-E0E7-E30B-8BBD-BA10FA17C90A" tv_generator_id="null" viewnumber="0">
				<graphical>
					<parameter name="background_color" value="NULL" />
					<parameter name="foreground_color" value="NULL" />
					<parameter name="h" value="264.0" />
					<parameter name="use_default_color" value="true" />
					<parameter name="w" value="379.0" />
					<parameter name="x" value="202.0" />
					<parameter name="y" value="177.0" />
				</graphical>
			</objectid>
			<objectid role="represents" type="Entity" oid="E8DA54F9-7C16-F2AB-D38C-79EECC7CE818" viewid="3CFAE30A-40E3-178B-592E-4040A11A6EBD" tv_generator_id="null" viewnumber="0">
				<graphical>
					<parameter name="background_color" value="NULL" />
					<parameter name="foreground_color" value="NULL" />
					<parameter name="h" value="110.0" />
					<parameter name="use_default_color" value="true" />
					<parameter name="w" value="170.0" />
					<parameter name="x" value="221.0" />
					<parameter name="y" value="297.0" />
				</graphical>
			</objectid>
			<objectid role="represents" type="Entity" oid="B51D914C-E61A-EF4A-90B1-66F0B59EC2E1" viewid="BD4EA201-2AC3-E070-1C5C-86FC97F21875" tv_generator_id="null" viewnumber="0">
				<graphical>
					<parameter name="background_color" value="NULL" />
					<parameter name="foreground_color" value="NULL" />
					<parameter name="h" value="110.0" />
					<parameter name="use_default_color" value="true" />
					<parameter name="w" value="170.0" />
					<parameter name="x" value="401.0" />
					<parameter name="y" value="295.0" />
				</graphical>
			</objectid>
			<objectid role="represents" type="Hierarchy relation" oid="73CA7EC3-AE01-B28A-CD67-7DDFDBCC5E91" source="AC4F7369-FE7B-1BE8-015D-E4E2B6323998" target="E8DA54F9-7C16-F2AB-D38C-79EECC7CE818" viewid_source="2AB11D0D-E0E7-E30B-8BBD-BA10FA17C90A" viewid_target="3CFAE30A-40E3-178B-592E-4040A11A6EBD">
				<points />
			</objectid>
			<objectid role="represents" type="Hierarchy relation" oid="5D178C06-C1DB-49A2-533B-95CBBEBB6E0D" source="AC4F7369-FE7B-1BE8-015D-E4E2B6323998" target="B51D914C-E61A-EF4A-90B1-66F0B59EC2E1" viewid_source="2AB11D0D-E0E7-E30B-8BBD-BA10FA17C90A" viewid_target="BD4EA201-2AC3-E070-1C5C-86FC97F21875">
				<points />
			</objectid>
			<alter type="created">
				<user>meyoung</user>
				<timestamp>2010-02-23 08:44:46</timestamp>
			</alter>
			<alter type="changed">
				<user>meyoung</user>
				<timestamp>2010-02-23 08:47:41</timestamp>
			</alter>
		</main_display>
		<subordinate_displays />
	</sub_view>
</metadatadoc>