<?xml version="1.0" encoding="UTF-8" ?>
<metadatadoc version="2.0">
	<object type="FKIndexAssociation" id="2275173E-D7DF-7F4A-8977-1687248C5B67" rep_oid="null" rep_ovid="null" is_checkedout="false" checkedout_by="" visible_in_main_view="true" tableid="2CFA16A9-6179-37AF-1EBE-1EB2E5D0C2A0" reftableid="6EBA2617-B3E0-DF0B-D8CF-EA69A368FA1A" references="1CA711E6-EADF-DE85-2168-E654B99C42AA" localindexid="C2F5EF3E-FFE1-8795-3F89-CEC85CDEDA1C" delrule="RESTRICT" mandatory="true" transferable="true" use_default_color="false" background_color="-16777216" foreground_color="null">
		<name>EMPLOYEES_DEPARTMENTS_FK</name>
		<comment></comment>
		<notes></notes>
		<alter type="created">
			<user>meyoung</user>
			<timestamp>2010-02-25 10:41:52</timestamp>
		</alter>
		<alter type="changed">
			<user>meyoung</user>
			<timestamp>2010-02-25 10:47:39</timestamp>
		</alter>
		<generator>1CB3BE1E-005C-610C-3CF0-EDAF388A0C2C</generator>
		<properties>
			<parameter name="design.owner" value="demo16-1a" />
			<parameter name="object.existsinrepository" value="true" />
			<parameter name="property.comment.rdbms" value="" />
		</properties>
		<engineering should="true" />
		<des_obj_version version="1.0" />
		<documents />
		<parties />
		<changerequests />
		<measurements />
	</object>
</metadatadoc>