<?xml version="1.0" encoding="UTF-8" ?>
<design version="2.0" id="CA0A5102-8613-A844-1FAA-2D7357BCA011" defaultRDBMSSite="32076570-2523-435C-2E92-BF29817DFF70">
	<ref>
		<objectid role="contains" type="Table" oid="6EBA2617-B3E0-DF0B-D8CF-EA69A368FA1A" marked_generate="true" />
		<objectid role="contains" type="Table" oid="2CFA16A9-6179-37AF-1EBE-1EB2E5D0C2A0" marked_generate="true" />
		<objectid role="contains" type="View" oid="B910CF83-F680-0679-08D3-EEDCA44C424E" marked_generate="true" />
		<objectid role="contains" type="FKIndexAssociation" oid="2275173E-D7DF-7F4A-8977-1687248C5B67" marked_generate="true" />
	</ref>
	<type_substitutions />
	<marked_generate_for_indexes>
		<objectid oid="1CA711E6-EADF-DE85-2168-E654B99C42AA" marked_generate="true" />
		<objectid oid="C2FC43B5-04DA-10AF-4B6A-B9F12403D062" marked_generate="true" />
		<objectid oid="C2F5EF3E-FFE1-8795-3F89-CEC85CDEDA1C" marked_generate="true" />
		<objectid oid="BE3FC750-1135-F945-D006-73C08FB6F0C8" marked_generate="true" />
		<objectid oid="4B34F57A-1659-3725-C2F6-18EC256E762E" marked_generate="true" />
	</marked_generate_for_indexes>
	<ext_sub_views_collection>
		<sub_view subview_name="Relational_1" id="944B58E6-83D7-FE3D-52F3-93D37FFE12F3" sv_type="main_view" visible="true" rep_oid="null" rep_ovid="null" is_checkedout="false" checkedout_by="" />
	</ext_sub_views_collection>
	<documents />
	<parties />
	<naming_options>
		<naming_option class_name="oracle.dbtools.crest.model.design.relational.Table" max_name_length="30" case_type="2" valid_characters="" all_valid="true" />
		<naming_option class_name="oracle.dbtools.crest.model.design.relational.Column" max_name_length="30" case_type="2" valid_characters="" all_valid="true" />
		<naming_option class_name="oracle.dbtools.crest.model.design.relational.TableView" max_name_length="30" case_type="2" valid_characters="" all_valid="true" />
		<naming_option class_name="oracle.dbtools.crest.model.design.constraint.TableLevelConstraint" max_name_length="30" case_type="2" valid_characters="" all_valid="true" />
		<naming_option class_name="oracle.dbtools.crest.model.design.relational.FKIndexAssociation" max_name_length="30" case_type="2" valid_characters="" all_valid="true" />
		<naming_option class_name="oracle.dbtools.crest.model.design.relational.Index" max_name_length="30" case_type="2" valid_characters="" all_valid="true" />
	</naming_options>
</design>