<?xml version="1.0" encoding="UTF-8" ?>
<metadatadoc version="2.0">
	<object type="TSpace" id="8D9F9F75-2F4C-5448-22DE-977BCF0C45EF">
		<name>EXAMPLE</name>
		<comment></comment>
		<notes></notes>
		<alter type="created">
			<user>oracle</user>
			<timestamp>2009-12-18 15:30:38</timestamp>
		</alter>
		<alter type="changed">
			<user>oracle</user>
			<timestamp>2009-12-18 15:30:38</timestamp>
		</alter>
		<properties>
			<parameter name="object.property.auto.BlockSize" value="0" />
			<parameter name="object.property.auto.Contents" value="PERMANENT" />
			<parameter name="object.property.auto.DSCompression" value="EMPTY" />
			<parameter name="object.property.auto.DSInitialExtent" value="0" />
			<parameter name="object.property.auto.DSMaxExtents" value="UNLIMITED" />
			<parameter name="object.property.auto.DSMinExtents" value="1" />
			<parameter name="object.property.auto.DSNextExtent" value="0" />
			<parameter name="object.property.auto.DSPctIncrease" value="0" />
			<parameter name="object.property.auto.EMLocalSubtype" value="AUTOALLOCATE" />
			<parameter name="object.property.auto.EMUniformSize" value="1024" />
			<parameter name="object.property.auto.ExtentManagement" value="LOCAL" />
			<parameter name="object.property.auto.FileType" value="EMPTY" />
			<parameter name="object.property.auto.FlashBack" value="ON" />
			<parameter name="object.property.auto.ForceLogging" value="NO" />
			<parameter name="object.property.auto.GeneratedInRDBMS" value="false" />
			<parameter name="object.property.auto.Logging" value="LOGGING" />
			<parameter name="object.property.auto.LongName" value="EXAMPLE" />
			<parameter name="object.property.auto.MarkedGenerate" value="true" />
			<parameter name="object.property.auto.MinExtLen" value="0" />
			<parameter name="object.property.auto.Name" value="EXAMPLE" />
			<parameter name="object.property.auto.NameHasQuotes" value="false" />
			<parameter name="object.property.auto.RawObject" value="false" />
			<parameter name="object.property.auto.SegmentManagement" value="" />
			<parameter name="object.property.auto.Status" value="ONLINE" />
			<parameter name="design.owner" value="hr_schema" />
			<parameter name="object.existsinrepository" value="true" />
		</properties>
	</object>
</metadatadoc>