<?xml version="1.0" encoding="UTF-8" ?>
<metadatadoc version="2.0">
	<sub_view subview_name="Logical" id="D0F1D7D0-0E81-4176-5DA5-2A9F7BC0048F" generator="null" visible="true" comment="" notes="" sv_type="main_view" rep_oid="null" rep_ovid="null" is_checkedout="false" checkedout_by="">
		<alter type="created">
			<user>meyoung</user>
			<timestamp>2010-02-23 16:59:47</timestamp>
		</alter>
		<alter type="changed">
			<user>meyoung</user>
			<timestamp>2010-02-23 16:59:47</timestamp>
		</alter>
		<main_display name="Logical" objectid="D0F1D7D0-0E81-4176-5DA5-2A9F7BC0048F" notation="1" show_all_details="true" show_names_only="false" show_elements="false" show_datatype="false" show_keys="false" auto_route="false" box_in_box="true" comment="" notes="">
			<objectid role="represents" type="Entity" oid="E5B170E7-D3F3-DE56-4B0A-FB129EEA90C0" viewid="A4CECEA5-2FDB-F66F-DFD4-C745B987D4BA" tv_generator_id="null" viewnumber="0">
				<graphical>
					<parameter name="background_color" value="-5971457" />
					<parameter name="foreground_color" value="-16776961" />
					<parameter name="h" value="110.0" />
					<parameter name="use_default_color" value="false" />
					<parameter name="w" value="170.0" />
					<parameter name="x" value="54.0" />
					<parameter name="y" value="198.0" />
				</graphical>
			</objectid>
			<objectid role="represents" type="Entity" oid="65117BA7-C4E2-FEF3-E391-E1C612C9BCF3" viewid="27D52A54-28C3-5CAF-87CA-EC143C5AEBF7" tv_generator_id="null" viewnumber="0">
				<graphical>
					<parameter name="background_color" value="-5971457" />
					<parameter name="foreground_color" value="-16776961" />
					<parameter name="h" value="249.0" />
					<parameter name="use_default_color" value="false" />
					<parameter name="w" value="375.0" />
					<parameter name="x" value="356.0" />
					<parameter name="y" value="202.0" />
				</graphical>
			</objectid>
			<objectid role="represents" type="Entity" oid="DDFC5F14-2355-3267-DF55-EA3D036EF53E" viewid="5C68D88E-B920-4D8F-AD4D-8A1A8E7C186A" tv_generator_id="null" viewnumber="0">
				<graphical>
					<parameter name="background_color" value="-5971457" />
					<parameter name="foreground_color" value="-16776961" />
					<parameter name="h" value="110.0" />
					<parameter name="use_default_color" value="false" />
					<parameter name="w" value="170.0" />
					<parameter name="x" value="361.0" />
					<parameter name="y" value="331.0" />
				</graphical>
			</objectid>
			<objectid role="represents" type="Entity" oid="C64DC8C8-36D6-6835-555E-80B8F751B516" viewid="AD59FF15-89B4-AEE9-6649-4FEE6BF89AB4" tv_generator_id="null" viewnumber="0">
				<graphical>
					<parameter name="background_color" value="-5971457" />
					<parameter name="foreground_color" value="-16776961" />
					<parameter name="h" value="110.0" />
					<parameter name="use_default_color" value="false" />
					<parameter name="w" value="170.0" />
					<parameter name="x" value="551.0" />
					<parameter name="y" value="331.0" />
				</graphical>
			</objectid>
			<objectid role="represents" type="Entity" oid="5200C98B-24B9-1548-53BC-073519553724" viewid="83A2EE11-DB28-131E-9CE2-F3E6158DA020" tv_generator_id="null" viewnumber="0">
				<graphical>
					<parameter name="background_color" value="-5971457" />
					<parameter name="foreground_color" value="-16776961" />
					<parameter name="h" value="110.0" />
					<parameter name="use_default_color" value="false" />
					<parameter name="w" value="170.0" />
					<parameter name="x" value="277.0" />
					<parameter name="y" value="589.0" />
				</graphical>
			</objectid>
			<objectid role="represents" type="Entity" oid="A2DAB4C6-4612-5FE7-F697-A9F3E5A900B3" viewid="E498AAD9-BE7E-C9F8-2966-2DF9761FE605" tv_generator_id="null" viewnumber="0">
				<graphical>
					<parameter name="background_color" value="-5971457" />
					<parameter name="foreground_color" value="-16776961" />
					<parameter name="h" value="110.0" />
					<parameter name="use_default_color" value="false" />
					<parameter name="w" value="170.0" />
					<parameter name="x" value="471.0" />
					<parameter name="y" value="589.0" />
				</graphical>
			</objectid>
			<objectid role="represents" type="Entity" oid="9AA2642A-6C99-3C23-6122-AF66A1D23930" viewid="ECB66190-F568-0BFC-4C6B-87475E0A903A" tv_generator_id="null" viewnumber="0">
				<graphical>
					<parameter name="background_color" value="-5971457" />
					<parameter name="foreground_color" value="-16776961" />
					<parameter name="h" value="110.0" />
					<parameter name="use_default_color" value="false" />
					<parameter name="w" value="170.0" />
					<parameter name="x" value="665.0" />
					<parameter name="y" value="589.0" />
				</graphical>
			</objectid>
			<objectid role="represents" type="Arc" oid="0488B6A7-1FBE-AEEC-D96A-340A5E4CBEE8" viewid="2947B408-C0A5-6130-EBFC-85EAE5E6B0AF" tv_generator_id="null" viewnumber="0">
				<graphical>
					<parameter name="background_color" value="NULL" />
					<parameter name="foreground_color" value="NULL" />
					<parameter name="h" value="289.0" />
					<parameter name="use_default_color" value="true" />
					<parameter name="w" value="415.0" />
					<parameter name="x" value="336.0" />
					<parameter name="y" value="182.0" />
				</graphical>
			</objectid>
			<objectid role="represents" type="Relation" oid="1CB3BE1E-005C-610C-3CF0-EDAF388A0C2C" source="E5B170E7-D3F3-DE56-4B0A-FB129EEA90C0" target="65117BA7-C4E2-FEF3-E391-E1C612C9BCF3" viewid_source="A4CECEA5-2FDB-F66F-DFD4-C745B987D4BA" viewid_target="27D52A54-28C3-5CAF-87CA-EC143C5AEBF7">
				<points>
					<point x_coordinate="224.0" y_coordinate="255.0" />
					<point x_coordinate="356.0" y_coordinate="255.0" />
				</points>
				<labels>
					<source x_coordinate="226.0" y_coordinate="223.0" width="50.0" height="20.0" use_default_color="false" background_color="-1" foreground_color="-16777216">
						<fonts>
							<font_object>
								<parameter name="fo_type" value="Text" />
								<parameter name="font_color" value="-16777216" />
								<parameter name="font_name" value="Dialog" />
								<parameter name="font_size" value="10" />
								<parameter name="font_style" value="0" />
							</font_object>
						</fonts>
					</source>
					<target x_coordinate="286.0" y_coordinate="264.0" width="63.0" height="20.0" use_default_color="false" background_color="-1" foreground_color="-16777216">
						<fonts>
							<font_object>
								<parameter name="fo_type" value="Text" />
								<parameter name="font_color" value="-16777216" />
								<parameter name="font_name" value="Dialog" />
								<parameter name="font_size" value="10" />
								<parameter name="font_style" value="0" />
							</font_object>
						</fonts>
					</target>
					<main_label x_coordinate="-1.0" y_coordinate="-1.0" width="-1.0" height="-1.0" />
				</labels>
				<graphical>
					<parameter name="use_default_color" value="false" />
					<parameter name="color" value="-16777216" />
					<parameter name="width" value="1" />
				</graphical>
			</objectid>
			<objectid role="represents" type="Hierarchy relation" oid="51CDA0CE-9AC9-8159-B587-BD4A0F9188D6" source="65117BA7-C4E2-FEF3-E391-E1C612C9BCF3" target="DDFC5F14-2355-3267-DF55-EA3D036EF53E" viewid_source="27D52A54-28C3-5CAF-87CA-EC143C5AEBF7" viewid_target="5C68D88E-B920-4D8F-AD4D-8A1A8E7C186A">
				<points />
			</objectid>
			<objectid role="represents" type="Hierarchy relation" oid="95B93959-4385-BDA2-8550-23A59C3DF442" source="65117BA7-C4E2-FEF3-E391-E1C612C9BCF3" target="C64DC8C8-36D6-6835-555E-80B8F751B516" viewid_source="27D52A54-28C3-5CAF-87CA-EC143C5AEBF7" viewid_target="AD59FF15-89B4-AEE9-6649-4FEE6BF89AB4">
				<points />
			</objectid>
			<objectid role="represents" type="Relation" oid="19526F58-B186-8CBD-A543-715231797DB9" source="5200C98B-24B9-1548-53BC-073519553724" target="65117BA7-C4E2-FEF3-E391-E1C612C9BCF3" viewid_source="83A2EE11-DB28-131E-9CE2-F3E6158DA020" viewid_target="27D52A54-28C3-5CAF-87CA-EC143C5AEBF7">
				<points>
					<point x_coordinate="411.5" y_coordinate="589.0" />
					<point x_coordinate="411.5" y_coordinate="451.0" />
				</points>
				<labels>
					<source x_coordinate="365.0" y_coordinate="569.0" width="46.0" height="20.0" use_default_color="false" background_color="-1" foreground_color="-16777216">
						<fonts>
							<font_object>
								<parameter name="fo_type" value="Text" />
								<parameter name="font_color" value="-16777216" />
								<parameter name="font_name" value="Dialog" />
								<parameter name="font_size" value="10" />
								<parameter name="font_style" value="0" />
							</font_object>
						</fonts>
					</source>
					<target x_coordinate="365.0" y_coordinate="481.0" width="31.0" height="20.0" use_default_color="false" background_color="-1" foreground_color="-16777216">
						<fonts>
							<font_object>
								<parameter name="fo_type" value="Text" />
								<parameter name="font_color" value="-16777216" />
								<parameter name="font_name" value="Dialog" />
								<parameter name="font_size" value="10" />
								<parameter name="font_style" value="0" />
							</font_object>
						</fonts>
					</target>
					<main_label x_coordinate="-1.0" y_coordinate="-1.0" width="-1.0" height="-1.0" />
				</labels>
				<graphical>
					<parameter name="use_default_color" value="false" />
					<parameter name="color" value="-16777216" />
					<parameter name="width" value="1" />
				</graphical>
			</objectid>
			<objectid role="represents" type="Relation" oid="B46D9368-B5DD-135D-9925-391271EE6901" source="A2DAB4C6-4612-5FE7-F697-A9F3E5A900B3" target="65117BA7-C4E2-FEF3-E391-E1C612C9BCF3" viewid_source="E498AAD9-BE7E-C9F8-2966-2DF9761FE605" viewid_target="27D52A54-28C3-5CAF-87CA-EC143C5AEBF7">
				<points>
					<point x_coordinate="566.0" y_coordinate="589.0" />
					<point x_coordinate="566.0" y_coordinate="451.0" />
				</points>
				<labels>
					<source x_coordinate="520.0" y_coordinate="569.0" width="46.0" height="20.0" use_default_color="false" background_color="-1" foreground_color="-16777216">
						<fonts>
							<font_object>
								<parameter name="fo_type" value="Text" />
								<parameter name="font_color" value="-16777216" />
								<parameter name="font_name" value="Dialog" />
								<parameter name="font_size" value="10" />
								<parameter name="font_style" value="0" />
							</font_object>
						</fonts>
					</source>
					<target x_coordinate="520.0" y_coordinate="481.0" width="31.0" height="20.0" use_default_color="false" background_color="-1" foreground_color="-16777216">
						<fonts>
							<font_object>
								<parameter name="fo_type" value="Text" />
								<parameter name="font_color" value="-16777216" />
								<parameter name="font_name" value="Dialog" />
								<parameter name="font_size" value="10" />
								<parameter name="font_style" value="0" />
							</font_object>
						</fonts>
					</target>
					<main_label x_coordinate="-1.0" y_coordinate="-1.0" width="-1.0" height="-1.0" />
				</labels>
				<graphical>
					<parameter name="use_default_color" value="false" />
					<parameter name="color" value="-16777216" />
					<parameter name="width" value="1" />
				</graphical>
			</objectid>
			<objectid role="represents" type="Relation" oid="DFBAB855-F723-3C61-656E-4AB47AEF8A3D" source="9AA2642A-6C99-3C23-6122-AF66A1D23930" target="65117BA7-C4E2-FEF3-E391-E1C612C9BCF3" viewid_source="ECB66190-F568-0BFC-4C6B-87475E0A903A" viewid_target="27D52A54-28C3-5CAF-87CA-EC143C5AEBF7">
				<points>
					<point x_coordinate="708.0" y_coordinate="589.0" />
					<point x_coordinate="708.0" y_coordinate="451.0" />
				</points>
				<labels>
					<source x_coordinate="662.0" y_coordinate="569.0" width="46.0" height="20.0" use_default_color="false" background_color="-1" foreground_color="-16777216">
						<fonts>
							<font_object>
								<parameter name="fo_type" value="Text" />
								<parameter name="font_color" value="-16777216" />
								<parameter name="font_name" value="Dialog" />
								<parameter name="font_size" value="10" />
								<parameter name="font_style" value="0" />
							</font_object>
						</fonts>
					</source>
					<target x_coordinate="662.0" y_coordinate="481.0" width="31.0" height="20.0" use_default_color="false" background_color="-1" foreground_color="-16777216">
						<fonts>
							<font_object>
								<parameter name="fo_type" value="Text" />
								<parameter name="font_color" value="-16777216" />
								<parameter name="font_name" value="Dialog" />
								<parameter name="font_size" value="10" />
								<parameter name="font_style" value="0" />
							</font_object>
						</fonts>
					</target>
					<main_label x_coordinate="-1.0" y_coordinate="-1.0" width="-1.0" height="-1.0" />
				</labels>
				<graphical>
					<parameter name="use_default_color" value="false" />
					<parameter name="color" value="-16777216" />
					<parameter name="width" value="1" />
				</graphical>
			</objectid>
			<alter type="created">
				<user>meyoung</user>
				<timestamp>2010-02-25 08:59:27</timestamp>
			</alter>
			<alter type="changed">
				<user>meyoung</user>
				<timestamp>2010-02-25 11:00:40</timestamp>
			</alter>
		</main_display>
		<subordinate_displays />
	</sub_view>
</metadatadoc>