<?xml version="1.0" encoding="UTF-8" ?>
<metadatadoc version="2.0">
	<object type="Hierarchy relation" id="51CDA0CE-9AC9-8159-B587-BD4A0F9188D6" rep_oid="null" rep_ovid="null" is_checkedout="false" checkedout_by="" visible_in_main_view="false" use_default_color="false" background_color="-65536" foreground_color="null">
		<name>Hierarchy_1</name>
		<comment></comment>
		<notes></notes>
		<alter type="created">
			<user>meyoung</user>
			<timestamp>2010-02-25 11:01:13</timestamp>
		</alter>
		<alter type="changed">
			<user>meyoung</user>
			<timestamp>2010-02-25 11:01:13</timestamp>
		</alter>
		<properties>
			<parameter name="design.owner" value="demo15-2" />
			<parameter name="object.existsinrepository" value="true" />
			<parameter name="object.property.relation.connection.src.name" value="Super Type" />
			<parameter name="object.property.relation.connection.tgt.name" value="Sub Type" />
		</properties>
		<inheritance endpoint="source" entity="65117BA7-C4E2-FEF3-E391-E1C612C9BCF3" />
		<inheritance endpoint="target" entity="DDFC5F14-2355-3267-DF55-EA3D036EF53E" />
		<engineering>
			<relational_design id="CA0A5102-8613-A844-1FAA-2D7357BCA011" should="true" />
		</engineering>
		<des_obj_version version="1.0" />
		<documents />
		<parties />
		<changerequests />
		<measurements />
	</object>
</metadatadoc>